Date,Time_Slot,Room_ID,Building,Room_Capacity,Class_ID,Subject,Faculty_ID,Day,Total_Students,Class_Duration,Holiday,College_Event,Attendance_Percentage,Attendance_Count,Previous_Occupancy,Computer_Count,AC_Hours,Light_Hours,Fan_Hours,Energy_Consumption_kWh,Utilization_Percentage
2025-08-31,13-14,CR-20,Main Building,60,CLS-17,Python,FAC-24,Sunday,41,2.0,0,0,77.36,32,14,35,2.39,2.33,1.6,15.87,45.83
2025-08-15,13-14,CR-19,Main Building,30,CLS-13,Machine Learning,FAC-02,Friday,27,1.0,0,0,66.92,18,11,27,1.33,1.4,1.14,8.05,54.17
2025-06-26,14-15,CR-09,Science Building,40,CLS-30,Artificial Intelligence,FAC-06,Thursday,19,1.0,0,0,65.68,12,10,38,1.46,1.75,0.52,8.68,28.75
2025-11-10,10-11,CR-18,IT Building,40,CLS-47,DBMS,FAC-06,Monday,22,1.5,0,1,75.04,17,20,20,1.17,1.36,0.76,8.89,51.43
2025-12-16,08-09,CR-08,Main Building,30,CLS-03,Artificial Intelligence,FAC-13,Tuesday,14,1.0,0,1,85.19,12,26,10,0.42,0.94,0.71,5.39,54.94
2025-10-06,14-15,CR-15,Main Building,30,CLS-10,Web Development,FAC-05,Monday,13,2.0,0,1,71.59,9,12,23,1.41,1.98,0.35,10.59,38.01
2025-10-28,14-15,CR-12,IT Building,80,CLS-15,Data Science,FAC-17,Tuesday,47,1.0,0,0,85.05,40,31,40,0.46,0.6,1.44,7.65,47.19
2025-07-11,14-15,CR-20,Main Building,60,CLS-05,Computer Networks,FAC-13,Friday,50,1.5,0,0,87.58,44,44,0,1.02,0.74,1.12,7.92,73.33
2025-11-22,09-10,CR-18,IT Building,40,CLS-49,Web Development,FAC-25,Saturday,28,1.0,0,0,66.13,19,33,10,1.39,0.89,1.08,7.52,56.25
2025-09-25,08-09,CR-09,Science Building,40,CLS-33,Data Science,FAC-17,Thursday,37,1.0,1,0,83.04,31,38,38,0.18,0.48,0.39,0.81,13.07
2025-09-04,10-11,CR-18,IT Building,40,CLS-50,Software Engineering,FAC-30,Thursday,8,2.0,0,0,96.0,8,7,7,2.26,1.99,2.32,13.15,19.38
2025-09-01,12-13,CR-08,Main Building,30,CLS-04,DBMS,FAC-29,Monday,24,1.0,0,0,77.83,19,6,24,0.59,1.74,0.7,6.26,52.5
2025-10-15,10-11,CR-05,Main Building,80,CLS-43,Operating Systems,FAC-18,Wednesday,26,1.0,0,1,74.27,19,66,13,0.93,0.71,1.25,7.92,46.01
2025-12-11,11-12,CR-10,Main Building,80,CLS-26,Artificial Intelligence,FAC-15,Thursday,73,2.0,0,0,65.18,48,43,14,2.08,2.27,1.89,15.82,58.44
2025-06-17,13-14,CR-01,Main Building,30,CLS-38,Software Engineering,FAC-08,Tuesday,24,1.0,0,0,90.45,22,26,20,0.34,1.04,0.39,4.98,76.67
2025-06-16,11-12,CR-03,Main Building,40,CLS-03,Artificial Intelligence,FAC-03,Monday,24,1.0,0,0,75.92,18,19,34,0.33,0.97,0.66,5.96,45.62
2025-07-04,15-16,CR-08,Main Building,30,CLS-31,Computer Networks,FAC-07,Friday,9,1.0,1,0,89.08,8,15,13,0.64,0.44,0.24,1.21,7.26
2025-12-04,08-09,CR-04,Science Building,30,CLS-04,Computer Networks,FAC-24,Thursday,16,3.0,0,0,90.11,14,10,6,1.79,3.2,1.61,14.71,43.33
2025-10-16,15-16,CR-05,Main Building,80,CLS-28,Data Science,FAC-09,Thursday,45,1.0,0,0,82.25,37,24,3,0.78,0.54,0.38,6.51,42.19
2025-11-14,16-17,CR-01,Main Building,30,CLS-06,DBMS,FAC-06,Friday,19,1.5,0,0,75.37,14,16,28,1.14,2.32,0.69,8.98,48.33
2025-06-16,10-11,CR-13,IT Building,40,CLS-01,Computer Networks,FAC-09,Monday,37,3.0,0,0,78.54,29,33,35,2.33,1.3,0.46,15.6,75.0
2025-11-17,15-16,CR-05,Main Building,80,CLS-13,Web Development,FAC-07,Monday,19,2.0,1,1,95.68,18,19,20,0.81,0.32,0.44,2.08,6.92
2025-10-07,16-17,CR-06,IT Building,80,CLS-04,Software Engineering,FAC-03,Tuesday,70,1.0,0,1,91.52,64,20,15,0.48,1.84,0.92,8.53,70.67
2025-10-24,11-12,CR-19,Main Building,30,CLS-39,Python,FAC-20,Friday,8,1.5,1,1,72.52,6,22,16,0.43,0.41,0.43,1.19,6.64
2025-11-19,13-14,CR-08,Main Building,30,CLS-17,Computer Networks,FAC-05,Wednesday,27,2.0,0,0,65.23,18,14,29,1.4,1.54,0.75,10.18,56.67
2025-12-10,09-10,CR-01,Main Building,30,CLS-30,Statistics,FAC-19,Wednesday,9,1.0,0,0,96.12,9,20,8,0.65,1.28,1.13,5.32,39.17
2025-07-04,13-14,CR-03,Main Building,40,CLS-16,Artificial Intelligence,FAC-10,Friday,13,1.5,0,0,77.0,10,6,35,1.95,2.42,0.69,11.11,22.5
2025-08-16,09-10,CR-05,Main Building,80,CLS-17,Machine Learning,FAC-29,Saturday,22,2.0,0,0,74.4,16,46,18,0.33,2.02,1.38,9.24,29.38
2025-11-02,11-12,CR-11,Main Building,80,CLS-14,Web Development,FAC-17,Sunday,47,1.0,0,0,66.7,31,66,17,0.6,1.86,0.55,7.77,49.69
2025-06-12,08-09,CR-11,Main Building,80,CLS-50,Data Science,FAC-21,Thursday,32,1.0,1,0,97.53,31,66,35,0.24,0.34,0.38,1.22,5.11
2025-06-20,10-11,CR-18,IT Building,40,CLS-03,Artificial Intelligence,FAC-19,Friday,25,1.0,0,0,72.84,18,8,19,1.16,1.05,1.04,7.48,38.75
2025-09-02,08-09,CR-12,IT Building,80,CLS-14,DBMS,FAC-22,Tuesday,22,1.0,0,0,67.98,15,31,15,1.29,0.98,0.48,8.58,23.75
2025-07-12,10-11,CR-14,IT Building,80,CLS-02,Data Science,FAC-24,Saturday,75,1.0,0,0,66.35,50,46,10,0.99,1.52,0.27,8.07,61.25
2025-12-19,09-10,CR-13,IT Building,40,CLS-03,Operating Systems,FAC-08,Friday,14,3.0,0,0,86.29,12,25,14,0.73,2.92,1.31,11.52,38.12
2025-07-28,08-09,CR-07,Main Building,30,CLS-26,Artificial Intelligence,FAC-09,Monday,8,3.0,0,0,95.91,8,24,16,0.63,1.69,0.56,8.8,40.0
2025-09-11,16-17,CR-11,Main Building,80,CLS-02,Machine Learning,FAC-29,Thursday,32,1.0,0,0,91.97,29,16,6,0.94,1.29,0.55,7.11,32.19
2025-10-31,14-15,CR-12,IT Building,80,CLS-47,Artificial Intelligence,FAC-14,Friday,54,2.0,0,0,68.07,37,36,16,2.27,2.75,1.67,15.85,45.94
2025-06-12,14-15,CR-01,Main Building,30,CLS-34,Software Engineering,FAC-22,Thursday,27,1.0,0,0,88.96,24,6,30,1.37,1.83,1.22,8.37,65.0
2025-11-18,13-14,CR-20,Main Building,60,CLS-21,Machine Learning,FAC-24,Tuesday,31,2.0,0,0,86.19,27,29,25,0.44,0.9,2.27,9.05,45.83
2025-11-26,12-13,CR-18,IT Building,40,CLS-09,DBMS,FAC-14,Wednesday,29,1.5,1,0,65.17,19,25,25,0.16,0.27,0.35,1.05,13.55
2025-06-01,12-13,CR-10,Main Building,80,CLS-14,Computer Networks,FAC-26,Sunday,53,2.0,1,0,86.51,46,71,28,0.22,0.36,0.12,2.16,15.19
2025-07-25,16-17,CR-16,IT Building,60,CLS-48,Data Science,FAC-22,Friday,17,1.0,0,1,86.44,15,30,5,1.31,1.49,0.96,8.25,38.16
2025-12-10,11-12,CR-10,Main Building,80,CLS-15,DBMS,FAC-05,Wednesday,17,1.0,0,0,68.09,12,21,29,0.71,0.9,0.55,7.11,17.81
2025-09-15,11-12,CR-13,IT Building,40,CLS-32,Computer Networks,FAC-08,Monday,12,2.0,1,0,94.44,11,12,27,0.63,0.4,0.25,1.72,4.66
2025-12-23,16-17,CR-15,Main Building,30,CLS-04,Software Engineering,FAC-08,Tuesday,9,1.5,0,0,84.04,8,25,16,1.11,0.89,1.51,7.31,40.83
2025-10-22,13-14,CR-15,Main Building,30,CLS-40,Software Engineering,FAC-14,Wednesday,23,1.5,0,0,96.04,22,18,8,1.92,2.33,0.9,10.55,70.0
2025-12-10,11-12,CR-09,Science Building,40,CLS-50,Software Engineering,FAC-16,Wednesday,28,1.0,0,0,65.51,18,10,18,1.41,1.14,1.46,8.01,40.0
2025-07-31,12-13,CR-11,Main Building,80,CLS-21,Software Engineering,FAC-03,Thursday,24,1.0,0,0,93.09,22,31,13,0.65,0.75,0.95,6.31,30.31
2025-06-17,14-15,CR-14,IT Building,80,CLS-22,Software Engineering,FAC-15,Tuesday,42,1.0,0,0,95.89,40,61,37,1.12,1.36,0.37,9.04,56.56
2025-11-26,08-09,CR-19,Main Building,30,CLS-25,Operating Systems,FAC-01,Wednesday,17,1.0,0,0,93.95,16,21,23,1.18,1.55,1.13,7.29,57.5
2025-12-06,16-17,CR-20,Main Building,60,CLS-15,Operating Systems,FAC-08,Saturday,29,1.5,0,0,76.86,22,33,21,0.76,2.12,1.67,9.5,41.25
2025-11-19,14-15,CR-06,IT Building,80,CLS-30,Data Science,FAC-20,Wednesday,50,1.0,0,1,91.34,46,15,5,1.06,1.55,1.24,10.24,53.67
2025-07-05,15-16,CR-06,IT Building,80,CLS-04,Web Development,FAC-13,Saturday,36,1.0,0,0,94.37,34,55,24,0.67,1.06,0.37,7.11,49.06
2025-08-11,14-15,CR-09,Science Building,40,CLS-06,Operating Systems,FAC-01,Monday,31,2.0,0,0,80.36,25,20,4,1.47,1.22,1.58,10.09,59.38
2025-12-17,08-09,CR-01,Main Building,30,CLS-16,DBMS,FAC-27,Wednesday,6,2.0,0,0,66.01,4,8,15,0.33,2.56,1.06,7.51,16.67
2025-11-19,09-10,CR-19,Main Building,30,CLS-14,Operating Systems,FAC-23,Wednesday,14,3.0,0,0,90.41,13,23,19,0.84,2.68,0.48,10.45,51.67
2025-12-09,09-10,CR-06,IT Building,80,CLS-20,Machine Learning,FAC-19,Tuesday,17,1.0,0,0,66.71,11,62,12,0.91,1.31,1.05,7.1,29.69
2025-06-20,11-12,CR-04,Science Building,30,CLS-45,Web Development,FAC-28,Friday,27,2.0,0,1,91.24,25,5,11,0.86,1.6,0.43,8.49,71.86
2025-11-17,13-14,CR-03,Main Building,40,CLS-33,Artificial Intelligence,FAC-01,Monday,35,1.5,0,0,65.84,23,33,23,1.93,2.17,1.47,11.51,63.75
2025-11-10,15-16,CR-05,Main Building,80,CLS-28,Data Science,FAC-24,Monday,49,2.0,0,1,70.16,34,73,29,0.81,1.87,1.86,12.73,59.3
2025-12-05,12-13,CR-11,Main Building,80,CLS-16,Machine Learning,FAC-09,Friday,72,1.5,0,0,86.79,62,60,21,0.74,2.41,1.54,11.46,76.88
2025-06-08,15-16,CR-11,Main Building,80,CLS-12,Operating Systems,FAC-07,Sunday,38,3.0,0,0,78.85,30,47,38,0.93,1.75,2.33,15.35,42.81
2025-11-27,12-13,CR-18,IT Building,40,CLS-01,Software Engineering,FAC-07,Thursday,10,1.0,1,0,65.47,7,37,35,0.12,0.02,0.02,1.09,11.87
2025-11-24,15-16,CR-16,IT Building,60,CLS-29,Python,FAC-03,Monday,30,1.0,0,0,80.65,24,28,37,0.37,1.24,0.84,7.04,41.67
2025-09-03,15-16,CR-18,IT Building,40,CLS-34,Artificial Intelligence,FAC-14,Wednesday,31,2.0,0,0,70.72,22,35,17,1.23,1.5,1.64,10.19,63.13
2025-08-18,12-13,CR-08,Main Building,30,CLS-08,DBMS,FAC-11,Monday,9,2.0,0,0,77.36,7,10,6,1.66,1.76,2.18,10.9,25.83
2025-12-07,15-16,CR-09,Science Building,40,CLS-47,Statistics,FAC-25,Sunday,24,2.0,0,0,86.74,21,18,18,0.62,0.68,1.7,7.75,50.62
2025-07-29,13-14,CR-06,IT Building,80,CLS-20,Python,FAC-23,Tuesday,50,1.0,0,0,96.03,48,18,35,0.97,1.08,1.05,8.86,50.62
2025-08-14,10-11,CR-16,IT Building,60,CLS-07,Python,FAC-19,Thursday,30,1.5,0,0,80.12,24,30,11,1.2,2.38,0.93,9.89,42.5
2025-06-14,12-13,CR-16,IT Building,60,CLS-08,Machine Learning,FAC-13,Saturday,43,1.0,0,0,67.35,29,18,9,0.65,1.77,0.28,6.65,43.75
2025-12-25,12-13,CR-03,Main Building,40,CLS-16,Machine Learning,FAC-18,Thursday,32,1.5,0,1,91.88,29,20,33,0.74,0.74,1.47,8.77,71.16
2025-09-22,12-13,CR-19,Main Building,30,CLS-28,Web Development,FAC-19,Monday,25,1.0,0,0,89.26,22,28,6,1.25,0.92,0.47,6.45,78.33
2025-11-08,11-12,CR-09,Science Building,40,CLS-43,Machine Learning,FAC-06,Saturday,15,1.0,0,0,89.77,13,16,0,1.26,1.99,0.77,7.62,34.38
2025-09-13,15-16,CR-20,Main Building,60,CLS-31,Web Development,FAC-02,Saturday,26,1.0,1,0,76.25,20,53,29,0.93,0.43,0.21,1.53,5.71
2025-07-30,12-13,CR-19,Main Building,30,CLS-43,DBMS,FAC-14,Wednesday,9,2.0,0,0,89.78,8,12,26,1.95,0.76,2.28,11.94,30.0
2025-07-07,09-10,CR-02,Main Building,50,CLS-11,Web Development,FAC-20,Monday,46,1.0,0,0,75.56,35,36,19,1.37,1.08,0.26,7.98,70.5
2025-11-27,14-15,CR-09,Science Building,40,CLS-33,Software Engineering,FAC-16,Thursday,22,1.0,0,0,94.88,21,33,20,0.36,0.98,1.44,5.76,60.0
2025-11-02,12-13,CR-01,Main Building,30,CLS-06,DBMS,FAC-22,Sunday,24,2.0,0,0,85.85,21,22,1,1.26,1.23,0.99,8.61,70.83
2025-12-13,10-11,CR-16,IT Building,60,CLS-34,Operating Systems,FAC-30,Saturday,29,1.0,0,0,87.19,25,49,31,1.19,1.69,1.24,9.02,51.67
2025-06-24,15-16,CR-12,IT Building,80,CLS-27,Artificial Intelligence,FAC-11,Tuesday,58,1.0,0,0,66.9,39,64,31,0.94,1.16,1.36,8.92,56.56
2025-08-13,14-15,CR-18,IT Building,40,CLS-03,Operating Systems,FAC-03,Wednesday,18,1.0,0,0,76.58,14,31,32,0.4,0.71,1.2,5.61,45.62
2025-12-29,08-09,CR-18,IT Building,40,CLS-30,Computer Networks,FAC-02,Monday,14,2.0,0,1,67.78,9,37,40,1.83,0.68,2.1,13.13,44.65
2025-06-14,11-12,CR-09,Science Building,40,CLS-36,Data Science,FAC-30,Saturday,17,1.5,1,0,88.31,15,13,1,0.08,0.04,0.49,0.5,14.21
2025-11-03,11-12,CR-06,IT Building,80,CLS-20,Software Engineering,FAC-01,Monday,51,1.5,0,0,91.82,47,26,29,1.91,2.47,1.57,13.43,52.19
2025-07-01,10-11,CR-16,IT Building,60,CLS-46,Web Development,FAC-17,Tuesday,57,1.0,0,0,77.42,44,39,15,0.35,1.67,0.95,7.14,71.25
2025-09-25,16-17,CR-05,Main Building,80,CLS-25,DBMS,FAC-30,Thursday,54,2.0,1,0,68.67,37,20,17,0.49,0.01,0.23,1.83,13.58
2025-09-15,13-14,CR-17,Main Building,50,CLS-18,Python,FAC-10,Monday,29,3.0,0,1,66.86,19,38,9,0.58,0.91,2.04,10.68,52.18
2025-10-02,13-14,CR-11,Main Building,80,CLS-36,Software Engineering,FAC-13,Thursday,45,1.0,0,0,96.75,44,61,14,0.72,0.93,1.34,8.02,60.31
2025-12-16,14-15,CR-02,Main Building,50,CLS-21,Operating Systems,FAC-23,Tuesday,34,1.5,1,0,72.38,25,38,2,0.96,0.01,0.48,1.61,7.79
2025-10-30,13-14,CR-04,Science Building,30,CLS-29,Machine Learning,FAC-17,Thursday,20,1.0,1,0,67.44,13,17,27,0.55,0.48,0.26,1.25,13.83
2025-07-10,09-10,CR-16,IT Building,60,CLS-17,Artificial Intelligence,FAC-20,Thursday,56,1.5,1,0,85.77,48,30,34,0.7,0.23,0.31,2.13,15.52
2025-08-21,15-16,CR-18,IT Building,40,CLS-03,Statistics,FAC-03,Thursday,15,2.0,1,0,66.5,10,20,5,0.28,0.48,0.45,1.27,7.19
2025-06-26,09-10,CR-15,Main Building,30,CLS-11,Web Development,FAC-29,Thursday,6,1.0,0,0,80.04,5,13,11,1.03,0.92,0.49,5.21,23.33
2025-09-04,14-15,CR-05,Main Building,80,CLS-16,Software Engineering,FAC-14,Thursday,52,2.0,0,0,84.26,44,34,5,0.42,2.94,2.47,11.2,51.88
2025-11-04,14-15,CR-20,Main Building,60,CLS-44,DBMS,FAC-16,Tuesday,49,1.0,0,0,88.04,43,49,16,0.92,0.96,1.27,7.47,74.17
2025-09-26,12-13,CR-01,Main Building,30,CLS-30,Web Development,FAC-22,Friday,23,1.0,0,0,95.06,22,15,18,1.28,1.92,1.16,8.16,67.5
2025-08-16,14-15,CR-09,Science Building,40,CLS-30,Web Development,FAC-07,Saturday,20,3.0,0,0,85.24,17,21,24,1.4,3.76,2.63,16.89,45.0
2025-10-25,13-14,CR-19,Main Building,30,CLS-19,Web Development,FAC-01,Saturday,27,1.5,0,0,97.58,26,22,27,0.51,1.69,0.92,7.09,83.33
2025-11-23,08-09,CR-20,Main Building,60,CLS-48,Operating Systems,FAC-27,Sunday,30,3.0,0,1,97.01,29,31,14,2.57,3.43,1.54,20.75,54.99
2025-11-06,12-13,CR-05,Main Building,80,CLS-41,Machine Learning,FAC-29,Thursday,56,2.0,0,0,66.86,37,68,2,2.2,2.53,2.5,15.65,55.94
2025-10-27,13-14,CR-05,Main Building,80,CLS-06,Web Development,FAC-11,Monday,63,1.5,0,0,97.89,62,28,34,1.22,2.04,1.9,12.24,66.88
2025-09-02,16-17,CR-17,Main Building,50,CLS-18,Data Science,FAC-09,Tuesday,40,3.0,0,0,79.87,32,14,29,0.61,3.84,1.92,14.78,55.0
2025-06-20,10-11,CR-08,Main Building,30,CLS-44,Computer Networks,FAC-28,Friday,23,1.0,0,0,72.55,17,4,8,1.09,1.43,0.7,6.69,45.83
2025-10-16,09-10,CR-15,Main Building,30,CLS-24,Web Development,FAC-19,Thursday,18,3.0,1,0,82.17,15,7,21,0.77,0.26,0.43,1.75,7.37
2025-06-07,16-17,CR-11,Main Building,80,CLS-40,DBMS,FAC-21,Saturday,20,2.0,0,0,83.21,17,64,7,1.51,2.69,1.16,12.63,35.94
2025-07-06,08-09,CR-02,Main Building,50,CLS-20,Operating Systems,FAC-04,Sunday,16,1.0,0,0,88.23,14,31,29,0.52,0.7,0.27,5.96,36.5
2025-09-03,16-17,CR-14,IT Building,80,CLS-38,Data Science,FAC-29,Wednesday,42,2.0,0,0,76.57,32,64,17,1.58,1.48,1.23,12.37,50.0
2025-06-09,13-14,CR-07,Main Building,30,CLS-29,Operating Systems,FAC-08,Monday,17,1.0,1,0,81.96,14,21,28,0.78,0.2,0.31,1.5,20.65
2025-08-31,08-09,CR-13,IT Building,40,CLS-18,DBMS,FAC-04,Sunday,38,3.0,0,0,93.46,36,19,40,2.86,1.01,2.8,19.17,79.38
2025-10-31,08-09,CR-02,Main Building,50,CLS-22,DBMS,FAC-05,Friday,46,1.0,0,1,80.15,37,20,37,1.48,1.24,0.66,9.94,68.8
2025-07-30,13-14,CR-05,Main Building,80,CLS-39,Python,FAC-09,Wednesday,70,1.0,0,1,85.9,60,44,11,0.55,0.61,0.41,7.42,72.66
2025-06-07,10-11,CR-01,Main Building,30,CLS-23,DBMS,FAC-19,Saturday,16,1.0,0,0,71.0,11,5,4,0.68,1.85,0.84,5.62,31.67
2025-12-07,14-15,CR-17,Main Building,50,CLS-08,Machine Learning,FAC-16,Sunday,38,3.0,0,1,87.03,33,44,6,0.72,1.17,0.36,9.72,76.21
2025-07-27,08-09,CR-17,Main Building,50,CLS-20,Operating Systems,FAC-21,Sunday,11,1.0,0,0,70.84,8,34,6,0.36,0.68,0.83,4.49,29.0
2025-10-04,15-16,CR-03,Main Building,40,CLS-06,Artificial Intelligence,FAC-20,Saturday,12,1.0,0,0,71.81,9,26,24,0.71,1.26,1.11,6.32,33.12
2025-10-31,16-17,CR-10,Main Building,80,CLS-30,Software Engineering,FAC-20,Friday,43,1.0,1,0,93.83,40,39,27,0.92,0.03,0.14,1.82,11.7
2025-07-29,14-15,CR-11,Main Building,80,CLS-30,Computer Networks,FAC-14,Tuesday,62,1.0,0,0,91.6,57,52,16,1.19,0.78,0.51,8.36,69.69
2025-09-04,10-11,CR-16,IT Building,60,CLS-05,Machine Learning,FAC-27,Thursday,17,1.0,0,0,85.4,15,56,23,0.71,1.19,1.18,6.46,42.08
2025-12-25,10-11,CR-18,IT Building,40,CLS-04,Statistics,FAC-18,Thursday,25,1.0,1,0,66.21,17,32,22,0.25,0.36,0.45,1.9,18.78
2025-12-10,14-15,CR-02,Main Building,50,CLS-19,Statistics,FAC-10,Wednesday,32,1.0,0,1,68.54,22,20,9,0.81,1.3,0.55,7.29,48.94
2025-07-28,09-10,CR-12,IT Building,80,CLS-36,Artificial Intelligence,FAC-04,Monday,64,1.0,0,0,73.89,47,66,35,0.72,0.53,0.65,7.81,64.69
2025-12-14,16-17,CR-01,Main Building,30,CLS-39,Web Development,FAC-01,Sunday,11,1.0,1,0,68.95,8,14,11,0.89,0.3,0.34,0.96,3.22
2025-07-07,14-15,CR-03,Main Building,40,CLS-10,Python,FAC-03,Monday,31,2.0,0,0,91.04,28,32,29,1.37,0.72,1.46,10.68,72.5
2025-08-27,10-11,CR-12,IT Building,80,CLS-20,Artificial Intelligence,FAC-25,Wednesday,76,2.0,0,0,79.24,60,18,9,0.54,1.21,1.07,9.74,61.88
2025-07-11,08-09,CR-03,Main Building,40,CLS-18,Operating Systems,FAC-22,Friday,21,1.5,0,0,86.32,18,32,17,1.25,1.21,1.98,8.74,53.75
2025-07-26,16-17,CR-04,Science Building,30,CLS-23,Computer Networks,FAC-04,Saturday,15,2.0,1,1,68.36,10,19,16,0.15,0.12,0.08,1.24,5.32
2025-09-10,08-09,CR-01,Main Building,30,CLS-14,Web Development,FAC-07,Wednesday,10,3.0,0,0,71.16,7,14,3,1.03,1.11,2.72,10.54,29.17
2025-06-02,15-16,CR-14,IT Building,80,CLS-12,Data Science,FAC-13,Monday,50,2.0,0,1,78.54,39,57,4,2.46,0.78,1.15,14.6,58.76
2025-12-07,08-09,CR-14,IT Building,80,CLS-02,Operating Systems,FAC-30,Sunday,20,3.0,0,1,96.99,19,66,36,2.63,3.36,0.96,22.59,42.86
2025-11-11,14-15,CR-10,Main Building,80,CLS-08,Computer Networks,FAC-01,Tuesday,36,1.0,0,0,95.67,34,58,5,0.95,1.36,0.6,7.32,50.0
2025-09-20,09-10,CR-08,Main Building,30,CLS-28,Statistics,FAC-13,Saturday,22,1.0,0,0,90.39,20,27,10,0.48,0.99,0.78,4.61,72.5
2025-07-27,13-14,CR-06,IT Building,80,CLS-05,Software Engineering,FAC-21,Sunday,23,2.0,0,0,68.79,16,56,22,1.62,1.22,1.56,12.34,32.5
2025-12-04,10-11,CR-08,Main Building,30,CLS-07,Data Science,FAC-09,Thursday,12,1.0,0,0,70.09,8,28,24,0.85,1.3,0.31,5.89,43.33
2025-11-15,09-10,CR-06,IT Building,80,CLS-50,Operating Systems,FAC-15,Saturday,64,2.0,0,0,67.09,43,53,40,2.48,1.31,2.07,16.78,56.88
2025-08-20,10-11,CR-15,Main Building,30,CLS-05,Operating Systems,FAC-15,Wednesday,26,1.0,0,1,73.4,19,5,11,1.1,1.64,0.99,7.08,56.71
2025-08-19,15-16,CR-15,Main Building,30,CLS-03,Python,FAC-12,Tuesday,15,1.0,1,0,76.51,11,23,19,0.93,0.42,0.48,1.19,11.77
2025-09-27,16-17,CR-02,Main Building,50,CLS-29,Statistics,FAC-21,Saturday,22,1.0,0,0,69.1,15,39,9,1.16,1.91,0.48,7.55,42.0
2025-06-16,15-16,CR-04,Science Building,30,CLS-22,Machine Learning,FAC-17,Monday,26,1.0,0,0,83.96,22,26,14,1.3,0.71,1.24,7.04,76.67
2025-09-21,16-17,CR-17,Main Building,50,CLS-40,Data Science,FAC-12,Sunday,33,1.0,0,0,71.65,24,28,38,0.45,0.75,1.27,6.8,50.0
2025-06-14,13-14,CR-03,Main Building,40,CLS-22,Machine Learning,FAC-18,Saturday,29,1.5,0,0,76.84,22,15,21,1.79,1.28,1.68,11.12,50.63
2025-06-21,10-11,CR-12,IT Building,80,CLS-20,Computer Networks,FAC-05,Saturday,54,2.0,0,0,79.49,43,60,21,1.1,1.66,0.93,11.52,59.06
2025-12-26,10-11,CR-17,Main Building,50,CLS-06,Computer Networks,FAC-17,Friday,33,1.0,0,0,72.66,24,18,13,1.37,1.08,0.93,8.35,45.0
2025-08-27,15-16,CR-07,Main Building,30,CLS-15,Data Science,FAC-05,Wednesday,8,1.0,0,1,94.91,8,28,17,1.03,0.68,1.42,6.49,50.34
2025-10-13,08-09,CR-11,Main Building,80,CLS-50,Statistics,FAC-05,Monday,54,1.5,0,0,69.6,38,35,39,1.64,1.74,1.18,12.94,46.56
2025-12-25,10-11,CR-15,Main Building,30,CLS-03,Computer Networks,FAC-12,Thursday,27,2.0,0,0,94.5,26,23,9,2.02,0.88,0.95,10.79,84.17
2025-12-10,15-16,CR-08,Main Building,30,CLS-35,DBMS,FAC-10,Wednesday,21,3.0,0,0,66.11,14,25,30,1.82,3.17,2.66,17.06,55.83
2025-10-25,15-16,CR-15,Main Building,30,CLS-50,Web Development,FAC-25,Saturday,18,2.0,0,0,76.29,14,9,26,2.1,0.78,2.15,12.08,42.5
2025-07-22,10-11,CR-09,Science Building,40,CLS-04,Operating Systems,FAC-28,Tuesday,19,2.0,0,1,91.31,17,13,18,0.59,1.07,1.88,8.47,42.5
2025-07-12,12-13,CR-15,Main Building,30,CLS-33,Data Science,FAC-27,Saturday,19,1.0,0,0,88.76,17,15,29,1.05,1.54,0.93,7.21,55.0
2025-06-07,14-15,CR-02,Main Building,50,CLS-26,Software Engineering,FAC-12,Saturday,25,1.5,0,0,70.99,18,21,1,1.84,1.67,0.95,9.69,37.5
2025-08-21,09-10,CR-11,Main Building,80,CLS-10,Data Science,FAC-02,Thursday,34,3.0,0,0,80.25,27,72,28,2.86,1.04,1.86,20.16,47.81
2025-11-05,08-09,CR-03,Main Building,40,CLS-02,Web Development,FAC-07,Wednesday,34,1.0,0,1,65.6,22,33,7,1.34,1.9,0.96,8.78,68.53
2025-07-31,12-13,CR-04,Science Building,30,CLS-04,DBMS,FAC-14,Thursday,26,3.0,0,0,87.99,23,6,3,2.79,2.98,0.67,17.64,62.5
2025-10-06,16-17,CR-01,Main Building,30,CLS-41,Software Engineering,FAC-19,Monday,13,2.0,0,0,79.0,10,17,0,1.91,2.84,2.33,12.91,39.17
2025-11-05,13-14,CR-08,Main Building,30,CLS-37,Computer Networks,FAC-06,Wednesday,27,2.0,0,1,79.88,22,15,2,0.5,2.96,2.14,9.81,75.22
2025-10-18,16-17,CR-17,Main Building,50,CLS-36,Python,FAC-13,Saturday,40,1.0,1,0,84.51,34,30,16,0.4,0.03,0.17,1.46,21.4
2025-08-31,09-10,CR-12,IT Building,80,CLS-16,Machine Learning,FAC-25,Sunday,53,2.0,0,0,91.49,48,17,22,0.26,1.33,1.15,9.27,50.31
2025-10-18,13-14,CR-06,IT Building,80,CLS-50,Operating Systems,FAC-23,Saturday,46,2.0,0,0,76.43,35,20,29,1.03,2.34,1.27,12.45,39.06
2025-06-10,12-13,CR-07,Main Building,30,CLS-03,DBMS,FAC-29,Tuesday,7,1.0,0,1,72.41,5,16,26,0.82,0.71,0.47,5.42,31.09
2025-08-04,08-09,CR-07,Main Building,30,CLS-19,Artificial Intelligence,FAC-28,Monday,7,3.0,1,0,95.19,7,12,3,0.36,0.29,0.32,1.26,9.34
2025-09-20,14-15,CR-15,Main Building,30,CLS-25,Artificial Intelligence,FAC-06,Saturday,21,2.0,0,0,65.43,14,20,8,1.74,0.95,2.41,10.74,51.67
2025-12-23,09-10,CR-14,IT Building,80,CLS-06,Computer Networks,FAC-20,Tuesday,68,1.0,0,0,67.82,46,53,6,1.5,1.25,0.99,9.25,59.69
2025-06-21,13-14,CR-10,Main Building,80,CLS-20,Operating Systems,FAC-20,Saturday,61,1.5,0,0,67.21,41,56,28,1.56,0.92,1.82,11.71,55.94
2025-06-11,13-14,CR-20,Main Building,60,CLS-28,Web Development,FAC-21,Wednesday,15,1.0,1,0,66.21,10,32,32,0.47,0.28,0.03,1.2,8.79
2025-11-21,10-11,CR-01,Main Building,30,CLS-10,Statistics,FAC-22,Friday,20,1.0,0,0,90.59,18,11,24,0.82,1.29,0.8,6.78,54.17
2025-11-13,13-14,CR-12,IT Building,80,CLS-25,Statistics,FAC-02,Thursday,54,1.0,1,0,70.12,38,59,23,0.18,0.43,0.47,0.98,12.61
2025-06-20,10-11,CR-17,Main Building,50,CLS-24,Computer Networks,FAC-11,Friday,27,1.0,0,0,77.32,21,18,31,0.59,1.47,0.76,7.18,40.5
2025-10-11,14-15,CR-18,IT Building,40,CLS-08,Web Development,FAC-25,Saturday,16,2.0,0,0,65.89,11,24,31,0.75,1.08,1.76,9.25,35.62
2025-07-22,09-10,CR-05,Main Building,80,CLS-05,Operating Systems,FAC-06,Tuesday,73,2.0,0,0,65.65,48,52,22,0.48,2.5,0.65,10.61,61.25
2025-11-29,09-10,CR-18,IT Building,40,CLS-35,Web Development,FAC-29,Saturday,17,3.0,0,0,68.28,12,29,32,0.92,3.03,2.6,14.63,40.62
2025-07-28,09-10,CR-07,Main Building,30,CLS-09,DBMS,FAC-26,Monday,21,1.0,0,1,92.4,19,22,11,0.75,1.5,0.51,6.49,70.64
2025-10-20,10-11,CR-20,Main Building,60,CLS-06,Machine Learning,FAC-10,Monday,37,2.0,1,0,65.43,24,42,26,0.09,0.1,0.01,1.35,15.71
2025-12-28,09-10,CR-05,Main Building,80,CLS-21,Machine Learning,FAC-15,Sunday,45,2.0,0,0,70.99,32,28,35,1.56,1.55,2.26,13.95,38.75
2025-11-11,10-11,CR-05,Main Building,80,CLS-28,Software Engineering,FAC-30,Tuesday,71,1.0,0,1,73.56,52,31,19,0.72,1.39,0.59,9.11,61.43
2025-08-22,11-12,CR-12,IT Building,80,CLS-34,Web Development,FAC-28,Friday,21,1.0,0,1,85.6,18,47,8,0.76,1.33,0.8,7.69,37.31
2025-11-05,16-17,CR-03,Main Building,40,CLS-33,Data Science,FAC-19,Wednesday,38,2.0,0,0,90.2,34,27,36,0.57,2.67,1.35,10.41,80.62
2025-06-11,08-09,CR-03,Main Building,40,CLS-03,Statistics,FAC-09,Wednesday,28,1.0,0,0,94.52,26,7,31,1.25,1.14,0.28,7.7,53.12
2025-11-08,16-17,CR-10,Main Building,80,CLS-42,Web Development,FAC-16,Saturday,31,3.0,1,0,85.9,27,50,29,0.26,0.07,0.42,1.69,4.99
2025-06-16,10-11,CR-15,Main Building,30,CLS-27,Operating Systems,FAC-15,Monday,12,1.0,0,0,97.49,12,14,27,0.91,0.76,0.59,6.12,41.67
2025-12-01,13-14,CR-12,IT Building,80,CLS-26,Data Science,FAC-25,Monday,39,2.0,0,0,74.04,29,52,15,1.5,2.13,2.12,13.13,43.44
2025-09-28,09-10,CR-09,Science Building,40,CLS-29,DBMS,FAC-05,Sunday,11,1.0,0,0,71.81,8,32,15,0.26,0.71,1.38,4.96,35.0
2025-07-11,13-14,CR-19,Main Building,30,CLS-47,Artificial Intelligence,FAC-07,Friday,11,1.5,0,0,84.82,9,19,28,1.41,0.85,1.85,9.27,38.33
2025-08-18,15-16,CR-01,Main Building,30,CLS-06,Computer Networks,FAC-17,Monday,20,1.0,0,1,78.82,16,15,1,0.73,1.28,0.31,5.7,54.8
2025-10-05,15-16,CR-10,Main Building,80,CLS-35,Python,FAC-28,Sunday,22,1.5,0,0,67.73,15,58,25,1.31,0.99,0.93,9.61,32.19
2025-09-02,08-09,CR-13,IT Building,40,CLS-04,Statistics,FAC-18,Tuesday,14,1.0,0,0,74.53,10,10,24,0.69,1.58,0.62,6.21,25.0
2025-10-08,15-16,CR-18,IT Building,40,CLS-18,Statistics,FAC-22,Wednesday,27,1.0,0,0,86.9,23,31,23,1.42,1.6,0.52,8.87,62.5
2025-12-21,13-14,CR-18,IT Building,40,CLS-24,Data Science,FAC-07,Sunday,27,2.0,0,1,66.03,18,8,2,0.84,1.99,0.37,9.3,40.98
2025-11-30,13-14,CR-16,IT Building,60,CLS-34,Operating Systems,FAC-05,Sunday,50,2.0,0,0,76.03,38,48,20,1.98,0.77,0.42,11.88,67.5
2025-07-12,14-15,CR-20,Main Building,60,CLS-48,Web Development,FAC-19,Saturday,33,2.0,0,1,89.03,29,40,36,1.36,2.22,1.23,13.76,56.72
2025-12-26,08-09,CR-12,IT Building,80,CLS-22,Machine Learning,FAC-14,Friday,53,1.0,1,0,91.38,48,72,16,0.69,0.14,0.3,1.49,26.33
2025-12-18,11-12,CR-02,Main Building,50,CLS-38,Operating Systems,FAC-06,Thursday,43,2.0,1,1,76.91,33,31,9,0.09,0.46,0.07,1.38,12.42
2025-10-25,09-10,CR-07,Main Building,30,CLS-02,Operating Systems,FAC-11,Saturday,19,1.0,0,0,71.11,14,17,16,0.93,1.81,1.17,7.2,49.17
2025-12-16,15-16,CR-02,Main Building,50,CLS-46,Data Science,FAC-17,Tuesday,23,2.0,0,0,91.62,21,40,24,1.73,2.23,2.16,13.22,51.5
2025-08-20,10-11,CR-15,Main Building,30,CLS-35,Artificial Intelligence,FAC-18,Wednesday,17,2.0,1,0,72.3,12,23,15,0.99,0.47,0.02,1.26,7.75
2025-08-03,12-13,CR-18,IT Building,40,CLS-20,DBMS,FAC-10,Sunday,32,1.0,1,0,88.28,28,37,20,0.93,0.09,0.28,1.17,18.45
2025-10-22,12-13,CR-10,Main Building,80,CLS-08,Statistics,FAC-22,Wednesday,50,1.5,0,0,95.51,48,30,18,1.95,2.39,1.08,13.29,54.38
2025-06-11,12-13,CR-03,Main Building,40,CLS-23,Operating Systems,FAC-21,Wednesday,16,2.0,0,0,93.45,15,18,34,2.15,1.3,2.12,13.42,39.38
2025-08-09,16-17,CR-09,Science Building,40,CLS-09,Machine Learning,FAC-20,Saturday,31,2.0,0,0,72.59,23,9,33,0.52,0.69,1.82,8.26,48.75
2025-07-28,11-12,CR-02,Main Building,50,CLS-07,Computer Networks,FAC-11,Monday,40,1.0,1,0,76.22,30,7,35,0.72,0.03,0.16,1.89,19.08
2025-07-11,14-15,CR-16,IT Building,60,CLS-31,DBMS,FAC-25,Friday,30,1.0,0,0,75.52,23,14,36,1.03,1.83,1.02,8.89,34.58
2025-07-30,16-17,CR-02,Main Building,50,CLS-12,Computer Networks,FAC-29,Wednesday,21,1.0,0,0,72.69,15,18,18,0.28,1.81,0.28,5.71,31.5
2025-06-10,08-09,CR-10,Main Building,80,CLS-37,Statistics,FAC-04,Tuesday,75,1.0,0,0,95.99,72,75,8,1.25,2.0,0.69,9.86,90.94
2025-10-08,15-16,CR-09,Science Building,40,CLS-13,Machine Learning,FAC-11,Wednesday,13,2.0,0,0,90.32,12,17,0,1.15,1.7,1.66,9.04,33.12
2025-12-06,13-14,CR-10,Main Building,80,CLS-37,DBMS,FAC-06,Saturday,55,3.0,1,0,78.9,43,66,32,0.74,0.12,0.06,3.01,12.09
2025-09-11,09-10,CR-06,IT Building,80,CLS-09,Operating Systems,FAC-11,Thursday,75,1.0,0,0,76.7,58,61,15,0.61,0.94,0.54,7.48,73.44
2025-09-23,12-13,CR-11,Main Building,80,CLS-20,Statistics,FAC-24,Tuesday,52,1.0,0,0,77.68,40,42,3,1.1,0.83,1.44,8.25,50.62
2025-11-18,09-10,CR-15,Main Building,30,CLS-20,Data Science,FAC-13,Tuesday,27,2.0,1,0,90.95,25,26,3,0.09,0.21,0.44,0.98,24.54
2025-08-15,13-14,CR-20,Main Building,60,CLS-15,DBMS,FAC-05,Friday,42,1.0,0,1,85.24,36,32,26,0.46,1.99,0.54,8.05,64.54
2025-09-29,16-17,CR-07,Main Building,30,CLS-49,DBMS,FAC-22,Monday,25,3.0,0,1,96.11,24,18,16,2.04,2.63,1.66,16.93,81.22
2025-06-20,09-10,CR-02,Main Building,50,CLS-36,Software Engineering,FAC-07,Friday,46,2.0,0,0,72.28,33,27,33,0.67,2.45,1.04,10.48,63.0
2025-09-22,09-10,CR-07,Main Building,30,CLS-46,Statistics,FAC-16,Monday,8,2.0,0,0,66.91,5,18,4,2.43,2.71,2.34,14.3,27.5
2025-10-10,14-15,CR-15,Main Building,30,CLS-37,Python,FAC-18,Friday,20,2.0,0,0,87.97,18,16,8,0.6,2.54,0.75,7.85,58.33
2025-12-27,08-09,CR-07,Main Building,30,CLS-38,Machine Learning,FAC-02,Saturday,19,1.0,1,0,72.39,14,21,1,0.54,0.3,0.29,0.83,19.97
2025-06-18,15-16,CR-02,Main Building,50,CLS-19,Computer Networks,FAC-06,Wednesday,18,3.0,1,0,94.33,17,30,24,0.96,0.43,0.4,2.27,9.5
2025-09-05,14-15,CR-03,Main Building,40,CLS-44,Software Engineering,FAC-05,Friday,28,3.0,0,0,86.62,24,17,34,1.76,0.8,1.37,13.5,55.62
2025-09-09,16-17,CR-05,Main Building,80,CLS-47,DBMS,FAC-27,Tuesday,16,3.0,0,0,88.87,14,71,34,1.61,0.78,0.86,13.86,35.31
2025-09-17,16-17,CR-13,IT Building,40,CLS-15,DBMS,FAC-15,Wednesday,19,1.0,0,0,87.55,17,13,2,0.35,1.78,0.87,5.96,40.0
2025-12-25,14-15,CR-20,Main Building,60,CLS-50,Python,FAC-08,Thursday,25,1.0,0,1,92.21,23,11,28,0.68,1.52,0.96,7.88,38.92
2025-11-28,08-09,CR-08,Main Building,30,CLS-48,Python,FAC-13,Friday,20,1.0,0,0,73.81,15,28,27,1.35,1.7,1.07,8.43,60.83
2025-12-16,08-09,CR-05,Main Building,80,CLS-33,Web Development,FAC-08,Tuesday,68,2.0,0,0,88.02,60,53,15,1.78,2.05,1.94,14.71,72.81
2025-08-17,10-11,CR-17,Main Building,50,CLS-15,Computer Networks,FAC-10,Sunday,27,1.0,0,1,70.23,19,18,40,1.35,1.81,0.29,9.6,43.57
2025-10-21,15-16,CR-02,Main Building,50,CLS-23,Computer Networks,FAC-26,Tuesday,43,1.0,1,0,76.06,33,33,9,0.74,0.08,0.41,1.41,12.54
2025-07-18,16-17,CR-16,IT Building,60,CLS-16,DBMS,FAC-10,Friday,57,1.0,0,0,92.46,53,44,26,0.88,0.51,0.61,7.39,84.58
2025-09-15,16-17,CR-17,Main Building,50,CLS-09,Computer Networks,FAC-08,Monday,26,1.0,0,0,85.85,22,35,23,0.57,1.45,0.92,6.7,50.5
2025-06-24,16-17,CR-07,Main Building,30,CLS-04,Web Development,FAC-13,Tuesday,27,2.0,0,0,90.73,24,6,6,0.49,2.4,1.47,8.13,65.0
2025-12-23,16-17,CR-07,Main Building,30,CLS-31,DBMS,FAC-28,Tuesday,16,1.0,0,0,85.88,14,10,30,1.42,0.65,1.42,7.85,43.33
2025-12-07,09-10,CR-16,IT Building,60,CLS-16,Statistics,FAC-23,Sunday,25,1.5,0,1,87.7,22,29,18,0.37,1.1,1.49,7.77,43.87
2025-10-15,13-14,CR-10,Main Building,80,CLS-17,Artificial Intelligence,FAC-17,Wednesday,72,1.5,0,0,76.41,55,72,20,1.34,0.59,1.78,10.72,74.06
2025-07-23,13-14,CR-11,Main Building,80,CLS-27,Python,FAC-19,Wednesday,71,1.0,1,0,97.13,69,14,16,0.97,0.37,0.07,2.27,18.37
2025-10-28,14-15,CR-10,Main Building,80,CLS-10,DBMS,FAC-11,Tuesday,30,1.5,0,0,87.55,26,75,35,1.03,1.05,1.99,10.41,47.81
2025-11-15,13-14,CR-09,Science Building,40,CLS-49,Operating Systems,FAC-24,Saturday,28,2.0,0,0,79.06,22,16,22,1.27,0.91,2.04,10.02,51.25
2025-07-14,10-11,CR-18,IT Building,40,CLS-32,Data Science,FAC-30,Monday,36,2.0,1,0,67.72,24,8,4,0.68,0.33,0.14,1.69,19.18
2025-11-19,08-09,CR-01,Main Building,30,CLS-27,Data Science,FAC-27,Wednesday,26,1.0,0,0,96.38,25,4,6,0.44,1.15,1.43,5.84,65.83
2025-10-08,15-16,CR-12,IT Building,80,CLS-04,Statistics,FAC-21,Wednesday,58,2.0,0,0,78.12,45,14,0,0.87,2.96,1.17,11.27,46.56
2025-10-15,16-17,CR-14,IT Building,80,CLS-01,Python,FAC-17,Wednesday,62,1.0,0,0,94.51,59,14,32,0.54,0.82,0.29,7.14,59.69
2025-12-26,14-15,CR-06,IT Building,80,CLS-07,Machine Learning,FAC-17,Friday,25,1.0,0,1,93.52,23,44,22,0.84,1.95,0.48,9.13,38.92
2025-09-10,09-10,CR-12,IT Building,80,CLS-26,Operating Systems,FAC-19,Wednesday,31,2.0,0,0,93.66,29,22,2,2.0,2.43,2.15,14.49,34.06
2025-06-24,14-15,CR-13,IT Building,40,CLS-25,Software Engineering,FAC-16,Tuesday,9,2.0,0,0,69.33,6,11,31,0.32,2.8,1.64,9.55,18.12
2025-09-20,13-14,CR-19,Main Building,30,CLS-07,Software Engineering,FAC-30,Saturday,7,1.0,0,1,91.29,6,19,8,0.85,0.68,0.41,5.25,33.11
2025-06-20,12-13,CR-18,IT Building,40,CLS-37,Python,FAC-06,Friday,37,3.0,0,0,71.62,26,19,37,1.6,0.72,1.85,14.5,60.62
2025-07-07,14-15,CR-03,Main Building,40,CLS-20,Data Science,FAC-19,Monday,15,2.0,0,1,73.88,11,27,24,2.04,1.28,1.27,12.83,44.03
2025-07-06,09-10,CR-17,Main Building,50,CLS-48,Artificial Intelligence,FAC-02,Sunday,16,1.5,0,0,84.8,14,28,38,0.76,1.89,1.76,8.74,35.0
2025-12-14,14-15,CR-11,Main Building,80,CLS-02,Web Development,FAC-26,Sunday,44,1.5,0,0,90.74,40,60,27,0.32,1.46,0.43,7.95,56.25
2025-07-18,14-15,CR-03,Main Building,40,CLS-50,Statistics,FAC-10,Friday,33,1.0,1,0,85.4,28,11,17,0.7,0.28,0.0,1.0,8.68
2025-11-30,10-11,CR-13,IT Building,40,CLS-21,Artificial Intelligence,FAC-04,Sunday,10,1.0,0,0,75.77,8,29,17,0.9,0.63,0.69,5.62,33.12
2025-06-27,10-11,CR-03,Main Building,40,CLS-12,Computer Networks,FAC-15,Friday,25,2.0,0,0,83.73,21,12,1,1.8,2.5,0.7,11.26,46.88
2025-06-23,13-14,CR-18,IT Building,40,CLS-06,Statistics,FAC-20,Monday,33,1.0,0,0,70.53,23,24,26,0.38,1.45,1.13,6.39,58.12
2025-09-08,09-10,CR-18,IT Building,40,CLS-16,Statistics,FAC-17,Monday,13,2.0,0,0,88.4,11,14,17,2.21,2.29,2.05,13.53,29.38
2025-08-17,12-13,CR-16,IT Building,60,CLS-10,Machine Learning,FAC-06,Sunday,39,1.0,0,0,76.2,30,39,4,1.27,0.62,1.37,7.98,53.75
2025-09-01,12-13,CR-08,Main Building,30,CLS-47,Operating Systems,FAC-20,Monday,25,1.0,0,0,79.93,20,8,9,1.05,1.29,1.16,6.8,56.67
2025-06-02,14-15,CR-11,Main Building,80,CLS-40,Computer Networks,FAC-26,Monday,71,1.0,0,0,67.69,48,67,38,0.33,0.87,0.45,7.42,65.94
2025-07-05,12-13,CR-11,Main Building,80,CLS-39,DBMS,FAC-16,Saturday,36,1.0,0,0,97.2,35,49,40,0.67,0.77,1.24,8.19,48.12
2025-10-04,11-12,CR-11,Main Building,80,CLS-25,Web Development,FAC-27,Saturday,66,1.5,0,0,86.74,57,37,37,1.12,1.61,1.51,11.64,65.0
2025-10-18,10-11,CR-18,IT Building,40,CLS-02,Operating Systems,FAC-23,Saturday,14,1.5,0,0,71.58,10,32,31,1.44,0.64,0.3,8.35,38.75
2025-07-06,12-13,CR-08,Main Building,30,CLS-17,Data Science,FAC-23,Sunday,19,3.0,0,0,73.5,14,18,19,1.52,3.54,2.25,15.6,50.0
2025-10-01,14-15,CR-18,IT Building,40,CLS-33,Computer Networks,FAC-18,Wednesday,9,3.0,0,1,76.42,7,11,6,1.27,3.96,0.36,14.57,26.61
2025-11-16,13-14,CR-06,IT Building,80,CLS-42,Statistics,FAC-02,Sunday,52,2.0,1,0,93.61,49,54,27,0.58,0.22,0.36,2.38,8.28
2025-06-26,12-13,CR-08,Main Building,30,CLS-33,Software Engineering,FAC-18,Thursday,24,2.0,0,0,94.72,23,18,11,1.2,1.19,1.58,9.12,72.5
2025-09-09,15-16,CR-19,Main Building,30,CLS-45,Software Engineering,FAC-05,Tuesday,17,1.0,0,0,95.11,16,13,13,0.51,1.43,1.04,5.44,50.83
2025-06-22,09-10,CR-05,Main Building,80,CLS-23,Web Development,FAC-11,Sunday,45,3.0,0,1,88.62,40,73,22,2.75,1.13,0.9,19.98,65.17
2025-09-21,15-16,CR-11,Main Building,80,CLS-05,Web Development,FAC-02,Sunday,67,2.0,0,0,97.06,65,55,6,0.66,2.64,1.36,11.38,78.12
2025-11-21,10-11,CR-08,Main Building,30,CLS-34,Data Science,FAC-18,Friday,11,1.0,0,0,79.7,9,18,7,0.89,1.04,0.99,5.68,37.5
2025-12-22,14-15,CR-06,IT Building,80,CLS-12,Computer Networks,FAC-13,Monday,17,2.0,0,0,70.4,12,69,37,1.13,2.92,0.83,12.33,32.81
2025-09-18,14-15,CR-01,Main Building,30,CLS-46,DBMS,FAC-07,Thursday,14,3.0,1,0,90.52,13,22,3,0.13,0.48,0.23,1.46,17.28
2025-10-16,10-11,CR-12,IT Building,80,CLS-21,DBMS,FAC-15,Thursday,23,1.0,1,0,72.79,17,52,38,0.07,0.08,0.26,1.58,6.97
2025-09-09,09-10,CR-12,IT Building,80,CLS-23,Operating Systems,FAC-20,Tuesday,27,3.0,1,0,79.22,21,22,8,0.25,0.31,0.35,1.74,5.15
2025-08-01,12-13,CR-04,Science Building,30,CLS-12,Artificial Intelligence,FAC-23,Friday,10,2.0,0,0,70.51,7,23,4,0.63,0.59,1.91,6.51,36.67
2025-10-26,14-15,CR-14,IT Building,80,CLS-12,Operating Systems,FAC-21,Sunday,50,2.0,1,0,92.86,46,33,31,0.81,0.29,0.43,2.85,9.97
2025-07-18,13-14,CR-15,Main Building,30,CLS-40,Python,FAC-28,Friday,17,1.0,0,0,71.79,12,10,26,0.39,0.9,0.32,5.12,38.33
2025-09-07,16-17,CR-17,Main Building,50,CLS-42,Operating Systems,FAC-14,Sunday,41,1.5,1,0,66.3,27,38,10,0.12,0.23,0.47,1.21,7.43
2025-06-08,11-12,CR-10,Main Building,80,CLS-03,Web Development,FAC-08,Sunday,50,1.0,0,0,75.43,38,75,35,0.88,0.56,0.44,8.2,59.06
2025-10-09,09-10,CR-19,Main Building,30,CLS-08,Web Development,FAC-25,Thursday,23,3.0,0,1,80.01,18,28,1,1.67,2.21,2.08,14.81,74.89
2025-09-21,16-17,CR-07,Main Building,30,CLS-28,Machine Learning,FAC-24,Sunday,26,3.0,0,0,69.61,18,5,14,0.33,1.58,2.19,9.47,49.17
2025-08-07,13-14,CR-03,Main Building,40,CLS-29,Machine Learning,FAC-25,Thursday,33,1.0,0,1,97.01,32,28,39,0.37,1.51,0.8,6.93,83.3
2025-07-13,10-11,CR-07,Main Building,30,CLS-14,Python,FAC-19,Sunday,17,2.0,0,1,93.65,16,21,5,0.65,2.23,2.14,9.39,61.44
2025-11-28,12-13,CR-10,Main Building,80,CLS-37,Web Development,FAC-28,Friday,48,2.0,0,0,81.41,39,64,3,1.64,2.67,1.53,13.63,56.56
2025-08-10,10-11,CR-05,Main Building,80,CLS-16,Data Science,FAC-23,Sunday,36,3.0,0,0,66.0,24,74,9,2.81,2.91,2.11,21.07,45.62
2025-10-26,12-13,CR-14,IT Building,80,CLS-25,Operating Systems,FAC-03,Sunday,56,3.0,0,0,78.0,44,47,23,2.04,0.87,2.06,16.86,55.94
2025-09-25,15-16,CR-11,Main Building,80,CLS-38,Python,FAC-28,Thursday,65,3.0,1,0,97.98,64,70,40,0.05,0.49,0.2,2.48,24.5
2025-08-31,09-10,CR-18,IT Building,40,CLS-26,DBMS,FAC-14,Sunday,34,1.0,0,0,83.71,28,26,18,1.17,1.82,0.76,8.03,68.75
2025-08-26,16-17,CR-19,Main Building,30,CLS-09,Statistics,FAC-28,Tuesday,21,3.0,0,0,75.79,16,5,3,2.09,3.33,2.35,16.58,44.17
2025-11-08,15-16,CR-01,Main Building,30,CLS-08,Data Science,FAC-15,Saturday,20,1.0,0,0,91.99,18,26,29,0.4,1.32,0.26,5.76,66.67
2025-07-04,12-13,CR-06,IT Building,80,CLS-18,Machine Learning,FAC-21,Friday,39,1.0,0,0,75.71,30,33,3,0.71,1.09,1.12,6.87,38.44
2025-09-10,12-13,CR-08,Main Building,30,CLS-28,Machine Learning,FAC-23,Wednesday,9,1.0,0,0,72.84,7,6,4,0.72,0.84,0.34,4.17,22.5
2025-10-30,11-12,CR-17,Main Building,50,CLS-44,Operating Systems,FAC-01,Thursday,10,2.0,0,0,84.91,8,34,8,1.75,2.05,1.29,11.71,29.0
2025-10-01,09-10,CR-08,Main Building,30,CLS-25,Machine Learning,FAC-24,Wednesday,9,1.0,0,0,82.13,7,13,4,0.85,0.54,0.68,4.88,28.33
2025-09-06,10-11,CR-05,Main Building,80,CLS-05,Software Engineering,FAC-19,Saturday,16,2.0,1,0,77.55,12,68,22,0.4,0.29,0.27,2.07,10.29
2025-11-08,10-11,CR-14,IT Building,80,CLS-40,Operating Systems,FAC-28,Saturday,29,1.0,0,0,91.83,27,27,37,1.15,1.93,0.27,9.39,33.75
2025-12-04,14-15,CR-12,IT Building,80,CLS-28,Artificial Intelligence,FAC-26,Thursday,24,1.0,0,0,71.46,17,43,35,0.26,1.47,1.37,7.45,29.38
2025-11-01,12-13,CR-01,Main Building,30,CLS-43,Web Development,FAC-07,Saturday,22,2.0,0,0,66.99,15,27,12,2.35,1.38,0.48,11.64,60.0
2025-08-15,08-09,CR-08,Main Building,30,CLS-32,Computer Networks,FAC-04,Friday,13,1.5,1,1,81.03,11,6,16,0.26,0.14,0.15,1.11,4.13
2025-09-01,13-14,CR-05,Main Building,80,CLS-25,Statistics,FAC-14,Monday,39,2.0,1,0,75.27,29,72,4,0.61,0.36,0.14,2.15,5.22
2025-06-18,08-09,CR-09,Science Building,40,CLS-14,Python,FAC-30,Wednesday,9,3.0,0,1,78.65,7,24,40,0.59,1.13,2.12,11.75,34.4
2025-12-14,14-15,CR-14,IT Building,80,CLS-45,Computer Networks,FAC-03,Sunday,56,2.0,0,1,88.4,50,31,17,0.49,1.92,0.83,10.35,59.06
2025-06-21,16-17,CR-07,Main Building,30,CLS-10,Software Engineering,FAC-11,Saturday,18,2.0,1,0,96.78,17,13,22,0.48,0.4,0.28,1.47,12.33
2025-08-01,08-09,CR-08,Main Building,30,CLS-06,Computer Networks,FAC-04,Friday,20,2.0,0,0,96.4,19,13,21,1.6,2.55,2.24,12.33,58.33
2025-12-07,10-11,CR-04,Science Building,30,CLS-01,Data Science,FAC-23,Sunday,6,1.0,0,0,72.53,4,20,16,0.52,1.42,0.76,5.04,26.67
2025-12-18,12-13,CR-06,IT Building,80,CLS-24,Data Science,FAC-24,Thursday,65,3.0,0,0,90.76,59,15,21,1.01,3.38,1.42,16.15,60.0
2025-12-24,14-15,CR-09,Science Building,40,CLS-34,Machine Learning,FAC-09,Wednesday,30,2.0,1,0,87.03,26,37,29,0.1,0.31,0.23,1.07,18.2
2025-06-15,15-16,CR-19,Main Building,30,CLS-11,Artificial Intelligence,FAC-06,Sunday,14,3.0,0,1,89.32,13,25,23,2.62,1.26,0.51,16.42,56.03
2025-12-07,16-17,CR-01,Main Building,30,CLS-03,Python,FAC-08,Sunday,7,1.5,0,0,65.78,5,8,5,1.37,1.71,1.21,8.14,19.17
2025-06-10,16-17,CR-14,IT Building,80,CLS-15,Artificial Intelligence,FAC-08,Tuesday,42,2.0,0,0,84.62,36,21,36,1.37,2.97,0.56,13.34,40.31
2025-09-04,09-10,CR-17,Main Building,50,CLS-44,Python,FAC-06,Thursday,24,3.0,0,0,87.94,21,32,4,1.36,2.0,2.22,13.56,47.5
2025-09-28,12-13,CR-10,Main Building,80,CLS-21,Machine Learning,FAC-18,Sunday,45,1.0,0,0,74.05,33,49,36,0.35,0.63,1.37,7.77,46.25
2025-12-18,12-13,CR-20,Main Building,60,CLS-16,Operating Systems,FAC-12,Thursday,49,1.5,0,1,71.33,35,57,15,0.82,0.95,0.87,8.75,70.4
2025-09-13,08-09,CR-08,Main Building,30,CLS-35,Artificial Intelligence,FAC-21,Saturday,28,1.0,0,0,67.23,19,28,21,1.25,0.85,0.93,6.98,70.83
2025-09-05,12-13,CR-04,Science Building,30,CLS-14,Software Engineering,FAC-08,Friday,19,1.5,0,0,94.04,18,26,8,1.39,1.57,0.82,8.61,66.67
2025-06-24,08-09,CR-08,Main Building,30,CLS-34,Computer Networks,FAC-23,Tuesday,17,1.5,1,0,97.81,17,22,3,0.66,0.28,0.37,0.9,15.31
2025-11-11,14-15,CR-03,Main Building,40,CLS-38,Statistics,FAC-02,Tuesday,21,2.0,0,0,80.35,17,24,16,0.39,1.91,2.4,8.84,46.88
2025-08-20,14-15,CR-11,Main Building,80,CLS-21,Operating Systems,FAC-09,Wednesday,30,1.0,0,0,71.63,21,25,9,0.92,0.65,0.81,6.85,27.5
2025-06-28,10-11,CR-15,Main Building,30,CLS-30,Artificial Intelligence,FAC-14,Saturday,9,2.0,0,0,89.95,8,18,9,1.03,2.16,2.04,9.28,35.0
2025-09-27,12-13,CR-04,Science Building,30,CLS-06,Data Science,FAC-26,Saturday,27,1.0,1,1,97.75,26,5,6,0.93,0.27,0.42,1.31,15.11
2025-06-24,11-12,CR-12,IT Building,80,CLS-26,Software Engineering,FAC-02,Tuesday,59,1.0,0,0,82.19,48,15,25,1.03,0.63,1.19,8.65,49.69
2025-09-24,16-17,CR-18,IT Building,40,CLS-16,Machine Learning,FAC-15,Wednesday,11,3.0,0,0,90.81,10,6,3,2.2,0.63,1.08,12.7,22.5
2025-12-30,11-12,CR-05,Main Building,80,CLS-13,Computer Networks,FAC-12,Tuesday,59,2.0,1,0,73.68,43,45,4,0.36,0.04,0.47,1.26,5.79
2025-06-17,11-12,CR-15,Main Building,30,CLS-09,Machine Learning,FAC-29,Tuesday,16,1.0,0,0,78.1,12,5,5,0.81,1.4,0.89,5.98,34.17
2025-10-25,14-15,CR-13,IT Building,40,CLS-32,Python,FAC-13,Saturday,29,1.5,0,0,95.34,28,19,11,1.12,2.48,1.74,9.69,64.38
2025-08-10,12-13,CR-15,Main Building,30,CLS-10,Python,FAC-20,Sunday,25,2.0,0,0,77.56,19,19,13,2.23,2.67,2.06,13.89,63.33
2025-10-19,15-16,CR-02,Main Building,50,CLS-06,Web Development,FAC-13,Sunday,18,1.5,0,1,91.07,16,22,40,0.78,0.66,0.96,8.63,42.96
2025-10-18,08-09,CR-13,IT Building,40,CLS-46,Artificial Intelligence,FAC-16,Saturday,25,3.0,0,0,76.42,19,38,20,2.93,2.74,2.51,20.02,59.38
2025-09-08,12-13,CR-06,IT Building,80,CLS-02,Artificial Intelligence,FAC-20,Monday,30,1.0,0,0,69.37,21,72,33,1.33,1.88,0.86,10.19,42.19
2025-08-31,11-12,CR-06,IT Building,80,CLS-07,DBMS,FAC-22,Sunday,31,1.0,0,0,70.77,22,40,36,0.88,1.1,0.43,8.23,33.12
2025-12-22,14-15,CR-12,IT Building,80,CLS-12,Data Science,FAC-08,Monday,53,1.0,1,0,77.13,41,15,22,0.07,0.01,0.07,1.3,16.57
2025-10-23,10-11,CR-19,Main Building,30,CLS-13,Operating Systems,FAC-18,Thursday,15,1.0,0,0,96.87,15,6,1,0.79,0.97,0.88,5.43,42.5
2025-07-30,11-12,CR-01,Main Building,30,CLS-34,Operating Systems,FAC-01,Wednesday,16,2.0,0,0,79.5,13,14,22,0.49,2.1,0.74,8.15,44.17
2025-07-16,13-14,CR-02,Main Building,50,CLS-02,Data Science,FAC-19,Wednesday,19,3.0,0,1,70.02,13,30,4,0.42,3.23,1.51,12.21,38.74
2025-11-17,14-15,CR-19,Main Building,30,CLS-07,Artificial Intelligence,FAC-10,Monday,16,1.0,0,0,66.92,11,24,30,1.49,0.59,1.12,7.56,47.5
2025-10-03,13-14,CR-06,IT Building,80,CLS-46,Software Engineering,FAC-23,Friday,72,2.0,0,0,87.84,63,34,24,0.39,1.77,2.49,11.3,69.69
2025-08-18,12-13,CR-05,Main Building,80,CLS-12,Python,FAC-23,Monday,76,2.0,0,1,91.86,70,16,11,1.63,1.27,1.65,13.6,76.24
2025-12-25,11-12,CR-19,Main Building,30,CLS-07,Operating Systems,FAC-05,Thursday,16,2.0,0,0,69.31,11,15,10,2.24,1.62,0.69,11.77,40.0
2025-07-13,09-10,CR-11,Main Building,80,CLS-29,Python,FAC-09,Sunday,29,1.0,1,0,77.14,22,56,16,0.41,0.41,0.37,1.29,12.81
2025-12-02,08-09,CR-02,Main Building,50,CLS-25,Operating Systems,FAC-24,Tuesday,36,1.0,0,0,65.63,24,31,22,0.57,1.64,0.42,6.04,51.5
2025-10-18,14-15,CR-04,Science Building,30,CLS-31,Statistics,FAC-21,Saturday,27,1.0,0,0,82.67,22,6,25,0.52,0.52,0.55,5.2,60.0
2025-06-09,12-13,CR-01,Main Building,30,CLS-21,Web Development,FAC-04,Monday,8,1.0,0,0,68.62,5,9,23,0.93,1.18,1.31,6.82,20.0
2025-06-20,16-17,CR-03,Main Building,40,CLS-22,Statistics,FAC-20,Friday,36,1.5,1,0,68.24,25,33,10,0.49,0.08,0.16,1.2,19.05
2025-09-20,10-11,CR-02,Main Building,50,CLS-07,Artificial Intelligence,FAC-07,Saturday,22,1.5,1,1,77.4,17,41,16,0.39,0.23,0.39,1.85,9.83
2025-06-25,08-09,CR-13,IT Building,40,CLS-37,Software Engineering,FAC-27,Wednesday,23,1.0,0,0,94.44,22,6,27,1.44,1.68,0.64,8.3,45.0
2025-06-23,12-13,CR-20,Main Building,60,CLS-31,DBMS,FAC-04,Monday,13,1.0,0,0,73.4,10,14,30,1.3,0.56,1.38,8.58,18.33
2025-06-30,12-13,CR-13,IT Building,40,CLS-31,Operating Systems,FAC-29,Monday,29,1.0,0,1,80.23,23,30,11,1.05,1.49,1.37,8.35,66.1
2025-09-06,13-14,CR-06,IT Building,80,CLS-29,Python,FAC-09,Saturday,44,1.5,0,0,67.2,30,46,36,1.16,0.8,1.54,10.93,42.5
2025-06-16,10-11,CR-04,Science Building,30,CLS-06,Artificial Intelligence,FAC-26,Monday,23,1.5,0,0,81.9,19,21,1,1.44,0.58,0.4,6.96,65.0
2025-09-08,16-17,CR-14,IT Building,80,CLS-35,Operating Systems,FAC-19,Monday,72,1.0,0,0,67.35,48,22,25,0.27,1.93,1.17,8.26,51.88
2025-11-30,08-09,CR-17,Main Building,50,CLS-37,Software Engineering,FAC-26,Sunday,46,2.0,0,0,76.66,35,14,28,0.92,1.37,1.99,10.45,59.5
2025-07-15,10-11,CR-07,Main Building,30,CLS-13,Data Science,FAC-02,Tuesday,19,1.0,1,0,70.75,13,10,26,0.1,0.33,0.38,1.11,11.77
2025-12-31,12-13,CR-11,Main Building,80,CLS-47,Machine Learning,FAC-03,Wednesday,40,2.0,0,1,73.75,30,53,17,0.3,0.71,2.43,9.97,49.81
2025-06-04,16-17,CR-14,IT Building,80,CLS-08,Computer Networks,FAC-05,Wednesday,25,2.0,0,1,85.61,21,24,6,1.11,1.01,0.52,9.83,32.56
2025-06-26,12-13,CR-18,IT Building,40,CLS-23,Computer Networks,FAC-09,Thursday,20,2.0,0,1,85.3,17,36,2,1.99,2.11,1.44,12.75,57.41
2025-09-12,10-11,CR-20,Main Building,60,CLS-39,Computer Networks,FAC-02,Friday,37,1.0,1,0,97.34,36,12,30,0.6,0.29,0.37,1.78,18.81
2025-09-04,08-09,CR-11,Main Building,80,CLS-20,Web Development,FAC-09,Thursday,69,1.5,1,0,91.79,63,41,8,0.66,0.06,0.17,1.52,13.67
2025-12-08,15-16,CR-11,Main Building,80,CLS-18,Computer Networks,FAC-20,Monday,57,1.0,0,0,79.5,45,39,26,1.02,1.91,0.55,8.75,54.38
2025-12-07,15-16,CR-17,Main Building,50,CLS-24,Python,FAC-17,Sunday,20,1.0,0,1,69.01,14,32,8,0.5,1.83,1.06,7.01,43.68
2025-10-13,08-09,CR-06,IT Building,80,CLS-13,DBMS,FAC-27,Monday,19,1.0,0,0,93.43,18,18,23,1.31,1.88,0.57,8.93,22.5
2025-11-28,11-12,CR-09,Science Building,40,CLS-24,Operating Systems,FAC-17,Friday,20,2.0,0,0,89.92,18,21,23,1.29,2.6,1.89,11.94,46.88
2025-10-04,15-16,CR-06,IT Building,80,CLS-31,Statistics,FAC-18,Saturday,38,1.0,0,0,70.86,27,23,18,0.93,1.98,1.42,9.29,32.5
2025-06-08,14-15,CR-02,Main Building,50,CLS-11,Statistics,FAC-25,Sunday,23,3.0,0,0,66.42,15,20,17,0.7,0.96,2.25,10.54,32.5
2025-11-14,14-15,CR-17,Main Building,50,CLS-02,Python,FAC-16,Friday,18,2.0,0,1,81.69,15,7,14,2.14,2.33,1.47,14.62,29.51
2025-12-24,12-13,CR-09,Science Building,40,CLS-28,Computer Networks,FAC-28,Wednesday,19,1.5,0,0,84.48,16,35,19,1.14,1.1,1.24,8.44,51.88
2025-11-21,16-17,CR-20,Main Building,60,CLS-26,Statistics,FAC-04,Friday,12,2.0,1,0,86.0,10,44,38,0.76,0.08,0.23,2.01,8.72
2025-08-16,09-10,CR-16,IT Building,60,CLS-05,Artificial Intelligence,FAC-09,Saturday,52,1.0,0,0,65.31,34,50,19,0.56,1.59,1.49,7.65,63.33
2025-07-19,10-11,CR-17,Main Building,50,CLS-49,DBMS,FAC-29,Saturday,13,3.0,0,0,91.4,12,27,8,0.81,2.44,2.27,11.88,31.5
2025-12-02,08-09,CR-16,IT Building,60,CLS-19,Web Development,FAC-30,Tuesday,38,1.5,0,0,85.33,32,46,36,0.58,1.21,1.62,8.81,59.17
2025-12-26,11-12,CR-11,Main Building,80,CLS-47,DBMS,FAC-22,Friday,50,2.0,0,0,90.11,45,76,19,0.33,2.36,0.71,9.76,65.94
2025-07-14,16-17,CR-06,IT Building,80,CLS-19,Machine Learning,FAC-16,Monday,24,2.0,0,1,96.62,23,35,21,1.08,1.32,0.58,11.18,38.43
2025-07-27,13-14,CR-08,Main Building,30,CLS-48,Web Development,FAC-14,Sunday,16,1.0,0,1,97.88,16,13,14,0.71,1.17,1.15,6.3,57.94
2025-09-29,08-09,CR-19,Main Building,30,CLS-38,Statistics,FAC-03,Monday,21,1.0,0,0,94.24,20,25,12,0.99,1.09,0.77,5.88,70.83
2025-10-14,12-13,CR-14,IT Building,80,CLS-04,Data Science,FAC-05,Tuesday,28,1.0,0,1,91.21,26,70,9,0.37,1.38,0.85,7.28,50.15
2025-12-01,10-11,CR-03,Main Building,40,CLS-32,Artificial Intelligence,FAC-21,Monday,13,1.0,1,0,86.2,11,6,28,0.06,0.29,0.28,1.5,4.44
2025-12-12,10-11,CR-19,Main Building,30,CLS-49,Data Science,FAC-16,Friday,8,1.0,0,0,87.32,7,24,13,1.26,0.9,1.28,7.11,37.5
2025-09-12,14-15,CR-16,IT Building,60,CLS-25,Python,FAC-02,Friday,46,1.0,1,0,81.44,37,9,20,0.08,0.03,0.17,1.31,16.35
2025-10-14,11-12,CR-01,Main Building,30,CLS-44,Python,FAC-21,Tuesday,13,1.0,1,0,91.02,12,13,4,0.52,0.22,0.07,1.16,5.34
2025-10-07,12-13,CR-06,IT Building,80,CLS-05,Python,FAC-10,Tuesday,76,1.0,0,1,75.83,58,55,27,0.79,0.63,0.53,9.1,78.89
2025-07-05,13-14,CR-16,IT Building,60,CLS-23,DBMS,FAC-06,Saturday,37,1.0,0,0,97.95,36,55,8,1.42,1.46,0.78,8.56,67.92
2025-07-25,08-09,CR-19,Main Building,30,CLS-33,Data Science,FAC-04,Friday,17,2.0,1,0,85.99,15,16,28,0.79,0.06,0.2,1.51,14.85
2025-12-15,16-17,CR-20,Main Building,60,CLS-04,Statistics,FAC-02,Monday,54,1.0,1,0,83.87,45,12,7,0.59,0.09,0.18,1.62,13.78
2025-09-06,09-10,CR-18,IT Building,40,CLS-17,Operating Systems,FAC-23,Saturday,12,1.0,1,0,76.04,9,25,26,0.03,0.01,0.42,0.95,9.7
2025-11-17,16-17,CR-09,Science Building,40,CLS-40,Statistics,FAC-23,Monday,12,1.5,0,1,74.86,9,13,18,1.9,1.02,1.0,10.06,27.68
2025-06-28,15-16,CR-07,Main Building,30,CLS-39,DBMS,FAC-25,Saturday,14,3.0,0,0,93.8,13,15,22,2.57,1.15,2.46,16.24,45.0
2025-09-13,12-13,CR-06,IT Building,80,CLS-03,Software Engineering,FAC-16,Saturday,74,1.0,1,0,69.4,51,54,15,0.08,0.36,0.25,0.7,6.52
2025-11-19,09-10,CR-04,Science Building,30,CLS-37,Operating Systems,FAC-05,Wednesday,8,3.0,0,0,79.42,6,27,23,2.26,3.18,0.69,15.99,37.5
2025-06-26,12-13,CR-08,Main Building,30,CLS-30,Web Development,FAC-09,Thursday,20,1.0,0,0,89.8,18,5,27,1.07,1.93,0.34,7.43,49.17
2025-08-14,13-14,CR-11,Main Building,80,CLS-28,Machine Learning,FAC-04,Thursday,70,3.0,0,0,66.88,47,29,10,1.03,1.42,0.93,13.1,53.12
2025-08-24,13-14,CR-15,Main Building,30,CLS-40,Web Development,FAC-29,Sunday,8,1.0,0,0,73.97,6,7,12,1.2,1.17,1.22,6.91,20.83
2025-09-11,15-16,CR-09,Science Building,40,CLS-25,Operating Systems,FAC-26,Thursday,21,2.0,0,0,67.16,14,14,3,1.35,0.58,0.39,7.33,35.0
2025-07-11,09-10,CR-14,IT Building,80,CLS-38,Operating Systems,FAC-26,Friday,52,2.0,0,0,76.46,40,60,22,2.27,0.55,1.74,14.45,56.25
2025-11-04,08-09,CR-05,Main Building,80,CLS-31,Operating Systems,FAC-04,Tuesday,72,1.5,0,0,96.79,70,20,16,1.23,2.37,0.34,10.7,71.88
2025-11-15,13-14,CR-01,Main Building,30,CLS-46,Software Engineering,FAC-25,Saturday,24,2.0,0,0,89.12,21,25,27,2.46,1.14,1.72,13.22,73.33
2025-08-26,16-17,CR-17,Main Building,50,CLS-45,Statistics,FAC-04,Tuesday,37,2.0,1,0,71.54,26,37,22,0.57,0.23,0.49,1.35,17.2
2025-11-12,14-15,CR-05,Main Building,80,CLS-36,Statistics,FAC-02,Wednesday,16,2.0,0,1,68.77,11,72,31,0.59,1.06,0.81,10.02,40.03
2025-06-20,15-16,CR-11,Main Building,80,CLS-16,Artificial Intelligence,FAC-09,Friday,19,2.0,0,1,93.07,18,60,25,1.51,1.81,0.51,12.92,42.53
2025-06-21,15-16,CR-15,Main Building,30,CLS-37,Operating Systems,FAC-03,Saturday,21,1.5,0,0,67.23,14,19,23,1.49,1.59,0.39,9.08,50.83
2025-11-15,08-09,CR-04,Science Building,30,CLS-26,Computer Networks,FAC-02,Saturday,23,2.0,0,0,80.12,18,23,30,1.34,0.91,2.38,10.76,64.17
2025-11-06,12-13,CR-17,Main Building,50,CLS-36,DBMS,FAC-21,Thursday,39,1.0,0,0,80.26,31,21,29,0.76,1.48,0.93,7.81,57.0
2025-08-24,16-17,CR-20,Main Building,60,CLS-39,Operating Systems,FAC-23,Sunday,54,1.0,1,0,67.06,36,16,6,0.51,0.4,0.23,1.2,16.94
2025-07-27,08-09,CR-11,Main Building,80,CLS-23,Web Development,FAC-18,Sunday,49,1.0,1,0,70.44,35,17,10,0.33,0.38,0.26,1.2,9.44
2025-12-28,14-15,CR-04,Science Building,30,CLS-17,Statistics,FAC-07,Sunday,12,1.0,0,0,71.76,9,18,26,1.35,1.82,1.34,8.23,37.5
2025-12-18,11-12,CR-11,Main Building,80,CLS-07,Computer Networks,FAC-02,Thursday,75,2.0,1,1,97.5,73,27,28,0.77,0.01,0.03,2.06,22.59
2025-10-08,10-11,CR-16,IT Building,60,CLS-01,Software Engineering,FAC-24,Wednesday,15,2.0,0,1,80.31,12,39,32,2.3,1.85,1.37,15.53,37.94
2025-07-16,10-11,CR-05,Main Building,80,CLS-07,Computer Networks,FAC-22,Wednesday,54,2.0,0,1,92.13,50,61,26,1.11,2.44,2.42,14.56,73.81
2025-11-25,11-12,CR-09,Science Building,40,CLS-26,Artificial Intelligence,FAC-10,Tuesday,22,3.0,0,0,71.72,16,32,38,1.69,1.5,2.43,15.92,50.0
2025-11-27,16-17,CR-10,Main Building,80,CLS-45,Software Engineering,FAC-28,Thursday,36,2.0,1,1,91.33,33,39,12,0.4,0.46,0.27,2.19,14.58
2025-11-23,13-14,CR-05,Main Building,80,CLS-46,Data Science,FAC-17,Sunday,50,2.0,1,0,70.21,35,26,22,0.7,0.4,0.16,2.05,11.0
2025-10-28,14-15,CR-18,IT Building,40,CLS-19,Computer Networks,FAC-26,Tuesday,8,2.0,0,0,71.08,6,30,9,2.26,2.14,0.59,12.02,30.0
2025-06-14,08-09,CR-07,Main Building,30,CLS-18,Data Science,FAC-10,Saturday,27,1.0,0,0,79.53,21,26,25,1.02,0.63,1.35,6.88,74.17
2025-08-15,11-12,CR-18,IT Building,40,CLS-03,Artificial Intelligence,FAC-27,Friday,22,1.0,0,1,96.92,21,20,35,0.77,1.98,1.08,8.72,56.21
2025-10-09,12-13,CR-02,Main Building,50,CLS-25,Computer Networks,FAC-14,Thursday,30,2.0,0,0,85.94,26,23,12,0.62,2.7,1.21,9.87,50.5
2025-11-06,15-16,CR-08,Main Building,30,CLS-41,Artificial Intelligence,FAC-25,Thursday,24,2.0,1,1,88.74,21,10,24,0.89,0.04,0.37,2.48,10.62
2025-09-23,10-11,CR-03,Main Building,40,CLS-12,Data Science,FAC-24,Tuesday,24,1.0,0,0,71.18,17,33,17,1.32,1.73,0.93,7.82,52.5
2025-10-21,12-13,CR-05,Main Building,80,CLS-11,Statistics,FAC-28,Tuesday,32,1.0,0,0,80.55,26,31,2,1.28,1.19,0.7,8.32,34.06
2025-07-10,13-14,CR-20,Main Building,60,CLS-04,Statistics,FAC-27,Thursday,54,1.0,0,1,81.31,44,44,22,1.29,1.0,0.47,9.24,75.77
2025-11-29,13-14,CR-17,Main Building,50,CLS-15,Data Science,FAC-17,Saturday,14,3.0,0,0,68.32,10,33,34,0.91,1.0,1.21,11.27,31.5
2025-10-16,14-15,CR-03,Main Building,40,CLS-23,DBMS,FAC-29,Thursday,14,2.0,0,0,79.86,11,29,18,1.93,2.13,1.65,12.78,38.75
2025-07-26,16-17,CR-16,IT Building,60,CLS-36,Python,FAC-04,Saturday,54,1.0,0,0,80.55,43,50,39,1.47,1.45,0.41,9.57,74.58
2025-11-07,11-12,CR-02,Main Building,50,CLS-44,Artificial Intelligence,FAC-13,Friday,17,1.5,0,1,87.31,15,25,1,0.82,1.87,0.37,7.74,42.47
2025-12-28,13-14,CR-17,Main Building,50,CLS-33,Operating Systems,FAC-16,Sunday,12,1.0,1,0,72.5,9,27,32,0.84,0.14,0.32,1.42,3.37
2025-06-25,10-11,CR-18,IT Building,40,CLS-35,Python,FAC-21,Wednesday,10,1.0,1,0,87.91,9,33,6,0.51,0.15,0.11,1.1,6.06
2025-12-30,14-15,CR-03,Main Building,40,CLS-48,Data Science,FAC-01,Tuesday,22,2.0,0,0,93.75,21,11,4,1.97,2.47,1.75,12.66,46.25
2025-06-14,10-11,CR-09,Science Building,40,CLS-36,Machine Learning,FAC-19,Saturday,34,1.0,0,0,73.59,25,30,28,1.38,1.51,0.95,8.57,65.62
2025-11-09,14-15,CR-14,IT Building,80,CLS-21,Python,FAC-13,Sunday,59,1.0,0,0,80.19,47,20,37,1.33,1.32,0.73,9.73,50.31
2025-06-12,09-10,CR-12,IT Building,80,CLS-33,Machine Learning,FAC-10,Thursday,66,2.0,0,1,97.23,64,23,18,0.5,1.56,0.34,10.3,73.78
2025-09-21,14-15,CR-13,IT Building,40,CLS-43,Python,FAC-16,Sunday,13,2.0,0,0,74.24,10,31,34,2.18,1.23,2.3,13.53,38.12
2025-08-15,10-11,CR-10,Main Building,80,CLS-44,Artificial Intelligence,FAC-01,Friday,51,3.0,0,0,89.88,46,27,2,2.46,0.56,2.9,17.45,51.56
2025-06-02,14-15,CR-18,IT Building,40,CLS-36,Machine Learning,FAC-10,Monday,14,2.0,1,0,92.37,13,19,26,0.28,0.44,0.06,1.64,13.47
2025-10-10,10-11,CR-06,IT Building,80,CLS-12,DBMS,FAC-20,Friday,69,1.0,0,0,88.22,61,35,36,0.93,0.64,0.55,8.59,68.12
2025-06-14,16-17,CR-15,Main Building,30,CLS-42,Software Engineering,FAC-03,Saturday,15,2.0,0,0,74.94,11,7,6,1.6,1.24,0.92,9.29,33.33
2025-12-03,15-16,CR-11,Main Building,80,CLS-23,Data Science,FAC-22,Wednesday,57,1.0,0,0,89.53,51,20,12,0.31,1.85,1.32,7.84,54.06
2025-08-21,15-16,CR-15,Main Building,30,CLS-22,Statistics,FAC-22,Thursday,15,2.0,0,0,94.45,14,22,18,0.67,0.7,0.79,7.13,53.33
2025-09-02,13-14,CR-14,IT Building,80,CLS-11,Python,FAC-11,Tuesday,31,3.0,0,0,91.22,28,47,23,0.35,2.54,2.99,13.76,40.94
2025-07-05,13-14,CR-16,IT Building,60,CLS-30,Operating Systems,FAC-12,Saturday,31,1.5,0,0,67.1,21,20,38,1.7,1.7,0.45,11.49,34.58
2025-06-21,12-13,CR-05,Main Building,80,CLS-35,DBMS,FAC-09,Saturday,62,2.0,0,0,68.1,42,14,32,2.3,2.17,2.12,16.93,43.75
2025-11-09,08-09,CR-19,Main Building,30,CLS-38,Computer Networks,FAC-25,Sunday,24,1.0,0,1,82.08,20,12,17,0.79,0.98,0.79,6.7,67.36
2025-10-17,15-16,CR-05,Main Building,80,CLS-24,Computer Networks,FAC-08,Friday,73,3.0,0,0,90.54,66,29,29,1.91,3.62,1.47,20.67,70.94
2025-10-07,16-17,CR-03,Main Building,40,CLS-26,Artificial Intelligence,FAC-17,Tuesday,8,2.0,0,1,84.53,7,16,32,1.83,1.09,1.4,12.75,25.97
2025-07-11,10-11,CR-19,Main Building,30,CLS-37,Data Science,FAC-24,Friday,21,1.0,0,0,68.44,14,28,15,0.73,1.23,1.07,6.12,58.33
2025-07-30,09-10,CR-09,Science Building,40,CLS-24,DBMS,FAC-02,Wednesday,29,1.0,0,0,89.54,26,30,30,0.88,1.45,0.34,7.21,67.5
2025-09-25,08-09,CR-02,Main Building,50,CLS-42,Artificial Intelligence,FAC-04,Thursday,43,2.0,0,0,73.39,32,44,34,1.06,1.68,0.35,10.27,70.0
2025-10-24,10-11,CR-13,IT Building,40,CLS-42,Computer Networks,FAC-12,Friday,26,2.0,0,1,97.06,25,22,24,1.0,1.71,0.69,9.94,68.46
2025-07-28,16-17,CR-13,IT Building,40,CLS-23,Artificial Intelligence,FAC-16,Monday,33,1.5,0,0,85.16,28,38,8,0.74,0.91,1.15,6.81,76.25
2025-09-21,10-11,CR-08,Main Building,30,CLS-05,Software Engineering,FAC-21,Sunday,14,1.0,0,0,91.49,13,9,11,0.97,1.27,0.62,5.92,40.0
2025-11-02,09-10,CR-08,Main Building,30,CLS-27,Artificial Intelligence,FAC-24,Sunday,9,1.5,1,0,95.75,9,19,6,0.4,0.04,0.31,0.88,10.63
2025-11-13,14-15,CR-01,Main Building,30,CLS-16,Python,FAC-05,Thursday,24,2.0,0,0,81.74,20,24,16,2.22,1.73,1.83,12.69,70.0
2025-06-11,10-11,CR-02,Main Building,50,CLS-11,Web Development,FAC-30,Wednesday,21,2.0,0,1,97.76,21,43,40,0.55,1.19,1.14,9.1,55.11
2025-12-02,12-13,CR-03,Main Building,40,CLS-14,Operating Systems,FAC-20,Tuesday,23,3.0,0,0,94.95,22,20,26,2.21,2.63,1.1,16.33,53.75
2025-11-01,10-11,CR-19,Main Building,30,CLS-50,Data Science,FAC-20,Saturday,27,2.0,0,0,92.19,25,27,21,2.4,2.55,0.25,13.18,85.0
2025-08-27,15-16,CR-20,Main Building,60,CLS-38,Machine Learning,FAC-08,Wednesday,36,1.5,0,0,73.5,26,10,12,0.35,1.71,1.45,7.66,36.67
2025-10-12,16-17,CR-14,IT Building,80,CLS-10,Statistics,FAC-04,Sunday,27,1.5,0,1,68.78,19,16,34,0.92,1.41,0.9,10.36,27.83
2025-07-01,09-10,CR-16,IT Building,60,CLS-43,Data Science,FAC-29,Tuesday,50,2.0,0,0,89.79,45,42,26,0.41,0.7,1.05,8.01,73.75
2025-09-03,08-09,CR-17,Main Building,50,CLS-28,DBMS,FAC-26,Wednesday,40,3.0,0,0,96.08,38,44,36,2.09,2.88,1.25,18.1,79.0
2025-06-26,14-15,CR-05,Main Building,80,CLS-17,Operating Systems,FAC-25,Thursday,30,3.0,0,0,85.99,26,64,16,2.76,2.64,2.65,21.12,44.38
2025-07-19,08-09,CR-01,Main Building,30,CLS-37,Software Engineering,FAC-04,Saturday,22,1.0,0,0,88.89,20,26,25,0.4,1.85,0.33,5.49,71.67
2025-08-20,14-15,CR-12,IT Building,80,CLS-07,Data Science,FAC-14,Wednesday,57,2.0,0,0,65.39,37,66,36,1.2,1.24,1.34,12.43,55.31
2025-09-02,12-13,CR-13,IT Building,40,CLS-49,DBMS,FAC-14,Tuesday,25,3.0,0,0,84.05,21,17,23,0.37,0.93,1.79,9.45,50.0
2025-10-22,16-17,CR-16,IT Building,60,CLS-17,Web Development,FAC-19,Wednesday,34,3.0,1,0,86.53,29,56,8,0.85,0.35,0.21,1.98,21.24
2025-11-16,09-10,CR-08,Main Building,30,CLS-29,Data Science,FAC-04,Sunday,12,2.0,0,0,87.21,10,21,19,0.87,1.27,2.03,9.07,42.5
2025-11-26,08-09,CR-06,IT Building,80,CLS-25,Python,FAC-26,Wednesday,21,3.0,0,0,92.14,19,67,5,2.61,3.71,1.44,19.93,38.75
2025-06-17,12-13,CR-08,Main Building,30,CLS-24,Machine Learning,FAC-20,Tuesday,7,2.0,0,0,75.52,5,23,20,1.56,1.43,1.6,10.65,31.67
2025-10-12,12-13,CR-20,Main Building,60,CLS-04,Data Science,FAC-21,Sunday,43,1.5,0,0,77.36,33,51,33,0.54,1.36,0.5,8.39,62.5
2025-08-13,11-12,CR-02,Main Building,50,CLS-39,Software Engineering,FAC-17,Wednesday,24,2.0,0,0,94.37,23,30,15,1.03,0.89,0.31,8.54,49.5
2025-11-15,08-09,CR-06,IT Building,80,CLS-06,Web Development,FAC-25,Saturday,41,1.0,1,0,76.24,31,63,37,0.07,0.2,0.16,1.76,7.8
2025-06-04,09-10,CR-03,Main Building,40,CLS-36,Web Development,FAC-24,Wednesday,34,2.0,0,0,87.34,30,28,17,1.61,1.41,0.74,10.64,73.75
2025-07-28,11-12,CR-15,Main Building,30,CLS-26,Statistics,FAC-01,Monday,14,1.0,0,1,87.71,12,7,17,0.43,1.23,0.28,5.36,38.27
2025-08-15,13-14,CR-04,Science Building,30,CLS-33,Web Development,FAC-29,Friday,23,3.0,0,0,81.68,19,26,14,2.9,1.84,0.36,16.36,69.17
2025-09-05,15-16,CR-08,Main Building,30,CLS-49,Artificial Intelligence,FAC-25,Friday,20,2.0,0,1,70.28,14,4,15,0.3,2.39,1.28,8.24,41.03
2025-06-18,14-15,CR-08,Main Building,30,CLS-44,DBMS,FAC-26,Wednesday,16,1.5,0,1,74.55,12,21,0,1.83,0.73,1.92,9.89,53.7
2025-08-07,11-12,CR-10,Main Building,80,CLS-06,Computer Networks,FAC-22,Thursday,63,3.0,0,0,84.9,53,34,30,2.52,3.94,1.04,21.97,60.31
2025-08-20,13-14,CR-07,Main Building,30,CLS-37,Web Development,FAC-06,Wednesday,27,1.0,0,0,96.72,26,11,23,0.74,1.08,0.68,5.84,74.17
2025-08-01,12-13,CR-07,Main Building,30,CLS-15,DBMS,FAC-27,Friday,13,3.0,0,0,83.27,11,8,24,1.74,3.17,2.54,16.4,34.17
2025-06-28,09-10,CR-03,Main Building,40,CLS-44,Operating Systems,FAC-20,Saturday,8,3.0,0,0,79.53,6,36,23,1.08,1.41,0.79,10.65,33.75
2025-11-06,13-14,CR-16,IT Building,60,CLS-37,Web Development,FAC-16,Thursday,23,3.0,0,0,73.92,17,34,14,2.91,2.45,1.21,18.92,35.42
2025-12-10,10-11,CR-02,Main Building,50,CLS-34,Computer Networks,FAC-16,Wednesday,44,1.0,0,0,84.16,37,32,11,0.42,1.17,1.03,5.47,71.5
2025-09-26,09-10,CR-17,Main Building,50,CLS-30,Artificial Intelligence,FAC-23,Friday,10,1.0,1,0,97.8,10,31,37,0.88,0.31,0.28,1.5,3.97
2025-09-01,12-13,CR-06,IT Building,80,CLS-36,Web Development,FAC-08,Monday,33,1.5,0,0,85.48,28,58,11,0.6,1.29,0.32,8.22,44.38
2025-10-06,14-15,CR-07,Main Building,30,CLS-27,Artificial Intelligence,FAC-12,Monday,18,1.0,0,0,72.52,13,22,4,1.46,1.86,1.15,7.43,50.83
2025-10-26,11-12,CR-04,Science Building,30,CLS-47,Web Development,FAC-26,Sunday,13,2.0,0,0,82.6,11,10,4,2.21,0.83,2.03,11.4,35.83
2025-12-22,10-11,CR-16,IT Building,60,CLS-01,Data Science,FAC-14,Monday,43,1.0,1,1,74.1,32,43,20,0.88,0.47,0.07,1.68,12.28
2025-10-22,08-09,CR-13,IT Building,40,CLS-07,Data Science,FAC-02,Wednesday,14,3.0,0,0,80.27,11,12,28,2.95,2.19,2.62,19.43,28.13
2025-12-08,13-14,CR-09,Science Building,40,CLS-24,Artificial Intelligence,FAC-18,Monday,25,3.0,0,0,74.43,19,7,26,0.81,3.17,1.31,13.31,40.0
2025-07-02,13-14,CR-20,Main Building,60,CLS-13,Statistics,FAC-19,Wednesday,53,2.0,0,0,81.87,43,27,22,1.36,1.94,2.2,12.85,65.0
2025-08-23,16-17,CR-16,IT Building,60,CLS-50,Operating Systems,FAC-29,Saturday,17,1.5,0,0,92.31,16,38,40,1.59,1.65,1.92,11.74,35.83
2025-07-08,10-11,CR-11,Main Building,80,CLS-27,Statistics,FAC-19,Tuesday,41,3.0,0,0,71.62,29,32,21,0.55,3.49,1.46,14.47,37.19
2025-07-29,13-14,CR-11,Main Building,80,CLS-42,Web Development,FAC-23,Tuesday,33,2.0,1,0,85.68,28,46,28,0.93,0.01,0.24,1.44,13.58
2025-09-01,16-17,CR-15,Main Building,30,CLS-27,Data Science,FAC-06,Monday,6,1.0,1,0,87.69,5,25,8,0.72,0.35,0.07,0.82,12.74
2025-11-27,09-10,CR-07,Main Building,30,CLS-11,Computer Networks,FAC-04,Thursday,9,1.0,0,1,91.55,8,5,0,0.6,0.82,1.45,5.01,30.79
2025-10-13,09-10,CR-04,Science Building,30,CLS-17,Statistics,FAC-05,Monday,8,2.0,0,0,65.29,5,11,7,2.5,2.19,2.11,13.75,21.67
2025-12-06,12-13,CR-15,Main Building,30,CLS-41,Data Science,FAC-05,Saturday,22,3.0,0,0,89.44,20,5,21,0.64,3.14,2.36,12.75,54.17
2025-08-31,13-14,CR-16,IT Building,60,CLS-30,Software Engineering,FAC-30,Sunday,29,2.0,0,0,86.73,25,53,34,1.97,2.61,1.63,14.76,53.33
2025-07-16,15-16,CR-19,Main Building,30,CLS-28,Software Engineering,FAC-21,Wednesday,26,2.0,0,0,67.56,18,19,17,1.17,1.52,0.4,8.58,60.83
2025-07-29,09-10,CR-15,Main Building,30,CLS-20,Artificial Intelligence,FAC-14,Tuesday,14,1.0,0,0,76.51,11,4,16,0.39,1.71,1.43,5.37,30.83
2025-12-26,10-11,CR-12,IT Building,80,CLS-19,Operating Systems,FAC-18,Friday,16,2.0,0,0,67.54,11,50,0,1.38,2.49,1.84,12.08,25.94
2025-12-14,14-15,CR-10,Main Building,80,CLS-39,DBMS,FAC-26,Sunday,16,2.0,0,0,66.66,11,64,35,0.41,1.51,0.91,9.02,30.31
2025-09-20,14-15,CR-08,Main Building,30,CLS-11,Computer Networks,FAC-27,Saturday,18,1.0,0,0,91.51,16,17,20,1.41,1.11,1.38,7.56,54.17
2025-08-01,16-17,CR-20,Main Building,60,CLS-45,Web Development,FAC-10,Friday,53,2.0,0,0,75.61,40,35,12,1.32,1.07,1.69,11.07,64.58
2025-06-18,10-11,CR-05,Main Building,80,CLS-19,Machine Learning,FAC-21,Wednesday,45,2.0,0,0,76.81,35,74,12,1.71,0.81,2.25,12.81,55.94
2025-08-22,08-09,CR-05,Main Building,80,CLS-04,Software Engineering,FAC-01,Friday,27,1.0,0,0,81.6,22,28,28,0.81,1.38,1.03,8.22,29.38
2025-12-04,08-09,CR-08,Main Building,30,CLS-06,Data Science,FAC-01,Thursday,21,1.0,0,0,72.98,15,13,25,1.14,1.73,1.25,7.72,48.33
2025-12-22,15-16,CR-12,IT Building,80,CLS-30,Python,FAC-11,Monday,21,3.0,0,0,83.23,17,46,25,1.68,1.0,2.38,15.56,30.31
2025-06-19,16-17,CR-16,IT Building,60,CLS-12,DBMS,FAC-29,Thursday,28,3.0,0,0,74.38,21,16,15,0.62,2.7,0.4,10.8,32.92
2025-09-07,15-16,CR-08,Main Building,30,CLS-48,Python,FAC-07,Sunday,20,2.0,0,1,89.71,18,25,6,0.96,0.5,1.4,7.85,70.67
2025-11-22,12-13,CR-11,Main Building,80,CLS-11,Python,FAC-24,Saturday,75,2.0,0,0,92.7,70,44,30,0.26,1.12,1.92,10.31,79.38
2025-11-11,12-13,CR-07,Main Building,30,CLS-24,Python,FAC-28,Tuesday,27,1.0,0,0,75.44,20,24,13,0.38,1.04,0.59,4.79,70.0
2025-08-23,08-09,CR-06,IT Building,80,CLS-18,Statistics,FAC-04,Saturday,41,3.0,0,0,91.03,37,17,37,2.7,2.02,2.75,21.88,40.0
2025-12-18,15-16,CR-20,Main Building,60,CLS-10,Artificial Intelligence,FAC-25,Thursday,17,1.0,0,0,77.45,13,14,39,1.46,0.63,1.11,8.14,22.08
2025-08-26,08-09,CR-02,Main Building,50,CLS-23,Data Science,FAC-23,Tuesday,44,3.0,0,0,85.88,38,38,14,2.19,0.52,0.71,14.05,76.0
2025-08-21,16-17,CR-12,IT Building,80,CLS-29,DBMS,FAC-01,Thursday,60,1.5,0,0,88.53,53,44,2,1.42,2.43,1.58,11.68,63.44
2025-10-03,15-16,CR-18,IT Building,40,CLS-19,Software Engineering,FAC-23,Friday,23,1.0,0,0,74.84,17,28,20,0.38,1.67,1.06,6.17,49.38
2025-12-05,15-16,CR-09,Science Building,40,CLS-39,Software Engineering,FAC-06,Friday,10,2.0,0,0,66.59,7,24,16,1.06,2.89,1.38,10.15,28.12
2025-10-17,13-14,CR-15,Main Building,30,CLS-01,Software Engineering,FAC-13,Friday,11,1.0,0,0,71.89,8,28,19,0.71,1.05,0.32,4.83,43.33
2025-08-01,13-14,CR-03,Main Building,40,CLS-43,Software Engineering,FAC-27,Friday,20,1.0,0,0,90.33,18,15,39,0.77,1.73,1.31,7.94,43.12
2025-08-12,13-14,CR-14,IT Building,80,CLS-42,Artificial Intelligence,FAC-04,Tuesday,22,2.0,1,0,80.59,18,17,8,0.88,0.11,0.34,1.62,3.41
2025-06-09,11-12,CR-04,Science Building,30,CLS-32,DBMS,FAC-04,Monday,7,2.0,1,0,85.06,6,25,15,0.3,0.07,0.33,0.88,9.24
2025-11-27,12-13,CR-02,Main Building,50,CLS-24,DBMS,FAC-20,Thursday,14,1.0,0,0,86.28,12,12,29,0.74,1.57,0.5,7.18,24.0
2025-12-23,08-09,CR-12,IT Building,80,CLS-36,Computer Networks,FAC-27,Tuesday,39,3.0,1,0,94.38,37,46,33,0.29,0.18,0.03,2.21,5.5
2025-06-19,12-13,CR-03,Main Building,40,CLS-14,Software Engineering,FAC-04,Thursday,11,2.0,0,1,73.83,8,30,12,2.13,0.54,1.1,11.35,36.91
2025-11-16,11-12,CR-19,Main Building,30,CLS-41,Data Science,FAC-18,Sunday,23,1.5,1,0,76.13,18,28,20,0.02,0.06,0.21,0.5,18.65
2025-11-20,15-16,CR-14,IT Building,80,CLS-07,Data Science,FAC-26,Thursday,27,2.0,0,1,82.52,22,55,10,1.59,0.52,1.29,11.73,43.02
2025-11-01,15-16,CR-12,IT Building,80,CLS-21,Software Engineering,FAC-11,Saturday,70,1.0,0,0,96.8,68,53,38,0.9,1.52,0.64,9.55,80.31
2025-08-01,16-17,CR-07,Main Building,30,CLS-25,Software Engineering,FAC-30,Friday,14,1.0,0,0,82.2,12,16,0,1.47,0.69,0.27,6.33,43.33
2025-12-03,08-09,CR-10,Main Building,80,CLS-39,Python,FAC-17,Wednesday,24,1.0,0,0,90.42,22,40,13,1.26,0.68,0.58,7.78,33.12
2025-08-20,08-09,CR-09,Science Building,40,CLS-36,Software Engineering,FAC-18,Wednesday,26,2.0,0,0,76.49,20,8,29,1.09,0.5,0.92,9.18,42.5
2025-08-31,10-11,CR-05,Main Building,80,CLS-17,Artificial Intelligence,FAC-29,Sunday,53,1.0,0,0,86.33,46,50,5,1.47,1.77,0.28,9.19,58.75
2025-10-25,14-15,CR-19,Main Building,30,CLS-14,Machine Learning,FAC-24,Saturday,16,3.0,0,0,90.75,15,19,26,1.51,1.89,1.08,13.01,53.33
2025-11-24,09-10,CR-20,Main Building,60,CLS-42,Web Development,FAC-02,Monday,48,1.5,0,0,67.17,32,30,22,0.65,0.99,1.1,8.07,52.5
2025-12-27,14-15,CR-14,IT Building,80,CLS-08,DBMS,FAC-24,Saturday,57,3.0,0,0,66.91,38,60,3,2.88,3.8,2.41,23.14,54.38
2025-08-18,16-17,CR-02,Main Building,50,CLS-21,Software Engineering,FAC-19,Monday,19,1.0,0,0,97.71,19,16,3,0.93,1.94,0.34,6.38,36.5
2025-11-20,14-15,CR-15,Main Building,30,CLS-49,Statistics,FAC-19,Thursday,22,1.0,0,0,71.46,16,13,25,0.43,1.43,1.23,5.89,50.83
2025-09-09,10-11,CR-05,Main Building,80,CLS-22,Machine Learning,FAC-16,Tuesday,52,2.0,0,1,84.08,44,63,16,0.58,2.53,1.68,12.55,63.45
2025-10-07,14-15,CR-05,Main Building,80,CLS-49,Data Science,FAC-16,Tuesday,51,1.0,0,0,73.58,38,37,35,0.68,1.88,0.61,8.46,47.19
2025-11-05,16-17,CR-08,Main Building,30,CLS-16,Machine Learning,FAC-09,Wednesday,19,1.0,1,1,80.51,15,6,3,0.89,0.35,0.03,1.05,11.02
2025-08-29,11-12,CR-11,Main Building,80,CLS-23,Statistics,FAC-21,Friday,17,3.0,0,0,69.43,12,56,39,2.88,2.35,0.92,20.98,28.75
2025-12-28,15-16,CR-20,Main Building,60,CLS-10,Operating Systems,FAC-02,Sunday,26,1.0,1,0,81.52,21,18,5,0.68,0.04,0.14,1.19,4.51
2025-06-14,11-12,CR-20,Main Building,60,CLS-10,Web Development,FAC-01,Saturday,33,2.0,0,0,83.04,27,37,30,1.22,0.61,0.62,10.2,49.17
2025-06-06,13-14,CR-07,Main Building,30,CLS-48,Software Engineering,FAC-07,Friday,12,2.0,0,0,79.7,10,21,15,0.72,0.62,2.15,7.47,42.5
2025-11-07,10-11,CR-01,Main Building,30,CLS-25,Statistics,FAC-29,Friday,27,2.0,0,0,96.7,26,9,1,0.69,2.88,2.49,9.88,72.5
2025-08-12,11-12,CR-20,Main Building,60,CLS-18,Python,FAC-15,Tuesday,53,1.0,0,0,88.49,47,51,17,1.48,1.35,0.57,9.43,80.0
2025-11-17,13-14,CR-04,Science Building,30,CLS-02,Web Development,FAC-28,Monday,26,1.5,0,0,67.41,18,20,22,1.34,2.46,0.58,9.17,61.67
2025-06-26,13-14,CR-16,IT Building,60,CLS-39,Software Engineering,FAC-03,Thursday,23,1.0,0,0,91.16,21,44,1,1.38,1.92,1.45,8.7,44.58
2025-06-11,11-12,CR-17,Main Building,50,CLS-20,Artificial Intelligence,FAC-16,Wednesday,35,2.0,0,0,89.99,31,29,22,0.61,1.69,1.87,9.59,61.0
2025-08-30,12-13,CR-08,Main Building,30,CLS-33,Web Development,FAC-26,Saturday,7,2.0,0,0,73.16,5,4,30,1.69,2.17,0.62,11.56,15.83
2025-10-21,12-13,CR-08,Main Building,30,CLS-10,Artificial Intelligence,FAC-29,Tuesday,18,2.0,0,0,81.46,15,27,12,0.28,0.52,1.05,5.53,60.0
2025-10-12,11-12,CR-14,IT Building,80,CLS-16,Statistics,FAC-05,Sunday,43,1.0,0,0,95.56,41,69,34,0.54,1.45,0.53,8.05,60.0
2025-07-04,11-12,CR-05,Main Building,80,CLS-38,Software Engineering,FAC-22,Friday,67,1.0,0,0,89.05,60,29,27,0.37,1.14,0.29,7.14,65.31
2025-12-15,10-11,CR-19,Main Building,30,CLS-11,Artificial Intelligence,FAC-03,Monday,23,2.0,1,0,80.87,19,9,10,0.66,0.06,0.14,1.53,19.35
2025-07-08,08-09,CR-11,Main Building,80,CLS-27,Computer Networks,FAC-10,Tuesday,44,2.0,1,0,97.78,43,31,12,0.04,0.38,0.19,1.49,6.6
2025-07-18,08-09,CR-20,Main Building,60,CLS-40,Web Development,FAC-20,Friday,48,2.0,0,1,77.95,37,23,14,1.95,2.8,2.39,15.76,61.96
2025-08-31,09-10,CR-16,IT Building,60,CLS-09,Software Engineering,FAC-28,Sunday,50,1.5,1,0,90.99,45,20,24,0.25,0.28,0.18,1.75,15.98
2025-07-06,10-11,CR-07,Main Building,30,CLS-15,Python,FAC-14,Sunday,6,1.0,0,0,86.67,5,27,21,0.55,0.79,1.4,5.48,35.0
2025-07-22,11-12,CR-03,Main Building,40,CLS-12,Operating Systems,FAC-28,Tuesday,27,1.5,1,0,72.29,20,35,15,0.04,0.02,0.09,0.71,13.55
2025-12-16,08-09,CR-20,Main Building,60,CLS-48,Computer Networks,FAC-24,Tuesday,32,1.5,0,1,93.6,30,47,34,0.74,2.4,1.27,11.16,62.23
2025-11-28,08-09,CR-17,Main Building,50,CLS-07,Operating Systems,FAC-15,Friday,12,1.0,0,1,82.05,10,32,2,1.2,0.92,0.69,6.66,36.35
2025-10-11,08-09,CR-07,Main Building,30,CLS-19,Operating Systems,FAC-13,Saturday,15,3.0,0,0,94.51,14,9,13,2.85,3.62,1.4,18.99,42.5
2025-08-15,08-09,CR-17,Main Building,50,CLS-10,Operating Systems,FAC-27,Friday,38,1.0,1,1,81.42,31,14,11,0.2,0.3,0.09,1.53,22.95
2025-11-26,16-17,CR-05,Main Building,80,CLS-26,Computer Networks,FAC-11,Wednesday,44,1.0,0,0,75.94,33,37,29,1.32,0.81,0.34,8.11,42.5
2025-06-24,12-13,CR-11,Main Building,80,CLS-45,Data Science,FAC-23,Tuesday,62,1.0,0,0,91.76,57,69,40,1.29,1.0,1.12,10.08,75.0
2025-09-01,09-10,CR-17,Main Building,50,CLS-46,Computer Networks,FAC-24,Monday,42,2.0,0,0,90.45,38,42,24,1.72,0.88,2.22,11.89,78.0
2025-06-12,10-11,CR-11,Main Building,80,CLS-37,Data Science,FAC-06,Thursday,71,1.0,0,0,79.03,56,65,19,0.3,0.69,1.21,7.16,72.81
2025-08-19,15-16,CR-10,Main Building,80,CLS-41,Data Science,FAC-04,Tuesday,73,1.0,0,0,65.0,47,44,0,0.77,1.28,0.32,7.15,57.81
2025-09-26,15-16,CR-16,IT Building,60,CLS-35,Python,FAC-20,Friday,43,1.0,0,1,72.6,31,51,30,0.25,1.59,1.46,7.53,64.72
2025-09-22,09-10,CR-20,Main Building,60,CLS-39,Python,FAC-08,Monday,47,1.0,0,1,72.4,34,22,3,1.08,1.61,1.31,8.32,54.78
2025-06-15,13-14,CR-02,Main Building,50,CLS-10,Python,FAC-22,Sunday,46,3.0,0,0,75.73,35,28,5,2.21,3.36,0.75,17.01,66.5
2025-06-13,09-10,CR-14,IT Building,80,CLS-12,Data Science,FAC-22,Friday,34,2.0,1,1,77.24,26,34,29,0.9,0.4,0.49,2.36,8.63
2025-06-10,09-10,CR-10,Main Building,80,CLS-21,Artificial Intelligence,FAC-29,Tuesday,40,3.0,0,0,84.49,34,20,18,2.07,0.77,1.75,16.51,38.12
2025-09-29,10-11,CR-04,Science Building,30,CLS-45,Web Development,FAC-11,Monday,22,1.5,0,0,88.41,19,26,6,0.54,2.06,1.27,7.09,69.17
2025-11-04,08-09,CR-04,Science Building,30,CLS-37,Software Engineering,FAC-03,Tuesday,21,2.0,1,1,74.79,16,26,9,0.71,0.38,0.05,1.16,23.47
2025-08-06,16-17,CR-19,Main Building,30,CLS-40,Artificial Intelligence,FAC-30,Wednesday,10,2.0,0,0,81.96,8,20,23,1.4,1.42,2.35,10.83,36.67
2025-11-09,15-16,CR-16,IT Building,60,CLS-12,Statistics,FAC-08,Sunday,57,1.0,0,0,88.57,50,16,1,0.83,1.88,1.12,7.98,69.17
2025-09-28,09-10,CR-07,Main Building,30,CLS-40,Computer Networks,FAC-14,Sunday,7,1.0,0,1,89.06,6,24,6,1.33,0.91,1.26,7.09,37.07
2025-07-22,12-13,CR-09,Science Building,40,CLS-05,Web Development,FAC-10,Tuesday,24,2.0,0,0,76.08,18,13,21,2.45,2.64,1.83,14.68,41.88
2025-08-27,14-15,CR-19,Main Building,30,CLS-40,Python,FAC-27,Wednesday,11,1.0,0,0,88.99,10,25,15,0.95,1.92,0.87,6.55,45.83
2025-09-30,08-09,CR-05,Main Building,80,CLS-31,Data Science,FAC-21,Tuesday,45,3.0,0,0,90.94,41,71,26,2.27,1.85,0.32,17.28,60.62
2025-12-08,08-09,CR-17,Main Building,50,CLS-20,Statistics,FAC-24,Monday,30,2.0,0,0,92.69,28,20,36,0.28,2.26,2.43,9.79,52.0
2025-11-23,13-14,CR-12,IT Building,80,CLS-05,Data Science,FAC-09,Sunday,69,1.0,0,0,88.26,61,33,36,1.27,1.32,1.46,10.34,67.5
2025-11-03,14-15,CR-06,IT Building,80,CLS-39,Machine Learning,FAC-28,Monday,66,3.0,0,0,66.71,44,16,17,1.64,3.01,2.62,18.98,46.25
2025-09-14,09-10,CR-16,IT Building,60,CLS-16,Artificial Intelligence,FAC-15,Sunday,31,1.0,0,0,83.24,26,20,7,0.75,0.7,1.33,6.38,40.83
2025-09-04,08-09,CR-07,Main Building,30,CLS-06,Operating Systems,FAC-17,Thursday,6,3.0,0,1,70.19,4,8,6,1.1,1.52,2.65,12.41,20.71
2025-10-02,16-17,CR-10,Main Building,80,CLS-50,Artificial Intelligence,FAC-05,Thursday,65,3.0,0,1,73.27,48,28,13,1.97,2.5,2.54,20.7,60.1
2025-09-26,14-15,CR-17,Main Building,50,CLS-08,Python,FAC-10,Friday,12,2.0,0,0,94.9,11,28,29,0.28,2.19,0.37,7.39,30.5
2025-06-12,09-10,CR-17,Main Building,50,CLS-50,Web Development,FAC-01,Thursday,46,3.0,0,0,75.12,35,27,12,1.22,2.67,1.17,13.93,66.0
2025-07-20,12-13,CR-09,Science Building,40,CLS-35,Artificial Intelligence,FAC-25,Sunday,22,2.0,0,0,89.18,20,15,10,1.16,0.67,2.01,8.92,46.88
2025-08-10,09-10,CR-01,Main Building,30,CLS-40,Software Engineering,FAC-17,Sunday,9,1.0,0,0,87.62,8,21,10,0.67,0.58,0.72,4.41,37.5
2025-08-09,10-11,CR-10,Main Building,80,CLS-37,DBMS,FAC-06,Saturday,20,1.0,0,0,96.17,19,68,3,1.05,1.51,1.04,7.72,39.06
2025-07-04,08-09,CR-16,IT Building,60,CLS-44,Python,FAC-04,Friday,36,1.0,0,0,89.78,32,34,11,0.38,0.92,0.6,5.33,54.17
2025-11-28,15-16,CR-20,Main Building,60,CLS-23,Web Development,FAC-11,Friday,24,2.0,1,1,79.26,19,14,29,0.98,0.03,0.26,2.13,4.47
2025-12-23,15-16,CR-04,Science Building,30,CLS-30,Web Development,FAC-22,Tuesday,26,2.0,0,0,89.35,23,11,30,1.84,1.56,1.03,11.5,66.67
2025-07-28,10-11,CR-20,Main Building,60,CLS-17,Artificial Intelligence,FAC-13,Monday,23,2.0,1,0,78.12,18,29,29,0.26,0.1,0.24,1.31,8.52
2025-06-17,15-16,CR-04,Science Building,30,CLS-23,Operating Systems,FAC-15,Tuesday,11,1.0,0,1,86.67,10,22,4,1.46,1.41,0.35,7.13,48.38
2025-09-12,09-10,CR-11,Main Building,80,CLS-36,Machine Learning,FAC-26,Friday,35,2.0,0,0,67.49,24,64,15,2.39,1.24,0.46,14.02,42.5
2025-11-06,11-12,CR-18,IT Building,40,CLS-11,Operating Systems,FAC-13,Thursday,10,1.0,0,1,86.4,9,33,27,0.58,0.52,1.46,6.7,42.9
2025-08-27,16-17,CR-08,Main Building,30,CLS-12,Machine Learning,FAC-24,Wednesday,28,2.0,0,0,73.28,21,22,19,1.77,2.27,1.62,11.97,70.83
2025-09-27,13-14,CR-18,IT Building,40,CLS-07,Operating Systems,FAC-06,Saturday,17,1.5,0,1,84.72,14,12,38,1.77,2.39,0.44,11.81,40.38
2025-09-06,13-14,CR-16,IT Building,60,CLS-42,Python,FAC-03,Saturday,25,3.0,0,1,70.11,18,57,40,2.85,3.08,2.68,24.22,53.11
2025-12-11,10-11,CR-05,Main Building,80,CLS-29,Software Engineering,FAC-10,Thursday,40,2.0,0,0,88.14,35,37,13,1.78,1.52,0.28,11.76,44.38
2025-11-22,13-14,CR-10,Main Building,80,CLS-37,Web Development,FAC-30,Saturday,76,1.5,1,0,84.24,64,23,37,0.25,0.23,0.48,2.22,6.88
2025-10-09,14-15,CR-05,Main Building,80,CLS-19,Python,FAC-12,Thursday,73,2.0,0,0,71.22,52,57,7,1.76,2.94,0.48,14.01,66.56
2025-08-12,08-09,CR-08,Main Building,30,CLS-28,Statistics,FAC-13,Tuesday,26,1.0,1,0,65.27,17,16,12,0.43,0.05,0.37,0.98,12.87
2025-07-25,10-11,CR-16,IT Building,60,CLS-09,DBMS,FAC-18,Friday,36,3.0,0,0,73.54,26,18,18,1.44,3.03,0.27,14.8,40.0
2025-11-19,10-11,CR-05,Main Building,80,CLS-01,Machine Learning,FAC-21,Wednesday,17,1.0,1,0,84.45,14,67,8,0.61,0.32,0.12,1.24,4.27
2025-11-12,14-15,CR-15,Main Building,30,CLS-45,Statistics,FAC-30,Wednesday,19,2.0,0,0,71.58,14,20,13,2.22,2.35,0.28,12.16,51.67
2025-10-20,15-16,CR-13,IT Building,40,CLS-23,DBMS,FAC-06,Monday,21,2.0,0,1,73.2,15,37,15,0.73,1.18,0.81,8.27,57.52
2025-08-08,14-15,CR-18,IT Building,40,CLS-37,Artificial Intelligence,FAC-02,Friday,9,2.0,0,0,89.18,8,13,37,1.62,2.18,0.43,11.35,23.12
2025-10-02,09-10,CR-05,Main Building,80,CLS-47,Software Engineering,FAC-28,Thursday,64,3.0,0,0,96.4,62,22,33,2.56,3.32,2.51,22.97,65.0
2025-11-04,09-10,CR-08,Main Building,30,CLS-31,Machine Learning,FAC-22,Tuesday,26,2.0,0,0,71.61,19,23,1,1.64,2.36,1.91,11.55,66.67
2025-08-27,16-17,CR-01,Main Building,30,CLS-31,Operating Systems,FAC-17,Wednesday,21,2.0,1,0,82.21,17,17,11,0.07,0.19,0.46,1.3,22.0
2025-12-22,12-13,CR-10,Main Building,80,CLS-11,Python,FAC-23,Monday,75,2.0,1,0,73.87,55,45,3,0.37,0.45,0.33,2.47,18.95
2025-10-27,10-11,CR-19,Main Building,30,CLS-04,Web Development,FAC-26,Monday,25,1.0,0,0,90.98,23,6,4,0.82,1.45,0.56,5.69,62.5
2025-10-08,09-10,CR-09,Science Building,40,CLS-17,Data Science,FAC-20,Wednesday,16,1.0,0,0,79.6,13,13,38,1.06,1.9,0.33,8.3,32.5
2025-07-15,10-11,CR-15,Main Building,30,CLS-24,Data Science,FAC-09,Tuesday,28,1.0,0,0,92.22,26,20,27,0.62,1.17,0.28,5.87,81.67
2025-06-09,13-14,CR-03,Main Building,40,CLS-10,Statistics,FAC-30,Monday,34,1.0,0,0,66.85,23,30,15,0.86,1.89,0.38,6.49,61.87
2025-11-17,15-16,CR-06,IT Building,80,CLS-14,Statistics,FAC-24,Monday,69,1.0,0,0,90.23,62,26,3,0.76,1.48,0.58,7.68,66.25
2025-07-13,15-16,CR-13,IT Building,40,CLS-31,Web Development,FAC-16,Sunday,31,3.0,0,0,67.33,21,30,24,0.76,2.82,2.67,13.62,58.12
2025-09-30,12-13,CR-05,Main Building,80,CLS-34,Computer Networks,FAC-01,Tuesday,34,3.0,0,0,91.87,31,52,33,2.13,0.89,1.05,16.22,45.31
2025-11-22,08-09,CR-04,Science Building,30,CLS-35,Artificial Intelligence,FAC-28,Saturday,19,2.0,1,0,82.0,16,14,8,0.54,0.18,0.18,1.05,9.31
2025-06-26,12-13,CR-19,Main Building,30,CLS-26,Operating Systems,FAC-25,Thursday,27,2.0,0,1,92.34,25,28,6,2.03,1.27,2.31,12.81,90.95
2025-11-21,10-11,CR-11,Main Building,80,CLS-36,Python,FAC-22,Friday,16,3.0,0,0,76.7,12,64,6,1.64,3.79,2.66,17.98,31.25
2025-10-13,09-10,CR-15,Main Building,30,CLS-23,DBMS,FAC-24,Monday,15,1.0,0,0,68.38,10,4,19,0.74,1.33,0.88,6.2,28.33
2025-06-24,08-09,CR-20,Main Building,60,CLS-43,DBMS,FAC-20,Tuesday,52,1.0,1,0,87.34,45,14,38,0.84,0.43,0.37,1.77,8.63
2025-11-16,10-11,CR-04,Science Building,30,CLS-45,Data Science,FAC-09,Sunday,15,1.5,1,0,79.49,12,24,14,0.61,0.08,0.34,1.35,18.84
2025-08-10,14-15,CR-11,Main Building,80,CLS-17,Data Science,FAC-25,Sunday,20,1.0,0,0,72.58,15,61,21,0.4,0.75,0.25,5.7,33.12
2025-06-16,12-13,CR-09,Science Building,40,CLS-12,Operating Systems,FAC-03,Monday,23,1.0,0,0,88.72,20,17,31,1.17,1.27,0.45,7.38,48.12
2025-06-28,10-11,CR-18,IT Building,40,CLS-50,Computer Networks,FAC-07,Saturday,27,2.0,0,0,68.48,18,22,6,0.75,1.8,1.62,8.38,47.5
2025-06-09,09-10,CR-03,Main Building,40,CLS-37,Web Development,FAC-25,Monday,22,1.0,0,0,73.1,16,6,2,0.32,1.09,0.54,4.82,33.75
2025-11-18,14-15,CR-09,Science Building,40,CLS-10,Artificial Intelligence,FAC-29,Tuesday,20,2.0,0,1,78.72,16,37,30,1.22,1.85,1.82,12.49,57.74
2025-12-04,09-10,CR-18,IT Building,40,CLS-15,Python,FAC-13,Thursday,38,2.0,0,0,88.17,34,28,21,0.64,1.75,1.18,9.0,81.25
2025-11-22,12-13,CR-13,IT Building,40,CLS-04,Machine Learning,FAC-12,Saturday,25,3.0,0,0,82.57,21,35,18,0.57,2.62,0.57,10.69,61.25
2025-11-13,11-12,CR-06,IT Building,80,CLS-36,Python,FAC-13,Thursday,58,1.0,0,0,76.13,44,25,40,0.43,1.54,0.51,8.34,49.06
2025-11-24,13-14,CR-16,IT Building,60,CLS-06,Operating Systems,FAC-24,Monday,24,1.0,0,0,71.74,17,10,37,0.88,1.13,0.27,7.37,25.42
2025-08-01,15-16,CR-13,IT Building,40,CLS-05,Software Engineering,FAC-21,Friday,17,1.5,0,0,91.16,15,7,2,0.37,1.45,1.23,6.32,32.5
2025-08-26,08-09,CR-11,Main Building,80,CLS-47,Python,FAC-13,Tuesday,23,1.0,1,1,73.36,17,70,34,0.01,0.36,0.27,1.67,11.15
2025-06-19,08-09,CR-05,Main Building,80,CLS-32,Python,FAC-16,Thursday,74,2.0,0,0,92.59,69,28,0,2.1,2.61,1.34,15.33,73.44
2025-07-15,08-09,CR-10,Main Building,80,CLS-07,Operating Systems,FAC-20,Tuesday,26,3.0,0,0,79.89,21,25,7,0.75,3.49,2.68,14.79,27.5
2025-10-06,11-12,CR-03,Main Building,40,CLS-13,Computer Networks,FAC-11,Monday,33,3.0,1,0,80.39,27,26,7,0.08,0.19,0.4,1.34,26.27
2025-10-26,16-17,CR-05,Main Building,80,CLS-21,DBMS,FAC-25,Sunday,18,2.0,0,0,67.21,12,20,7,2.22,1.47,1.47,13.4,17.5
2025-08-10,10-11,CR-14,IT Building,80,CLS-11,Artificial Intelligence,FAC-18,Sunday,26,1.5,0,1,96.95,25,17,8,0.37,1.8,0.38,8.11,31.35
2025-11-09,14-15,CR-06,IT Building,80,CLS-02,Operating Systems,FAC-03,Sunday,16,1.0,0,0,79.3,13,48,26,1.5,1.34,0.65,9.04,27.19
2025-11-25,15-16,CR-05,Main Building,80,CLS-14,Data Science,FAC-21,Tuesday,33,2.0,0,0,72.26,24,42,11,1.04,1.43,0.4,9.66,35.62
2025-11-04,08-09,CR-20,Main Building,60,CLS-12,Operating Systems,FAC-20,Tuesday,17,2.0,0,0,88.85,15,35,0,1.73,2.27,0.27,10.44,33.33
2025-10-21,11-12,CR-07,Main Building,30,CLS-08,Software Engineering,FAC-04,Tuesday,25,1.0,0,1,72.18,18,11,14,1.08,1.23,0.26,7.07,60.79
2025-11-16,11-12,CR-09,Science Building,40,CLS-04,DBMS,FAC-04,Sunday,33,1.0,1,0,83.1,27,37,11,0.07,0.38,0.29,1.12,10.91
2025-06-12,08-09,CR-12,IT Building,80,CLS-19,DBMS,FAC-14,Thursday,32,1.0,0,0,90.8,29,17,6,1.19,1.7,0.9,8.61,32.5
2025-12-07,08-09,CR-18,IT Building,40,CLS-12,Data Science,FAC-26,Sunday,8,1.5,0,0,85.48,7,10,15,1.55,0.84,0.59,8.0,19.38
2025-12-02,15-16,CR-19,Main Building,30,CLS-38,Artificial Intelligence,FAC-14,Tuesday,12,2.0,1,0,94.38,11,11,24,0.75,0.45,0.38,2.06,4.88
2025-07-29,09-10,CR-08,Main Building,30,CLS-48,Computer Networks,FAC-28,Tuesday,12,1.5,0,0,94.34,11,19,18,1.26,1.76,0.52,8.47,43.33
2025-10-03,08-09,CR-14,IT Building,80,CLS-10,DBMS,FAC-30,Friday,55,1.5,0,0,80.64,44,59,8,1.5,1.04,0.6,9.81,59.69
2025-09-26,11-12,CR-12,IT Building,80,CLS-18,DBMS,FAC-11,Friday,24,1.0,1,1,72.09,17,19,17,0.42,0.45,0.25,1.33,8.78
2025-09-26,14-15,CR-06,IT Building,80,CLS-49,Artificial Intelligence,FAC-08,Friday,72,1.0,0,0,71.2,51,33,36,0.35,1.54,0.73,8.32,58.12
2025-10-20,11-12,CR-03,Main Building,40,CLS-27,Software Engineering,FAC-16,Monday,35,1.0,0,0,91.28,32,35,17,0.59,1.54,0.58,6.56,81.88
2025-06-04,14-15,CR-08,Main Building,30,CLS-16,Artificial Intelligence,FAC-14,Wednesday,24,1.0,0,0,95.99,23,22,28,1.05,0.99,0.59,6.97,75.83
2025-06-02,14-15,CR-02,Main Building,50,CLS-03,Operating Systems,FAC-24,Monday,42,1.0,0,1,72.22,30,32,30,0.99,0.9,1.08,8.19,67.86
2025-11-26,09-10,CR-15,Main Building,30,CLS-32,DBMS,FAC-03,Wednesday,23,3.0,0,0,91.89,21,10,4,2.39,3.16,0.77,16.19,60.83
2025-08-31,12-13,CR-08,Main Building,30,CLS-42,Machine Learning,FAC-01,Sunday,21,2.0,0,0,77.16,16,26,14,1.22,0.58,0.83,7.95,61.67
2025-10-25,08-09,CR-15,Main Building,30,CLS-30,Data Science,FAC-28,Saturday,28,1.5,0,0,66.11,19,24,14,1.79,0.99,1.23,9.49,67.5
2025-11-28,08-09,CR-03,Main Building,40,CLS-25,Artificial Intelligence,FAC-17,Friday,9,1.0,0,0,75.66,7,19,5,1.37,1.83,0.66,7.35,25.0
2025-11-06,13-14,CR-02,Main Building,50,CLS-33,Artificial Intelligence,FAC-29,Thursday,13,1.0,0,0,94.73,12,36,39,1.5,1.74,1.31,9.64,36.0
2025-06-11,13-14,CR-12,IT Building,80,CLS-12,Software Engineering,FAC-23,Wednesday,20,2.0,1,0,67.22,13,29,21,0.09,0.5,0.16,1.18,3.65
2025-06-30,15-16,CR-19,Main Building,30,CLS-45,DBMS,FAC-25,Monday,13,1.0,0,0,89.69,12,20,21,1.26,1.79,1.5,7.77,46.67
2025-09-17,12-13,CR-02,Main Building,50,CLS-05,Artificial Intelligence,FAC-12,Wednesday,38,1.5,0,1,65.74,25,14,30,0.88,2.07,1.24,10.29,50.76
2025-11-21,16-17,CR-10,Main Building,80,CLS-29,Statistics,FAC-12,Friday,67,2.0,1,0,75.32,50,36,29,0.65,0.12,0.01,2.33,7.33
2025-09-09,10-11,CR-10,Main Building,80,CLS-05,Machine Learning,FAC-06,Tuesday,33,1.0,1,0,90.16,30,75,9,0.04,0.42,0.31,1.51,18.69
2025-10-12,08-09,CR-10,Main Building,80,CLS-27,Software Engineering,FAC-30,Sunday,24,1.5,0,0,83.59,20,68,1,1.34,2.23,1.28,10.35,40.0
2025-08-14,11-12,CR-03,Main Building,40,CLS-02,DBMS,FAC-27,Thursday,38,2.0,1,0,89.97,34,32,37,0.44,0.35,0.19,1.74,16.99
2025-11-13,13-14,CR-16,IT Building,60,CLS-38,Software Engineering,FAC-27,Thursday,47,1.5,0,0,72.55,34,45,8,1.29,2.36,1.88,10.98,61.25
2025-12-20,12-13,CR-06,IT Building,80,CLS-17,DBMS,FAC-16,Saturday,39,1.0,0,0,71.98,28,57,18,1.49,1.97,1.06,9.5,44.06
2025-09-25,10-11,CR-20,Main Building,60,CLS-11,Software Engineering,FAC-10,Thursday,23,1.0,1,0,91.55,21,19,15,0.72,0.3,0.03,1.86,4.62
2025-08-21,10-11,CR-15,Main Building,30,CLS-17,Artificial Intelligence,FAC-06,Thursday,12,2.0,1,0,87.36,10,25,10,0.37,0.47,0.08,1.05,18.03
2025-07-08,13-14,CR-15,Main Building,30,CLS-35,Data Science,FAC-18,Tuesday,15,1.0,0,0,81.51,12,19,24,1.11,1.55,1.06,7.19,45.83
2025-07-08,15-16,CR-11,Main Building,80,CLS-10,Python,FAC-24,Tuesday,50,2.0,0,0,85.99,43,72,18,1.6,0.95,1.84,12.52,62.81
2025-12-11,10-11,CR-19,Main Building,30,CLS-47,Operating Systems,FAC-11,Thursday,28,1.0,1,0,80.02,22,5,4,0.67,0.42,0.08,1.5,17.95
2025-06-30,12-13,CR-01,Main Building,30,CLS-26,Statistics,FAC-27,Monday,13,1.5,0,0,92.66,12,14,1,1.65,2.42,1.19,9.77,41.67
2025-11-03,11-12,CR-19,Main Building,30,CLS-34,DBMS,FAC-26,Monday,14,1.0,0,0,81.12,11,21,27,0.75,0.73,0.97,6.06,45.0
2025-09-23,09-10,CR-17,Main Building,50,CLS-26,DBMS,FAC-16,Tuesday,30,2.0,0,1,84.25,25,10,23,1.58,1.39,0.37,11.57,46.89
2025-12-01,14-15,CR-12,IT Building,80,CLS-25,Artificial Intelligence,FAC-01,Monday,34,1.0,0,0,66.05,22,69,35,0.78,0.63,1.01,7.58,42.19
2025-06-23,11-12,CR-15,Main Building,30,CLS-48,Computer Networks,FAC-26,Monday,20,1.0,0,0,93.48,19,27,28,1.36,0.79,1.17,7.77,70.0
2025-09-15,10-11,CR-19,Main Building,30,CLS-39,Machine Learning,FAC-05,Monday,12,1.0,0,1,74.46,9,14,2,1.25,2.0,0.29,7.36,41.77
2025-10-30,14-15,CR-03,Main Building,40,CLS-01,Computer Networks,FAC-21,Thursday,37,1.0,0,0,97.12,36,35,36,0.83,1.77,0.33,7.77,89.38
2025-12-11,10-11,CR-07,Main Building,30,CLS-12,Computer Networks,FAC-10,Thursday,23,1.5,0,0,76.06,17,22,9,0.37,2.45,1.68,7.22,60.83
2025-10-05,16-17,CR-15,Main Building,30,CLS-15,Python,FAC-26,Sunday,6,1.0,0,0,67.34,4,24,26,0.51,0.84,0.84,5.08,30.0
2025-11-10,15-16,CR-04,Science Building,30,CLS-42,Web Development,FAC-14,Monday,11,1.5,1,0,73.86,8,4,3,0.1,0.08,0.07,0.71,7.69
2025-10-05,09-10,CR-20,Main Building,60,CLS-48,Artificial Intelligence,FAC-19,Sunday,42,2.0,0,0,74.19,31,49,30,2.05,1.32,0.92,13.4,59.17
2025-11-25,09-10,CR-12,IT Building,80,CLS-33,Statistics,FAC-01,Tuesday,70,1.0,0,1,72.67,51,19,9,0.41,0.88,0.69,7.22,57.67
2025-11-25,10-11,CR-12,IT Building,80,CLS-11,Python,FAC-09,Tuesday,39,1.5,1,0,71.95,28,18,18,0.81,0.07,0.17,1.87,5.98
2025-11-11,09-10,CR-17,Main Building,50,CLS-13,Data Science,FAC-25,Tuesday,16,2.0,0,1,93.53,15,27,20,0.6,0.71,1.34,8.42,42.96
2025-11-23,12-13,CR-09,Science Building,40,CLS-44,Artificial Intelligence,FAC-04,Sunday,25,2.0,0,0,91.53,23,6,8,0.56,1.95,1.39,7.75,46.87
2025-10-11,12-13,CR-12,IT Building,80,CLS-50,Operating Systems,FAC-14,Saturday,37,1.0,0,0,69.75,26,31,32,1.03,0.91,0.86,8.48,34.06
2025-07-27,11-12,CR-18,IT Building,40,CLS-40,Software Engineering,FAC-28,Sunday,25,2.0,0,0,75.11,19,32,29,2.1,0.64,1.19,11.68,55.62
2025-06-20,09-10,CR-05,Main Building,80,CLS-02,Operating Systems,FAC-12,Friday,35,2.0,0,0,80.13,28,68,38,1.88,1.94,1.75,14.99,47.5
2025-10-12,13-14,CR-06,IT Building,80,CLS-46,Web Development,FAC-01,Sunday,63,3.0,0,0,75.36,47,28,9,1.73,3.44,2.97,19.58,52.81
2025-11-24,11-12,CR-10,Main Building,80,CLS-09,DBMS,FAC-05,Monday,21,1.5,1,0,94.35,20,21,1,0.37,0.1,0.24,1.29,8.41
2025-12-11,14-15,CR-02,Main Building,50,CLS-13,Machine Learning,FAC-02,Thursday,42,2.0,0,0,80.94,34,14,16,2.14,1.4,2.18,14.05,58.0
2025-06-12,09-10,CR-10,Main Building,80,CLS-43,Python,FAC-25,Thursday,22,3.0,0,1,78.42,17,38,37,1.15,2.09,2.35,16.95,35.22
2025-07-18,13-14,CR-01,Main Building,30,CLS-06,Data Science,FAC-28,Friday,14,2.0,0,0,96.4,13,9,27,0.64,1.92,1.55,8.7,40.0
2025-10-07,11-12,CR-17,Main Building,50,CLS-37,Machine Learning,FAC-04,Tuesday,47,3.0,0,1,81.16,38,20,12,2.02,1.3,1.77,16.99,74.79
2025-07-14,16-17,CR-01,Main Building,30,CLS-47,Machine Learning,FAC-30,Monday,12,2.0,1,0,69.66,8,15,22,0.57,0.09,0.14,1.07,9.0
2025-09-21,09-10,CR-06,IT Building,80,CLS-23,Computer Networks,FAC-14,Sunday,29,2.0,0,0,72.22,21,26,20,0.66,2.56,0.89,10.29,27.81
2025-07-02,15-16,CR-04,Science Building,30,CLS-34,Data Science,FAC-16,Wednesday,17,2.0,0,1,77.36,13,27,1,2.04,1.42,0.45,11.1,57.49
2025-10-05,09-10,CR-13,IT Building,40,CLS-19,Operating Systems,FAC-20,Sunday,31,1.0,1,0,83.37,26,20,35,0.85,0.4,0.09,1.28,13.61
2025-09-18,11-12,CR-03,Main Building,40,CLS-31,Artificial Intelligence,FAC-06,Thursday,8,2.0,0,0,72.2,6,31,28,2.22,1.12,0.84,12.18,30.62
2025-10-12,09-10,CR-04,Science Building,30,CLS-10,Computer Networks,FAC-13,Sunday,28,2.0,0,0,65.02,18,6,11,2.21,2.48,1.66,13.19,50.0
2025-07-21,13-14,CR-07,Main Building,30,CLS-39,Computer Networks,FAC-04,Monday,13,3.0,0,0,80.12,10,12,24,1.22,0.83,1.59,11.1,35.0
2025-11-30,12-13,CR-13,IT Building,40,CLS-23,Operating Systems,FAC-22,Sunday,27,1.5,0,1,95.38,26,23,9,0.32,1.08,0.61,6.07,69.73
2025-06-28,09-10,CR-09,Science Building,40,CLS-32,Operating Systems,FAC-08,Saturday,28,1.0,0,0,80.45,23,9,4,0.83,1.64,0.44,6.2,48.75
2025-10-06,08-09,CR-06,IT Building,80,CLS-25,Statistics,FAC-22,Monday,36,1.0,0,1,81.08,29,24,4,0.79,1.4,1.5,8.23,40.65
2025-10-12,15-16,CR-15,Main Building,30,CLS-13,Web Development,FAC-22,Sunday,21,1.5,0,0,92.31,19,21,10,0.55,0.56,0.61,5.64,65.0
2025-12-25,16-17,CR-18,IT Building,40,CLS-02,Python,FAC-14,Thursday,36,1.0,0,0,76.23,27,26,24,0.89,1.42,1.39,7.74,66.88
2025-09-22,15-16,CR-02,Main Building,50,CLS-03,Data Science,FAC-18,Monday,29,2.0,0,0,66.66,19,34,8,0.33,1.88,1.24,8.76,45.5
2025-08-19,14-15,CR-16,IT Building,60,CLS-49,Machine Learning,FAC-19,Tuesday,55,1.5,1,1,92.69,51,52,34,0.16,0.01,0.22,1.49,22.06
2025-07-11,16-17,CR-02,Main Building,50,CLS-26,Web Development,FAC-16,Friday,47,1.5,0,0,85.07,40,25,20,0.74,0.85,0.91,7.79,72.5
2025-06-16,08-09,CR-19,Main Building,30,CLS-03,Data Science,FAC-27,Monday,17,1.0,1,1,91.45,16,4,24,0.39,0.38,0.06,0.98,10.26
2025-06-25,14-15,CR-12,IT Building,80,CLS-23,Computer Networks,FAC-12,Wednesday,19,2.0,0,0,87.35,17,42,19,1.52,2.82,1.12,13.29,29.06
2025-10-30,09-10,CR-03,Main Building,40,CLS-20,Machine Learning,FAC-11,Thursday,13,1.0,0,0,67.18,9,8,29,0.27,1.74,0.91,5.8,21.88
2025-11-16,14-15,CR-19,Main Building,30,CLS-33,Computer Networks,FAC-09,Sunday,6,2.0,0,1,76.39,5,4,10,0.32,2.9,1.75,8.94,20.1
2025-09-08,13-14,CR-19,Main Building,30,CLS-07,Operating Systems,FAC-04,Monday,28,2.0,0,0,95.8,27,19,16,0.85,2.03,1.78,9.69,83.33
2025-12-25,13-14,CR-06,IT Building,80,CLS-40,Web Development,FAC-12,Thursday,43,1.0,0,0,96.26,41,39,18,1.36,1.61,0.6,9.13,50.62
2025-08-07,08-09,CR-10,Main Building,80,CLS-37,Computer Networks,FAC-26,Thursday,30,2.0,1,0,74.29,22,24,37,0.96,0.01,0.36,2.52,5.65
2025-06-18,16-17,CR-16,IT Building,60,CLS-28,DBMS,FAC-12,Wednesday,16,2.0,0,1,97.67,16,28,27,0.95,1.35,0.43,10.31,37.65
2025-08-20,11-12,CR-14,IT Building,80,CLS-26,Web Development,FAC-20,Wednesday,48,1.5,1,1,79.61,38,35,1,0.26,0.17,0.42,1.7,13.34
2025-07-18,15-16,CR-07,Main Building,30,CLS-43,Operating Systems,FAC-09,Friday,26,2.0,0,0,67.04,17,22,23,0.46,0.91,1.59,7.35,60.83
2025-11-08,08-09,CR-17,Main Building,50,CLS-13,Artificial Intelligence,FAC-15,Saturday,19,1.0,0,0,69.97,13,34,26,1.46,1.17,0.88,8.33,36.5
2025-08-21,09-10,CR-07,Main Building,30,CLS-27,Web Development,FAC-27,Thursday,15,2.0,0,0,86.84,13,25,19,1.94,2.38,1.55,12.08,53.33
2025-07-31,14-15,CR-08,Main Building,30,CLS-08,Data Science,FAC-07,Thursday,6,1.0,0,0,94.84,6,19,17,1.27,1.64,0.32,6.71,30.83
2025-09-20,14-15,CR-02,Main Building,50,CLS-13,Data Science,FAC-09,Saturday,18,1.0,0,0,78.28,14,42,11,1.36,1.84,1.39,8.89,42.0
2025-11-12,08-09,CR-16,IT Building,60,CLS-02,Python,FAC-28,Wednesday,17,1.0,0,0,75.36,13,13,26,1.11,0.91,0.49,7.25,21.67
2025-09-02,09-10,CR-13,IT Building,40,CLS-47,Data Science,FAC-08,Tuesday,11,2.0,1,1,79.19,9,13,33,0.83,0.06,0.37,1.64,8.49
2025-12-16,16-17,CR-09,Science Building,40,CLS-32,Machine Learning,FAC-08,Tuesday,27,1.0,0,0,82.54,22,30,15,0.61,1.24,0.62,5.57,60.0
2025-09-17,11-12,CR-05,Main Building,80,CLS-07,Data Science,FAC-07,Wednesday,33,1.5,0,0,70.43,23,19,31,0.45,1.59,1.83,9.77,27.5
2025-10-15,13-14,CR-04,Science Building,30,CLS-21,Software Engineering,FAC-14,Wednesday,21,2.0,0,0,76.35,16,8,11,1.9,2.15,2.35,12.59,46.67
2025-09-30,13-14,CR-10,Main Building,80,CLS-02,Statistics,FAC-02,Tuesday,69,2.0,1,0,86.68,60,42,16,0.9,0.2,0.16,2.58,18.44
2025-08-19,13-14,CR-04,Science Building,30,CLS-35,DBMS,FAC-28,Tuesday,20,1.5,0,0,65.36,13,12,9,1.7,2.1,0.43,9.06,42.5
2025-06-24,11-12,CR-10,Main Building,80,CLS-14,Data Science,FAC-30,Tuesday,44,2.0,0,0,68.92,30,16,17,2.46,1.04,0.4,14.44,33.12
2025-06-21,15-16,CR-16,IT Building,60,CLS-48,Computer Networks,FAC-30,Saturday,33,2.0,0,0,84.63,28,19,16,1.91,0.58,1.73,11.71,42.92
2025-10-08,09-10,CR-12,IT Building,80,CLS-27,Statistics,FAC-24,Wednesday,68,2.0,1,0,70.69,48,70,1,0.57,0.15,0.47,1.93,21.97
2025-11-12,10-11,CR-15,Main Building,30,CLS-42,Data Science,FAC-01,Wednesday,18,1.0,1,0,92.02,17,14,18,0.98,0.13,0.48,0.89,6.75
2025-07-11,11-12,CR-17,Main Building,50,CLS-46,Data Science,FAC-28,Friday,36,3.0,0,0,66.66,24,37,8,0.4,2.92,1.51,11.03,54.5
2025-08-06,10-11,CR-19,Main Building,30,CLS-21,Web Development,FAC-07,Wednesday,8,1.5,0,0,72.48,6,16,28,1.32,1.01,1.26,8.76,28.33
2025-09-05,11-12,CR-01,Main Building,30,CLS-02,Software Engineering,FAC-21,Friday,25,2.0,0,0,92.08,23,18,6,1.32,1.38,1.07,8.96,72.5
2025-08-07,10-11,CR-02,Main Building,50,CLS-26,Statistics,FAC-14,Thursday,26,1.0,0,0,91.59,24,17,36,0.66,0.81,0.36,6.11,44.5
2025-07-01,08-09,CR-17,Main Building,50,CLS-28,Operating Systems,FAC-27,Tuesday,41,1.0,0,0,92.75,38,19,17,0.53,1.07,1.26,5.85,66.5
2025-08-13,15-16,CR-13,IT Building,40,CLS-09,Computer Networks,FAC-28,Wednesday,14,2.0,0,0,92.18,13,18,26,1.12,1.65,0.93,9.68,35.62
2025-07-17,14-15,CR-05,Main Building,80,CLS-02,Web Development,FAC-09,Thursday,31,2.0,0,0,82.54,26,59,37,0.32,1.69,1.17,9.88,42.81
2025-11-23,15-16,CR-03,Main Building,40,CLS-01,Operating Systems,FAC-05,Sunday,35,1.0,1,0,70.32,25,19,24,0.66,0.49,0.28,1.33,18.36
2025-12-06,12-13,CR-03,Main Building,40,CLS-07,Software Engineering,FAC-02,Saturday,9,1.0,0,0,78.78,7,28,38,0.4,1.42,1.42,6.6,30.62
2025-11-19,08-09,CR-01,Main Building,30,CLS-17,Software Engineering,FAC-20,Wednesday,18,1.0,0,0,86.84,16,8,30,0.35,1.03,0.94,5.77,46.67
2025-10-22,08-09,CR-19,Main Building,30,CLS-12,Web Development,FAC-06,Wednesday,22,1.5,0,0,91.88,20,8,2,1.32,1.25,0.7,7.5,56.67
2025-08-21,16-17,CR-14,IT Building,80,CLS-10,Web Development,FAC-04,Thursday,36,1.0,0,0,68.49,25,47,23,0.69,1.12,1.09,7.58,38.12
2025-09-19,12-13,CR-09,Science Building,40,CLS-40,Web Development,FAC-17,Friday,18,1.5,0,0,78.04,14,37,9,0.57,0.81,1.7,6.53,49.38
2025-10-21,15-16,CR-02,Main Building,50,CLS-13,Data Science,FAC-02,Tuesday,24,1.0,0,0,66.38,16,23,10,0.77,0.75,1.35,5.96,35.5
2025-11-28,15-16,CR-14,IT Building,80,CLS-08,Operating Systems,FAC-02,Friday,44,1.0,1,1,81.58,36,74,29,0.73,0.48,0.11,1.99,21.87
2025-07-08,09-10,CR-12,IT Building,80,CLS-06,DBMS,FAC-28,Tuesday,34,1.0,0,1,94.24,32,46,36,1.42,1.87,1.04,10.82,51.72
2025-10-28,11-12,CR-19,Main Building,30,CLS-01,Software Engineering,FAC-25,Tuesday,24,1.0,0,0,89.83,22,11,24,0.91,1.52,0.79,7.34,64.17
2025-10-06,09-10,CR-11,Main Building,80,CLS-02,Web Development,FAC-22,Monday,59,1.0,0,0,89.14,53,25,20,1.28,0.72,1.29,9.43,57.5
2025-07-10,08-09,CR-03,Main Building,40,CLS-30,Operating Systems,FAC-15,Thursday,28,1.0,0,0,79.23,22,27,2,0.72,1.87,0.56,6.23,58.13
2025-11-15,15-16,CR-11,Main Building,80,CLS-47,Statistics,FAC-05,Saturday,29,3.0,0,0,92.86,27,53,3,1.58,2.3,1.1,14.25,41.88
2025-12-08,09-10,CR-18,IT Building,40,CLS-39,Computer Networks,FAC-03,Monday,20,1.0,0,0,66.3,13,31,5,0.59,0.51,1.47,5.51,43.75
2025-06-06,11-12,CR-06,IT Building,80,CLS-25,Computer Networks,FAC-10,Friday,57,3.0,1,0,96.87,55,27,19,0.4,0.36,0.17,2.57,14.84
2025-09-19,12-13,CR-20,Main Building,60,CLS-09,Artificial Intelligence,FAC-22,Friday,18,3.0,0,1,96.24,17,21,31,1.35,3.24,0.98,16.77,34.67
2025-09-08,15-16,CR-09,Science Building,40,CLS-37,Statistics,FAC-14,Monday,10,3.0,0,0,97.68,10,17,27,0.32,2.61,2.06,10.85,29.38
2025-11-09,14-15,CR-03,Main Building,40,CLS-03,Software Engineering,FAC-11,Sunday,22,2.0,0,0,95.97,21,37,33,0.66,2.06,0.75,9.22,62.5
2025-11-09,16-17,CR-03,Main Building,40,CLS-19,Operating Systems,FAC-14,Sunday,10,3.0,0,0,75.14,8,15,8,1.75,1.96,0.69,12.66,24.38
2025-11-23,12-13,CR-08,Main Building,30,CLS-34,Computer Networks,FAC-10,Sunday,24,1.0,0,0,89.99,22,5,16,1.37,0.63,0.74,6.6,59.17
2025-06-28,16-17,CR-14,IT Building,80,CLS-27,Machine Learning,FAC-15,Saturday,58,2.0,0,0,68.31,40,57,16,0.29,2.15,1.61,10.04,55.31
2025-10-28,09-10,CR-17,Main Building,50,CLS-02,Machine Learning,FAC-24,Tuesday,39,1.0,0,0,65.78,26,9,5,1.29,1.96,0.42,7.83,43.5
2025-09-15,12-13,CR-11,Main Building,80,CLS-38,Operating Systems,FAC-25,Monday,58,1.5,0,0,72.64,42,55,11,1.77,2.35,0.98,11.89,56.56
2025-07-25,10-11,CR-03,Main Building,40,CLS-48,Statistics,FAC-09,Friday,35,2.0,0,0,65.95,23,7,0,1.56,0.53,2.02,10.2,47.5
2025-09-10,09-10,CR-01,Main Building,30,CLS-11,Operating Systems,FAC-15,Wednesday,28,1.5,1,1,75.11,21,27,15,0.04,0.29,0.2,1.05,27.11
2025-11-05,13-14,CR-13,IT Building,40,CLS-20,Machine Learning,FAC-05,Wednesday,12,1.0,0,0,74.08,9,7,12,1.14,0.91,1.38,7.01,21.25
2025-06-07,11-12,CR-16,IT Building,60,CLS-42,Data Science,FAC-21,Saturday,27,1.5,1,1,77.37,21,21,5,0.55,0.03,0.21,1.54,9.28
2025-09-30,14-15,CR-01,Main Building,30,CLS-08,Data Science,FAC-29,Tuesday,10,2.0,1,0,72.4,7,19,15,0.23,0.41,0.47,1.3,3.53
2025-09-24,11-12,CR-07,Main Building,30,CLS-19,Statistics,FAC-27,Wednesday,18,1.0,0,0,68.15,12,7,20,0.81,1.01,1.34,5.64,35.83
2025-11-30,14-15,CR-14,IT Building,80,CLS-32,Statistics,FAC-20,Sunday,62,2.0,0,0,76.04,47,74,25,1.14,1.82,0.61,11.81,67.19
2025-10-03,16-17,CR-19,Main Building,30,CLS-47,Statistics,FAC-30,Friday,27,3.0,0,0,83.88,23,26,1,2.46,3.16,0.67,16.1,79.17
2025-10-14,08-09,CR-14,IT Building,80,CLS-37,Artificial Intelligence,FAC-18,Tuesday,20,1.0,1,0,76.92,15,72,7,0.41,0.34,0.03,1.08,9.08
2025-11-13,13-14,CR-15,Main Building,30,CLS-45,Computer Networks,FAC-01,Thursday,11,1.0,1,0,66.14,7,19,11,0.39,0.35,0.1,0.6,7.71
2025-10-08,11-12,CR-19,Main Building,30,CLS-44,Artificial Intelligence,FAC-30,Wednesday,25,3.0,1,0,94.24,24,8,28,0.9,0.15,0.11,2.27,12.53
2025-11-30,14-15,CR-14,IT Building,80,CLS-44,Artificial Intelligence,FAC-26,Sunday,46,3.0,0,1,78.57,36,38,18,0.91,2.85,2.52,17.18,51.77
2025-06-23,15-16,CR-05,Main Building,80,CLS-12,DBMS,FAC-06,Monday,54,1.5,0,0,78.1,42,75,19,0.52,1.98,0.88,9.24,62.81
2025-07-31,11-12,CR-18,IT Building,40,CLS-04,Python,FAC-12,Thursday,36,1.0,0,0,87.15,31,17,32,0.59,0.62,1.49,6.88,68.75
2025-06-09,09-10,CR-11,Main Building,80,CLS-28,Machine Learning,FAC-20,Monday,30,1.0,0,0,93.58,28,74,16,0.61,1.2,1.02,7.67,49.38
2025-08-27,13-14,CR-02,Main Building,50,CLS-50,Software Engineering,FAC-09,Wednesday,19,3.0,1,1,78.57,15,45,6,0.43,0.17,0.28,1.63,19.37
2025-09-21,15-16,CR-04,Science Building,30,CLS-07,Statistics,FAC-20,Sunday,9,3.0,0,0,95.84,9,20,3,2.14,3.38,1.78,16.15,39.17
2025-07-13,09-10,CR-07,Main Building,30,CLS-24,Data Science,FAC-24,Sunday,15,2.0,0,1,90.72,14,19,23,0.29,2.55,0.34,7.74,58.06
2025-07-10,13-14,CR-11,Main Building,80,CLS-09,Machine Learning,FAC-28,Thursday,28,1.5,0,0,90.26,25,43,30,0.69,2.23,0.43,9.18,36.88
2025-08-27,12-13,CR-17,Main Building,50,CLS-11,Machine Learning,FAC-09,Wednesday,33,2.0,0,0,69.16,23,47,15,2.45,2.18,2.16,15.29,58.0
2025-07-09,16-17,CR-14,IT Building,80,CLS-15,Data Science,FAC-26,Wednesday,43,1.5,0,0,84.61,36,58,1,1.31,1.87,1.26,9.99,51.88
2025-09-22,10-11,CR-01,Main Building,30,CLS-46,Software Engineering,FAC-03,Monday,8,1.0,0,0,79.16,6,28,5,0.59,1.65,0.53,4.94,38.33
2025-09-20,08-09,CR-13,IT Building,40,CLS-49,Python,FAC-22,Saturday,37,2.0,0,1,85.64,32,9,40,1.93,1.05,0.38,13.12,73.51
2025-12-22,16-17,CR-10,Main Building,80,CLS-27,Computer Networks,FAC-29,Monday,59,2.0,0,0,69.32,41,52,22,1.61,2.62,0.35,13.39,54.69
2025-06-03,12-13,CR-17,Main Building,50,CLS-40,Data Science,FAC-23,Tuesday,35,1.5,1,0,80.79,28,41,39,0.93,0.17,0.23,2.22,21.03
2025-11-14,15-16,CR-12,IT Building,80,CLS-42,Computer Networks,FAC-25,Friday,28,1.0,0,0,65.45,18,54,24,0.35,0.89,0.28,5.93,33.75
2025-12-03,10-11,CR-17,Main Building,50,CLS-35,Web Development,FAC-07,Wednesday,15,2.0,0,0,83.09,12,40,21,0.64,1.24,1.74,9.1,38.0
2025-12-11,10-11,CR-01,Main Building,30,CLS-02,Software Engineering,FAC-19,Thursday,14,1.0,0,0,96.85,14,20,3,0.31,1.84,0.97,5.05,51.67
2025-12-05,08-09,CR-12,IT Building,80,CLS-17,Software Engineering,FAC-12,Friday,23,1.0,1,0,67.29,15,69,19,0.09,0.3,0.17,1.92,9.68
2025-06-02,15-16,CR-11,Main Building,80,CLS-16,Statistics,FAC-19,Monday,61,2.0,1,1,95.27,58,41,22,0.41,0.07,0.36,2.16,21.3
2025-12-26,10-11,CR-13,IT Building,40,CLS-34,DBMS,FAC-04,Friday,18,2.0,0,0,88.03,16,29,29,2.28,2.48,1.77,14.04,48.12
2025-06-26,10-11,CR-14,IT Building,80,CLS-27,Machine Learning,FAC-03,Thursday,19,1.5,0,0,87.43,17,39,28,1.91,1.09,0.25,10.74,28.12
2025-06-20,13-14,CR-17,Main Building,50,CLS-26,Statistics,FAC-18,Friday,43,3.0,0,0,86.84,37,44,31,1.99,2.58,0.29,16.21,77.5
2025-11-10,14-15,CR-15,Main Building,30,CLS-45,Operating Systems,FAC-24,Monday,19,3.0,0,0,89.05,17,20,4,1.14,2.83,1.78,12.19,59.17
2025-10-03,15-16,CR-05,Main Building,80,CLS-46,Software Engineering,FAC-28,Friday,49,1.0,1,0,68.12,33,70,30,0.83,0.46,0.32,1.78,5.8
2025-07-11,16-17,CR-12,IT Building,80,CLS-08,Statistics,FAC-28,Friday,42,1.0,0,0,68.41,29,49,2,0.75,1.59,1.22,7.45,42.5
2025-10-12,10-11,CR-04,Science Building,30,CLS-24,Web Development,FAC-12,Sunday,15,1.0,0,0,73.4,11,8,4,0.27,1.31,1.31,5.13,34.17
2025-12-18,14-15,CR-02,Main Building,50,CLS-20,Web Development,FAC-07,Thursday,21,3.0,1,0,96.6,20,7,7,0.57,0.26,0.04,1.17,8.85
2025-06-18,08-09,CR-14,IT Building,80,CLS-31,Statistics,FAC-10,Wednesday,52,1.5,0,0,85.04,44,72,38,0.93,0.98,0.42,9.84,63.75
2025-07-04,10-11,CR-17,Main Building,50,CLS-41,Operating Systems,FAC-25,Friday,38,2.0,0,0,75.39,29,27,5,0.47,0.94,2.47,8.58,57.0
2025-12-22,14-15,CR-13,IT Building,40,CLS-15,Computer Networks,FAC-11,Monday,25,1.0,1,0,93.83,23,23,5,1.0,0.29,0.41,0.75,20.69
2025-11-29,08-09,CR-19,Main Building,30,CLS-41,Web Development,FAC-18,Saturday,26,1.0,1,1,75.79,20,6,6,0.31,0.2,0.34,0.7,16.47
2025-12-11,08-09,CR-19,Main Building,30,CLS-34,DBMS,FAC-25,Thursday,21,2.0,0,0,69.4,15,25,29,1.67,0.82,1.55,11.04,58.33
2025-10-15,10-11,CR-01,Main Building,30,CLS-18,DBMS,FAC-08,Wednesday,28,3.0,0,0,87.88,25,6,25,2.18,3.14,2.65,18.78,67.5
2025-10-15,13-14,CR-13,IT Building,40,CLS-38,Python,FAC-16,Wednesday,35,1.0,0,0,85.43,30,17,26,0.48,0.54,0.61,5.59,66.88
2025-06-07,16-17,CR-11,Main Building,80,CLS-25,Web Development,FAC-03,Saturday,23,1.0,0,0,79.62,18,48,9,1.02,1.77,0.5,7.88,31.88
2025-07-17,12-13,CR-03,Main Building,40,CLS-10,Web Development,FAC-14,Thursday,29,1.0,0,1,84.32,24,26,11,0.93,0.63,0.32,6.07,63.41
2025-06-15,12-13,CR-13,IT Building,40,CLS-07,Artificial Intelligence,FAC-05,Sunday,21,1.0,0,0,68.48,14,13,3,0.98,1.32,0.54,6.49,34.38
2025-07-22,11-12,CR-20,Main Building,60,CLS-38,DBMS,FAC-16,Tuesday,44,3.0,0,0,66.37,29,16,17,1.62,2.91,0.94,15.93,42.92
2025-06-16,13-14,CR-15,Main Building,30,CLS-36,Computer Networks,FAC-03,Monday,21,1.0,0,0,75.16,16,4,8,1.02,1.85,1.26,7.49,43.33
2025-10-20,09-10,CR-08,Main Building,30,CLS-49,Software Engineering,FAC-21,Monday,10,1.0,0,0,77.04,8,18,2,1.05,1.2,0.49,5.91,35.0
2025-11-10,16-17,CR-07,Main Building,30,CLS-10,Artificial Intelligence,FAC-18,Monday,11,3.0,0,1,88.16,10,17,30,1.78,1.76,2.76,16.23,46.64
2025-09-24,08-09,CR-01,Main Building,30,CLS-30,Statistics,FAC-10,Wednesday,26,1.0,0,0,87.3,23,19,8,0.74,1.63,0.82,6.43,73.33
2025-11-01,12-13,CR-13,IT Building,40,CLS-23,DBMS,FAC-19,Saturday,34,2.0,0,0,78.61,27,16,34,2.35,1.13,0.52,13.09,60.62
2025-10-23,09-10,CR-10,Main Building,80,CLS-06,Computer Networks,FAC-23,Thursday,23,3.0,0,1,77.47,18,47,27,0.42,1.69,1.64,12.69,34.83
2025-10-08,13-14,CR-11,Main Building,80,CLS-41,Web Development,FAC-25,Wednesday,61,1.5,0,0,70.34,43,53,21,1.4,2.5,1.04,11.79,56.88
2025-07-24,15-16,CR-20,Main Building,60,CLS-22,Python,FAC-30,Thursday,56,1.0,1,0,68.8,39,47,30,0.88,0.21,0.19,1.32,6.92
2025-06-03,10-11,CR-14,IT Building,80,CLS-36,Operating Systems,FAC-25,Tuesday,41,2.0,0,0,86.77,36,15,28,1.24,2.12,0.39,12.07,38.44
2025-11-20,09-10,CR-12,IT Building,80,CLS-25,Statistics,FAC-12,Thursday,40,1.0,1,0,70.0,28,27,29,0.48,0.3,0.29,1.63,7.32
2025-07-20,15-16,CR-01,Main Building,30,CLS-15,Python,FAC-25,Sunday,14,2.0,1,0,78.25,11,10,2,0.34,0.06,0.2,1.12,12.36
2025-11-08,12-13,CR-08,Main Building,30,CLS-15,Operating Systems,FAC-12,Saturday,7,1.0,0,1,71.89,5,10,0,0.32,1.33,0.99,4.61,24.01
2025-12-28,14-15,CR-04,Science Building,30,CLS-18,Statistics,FAC-17,Sunday,21,1.0,0,0,93.77,20,25,23,0.97,1.02,1.25,6.63,70.83
2025-10-23,10-11,CR-03,Main Building,40,CLS-38,Data Science,FAC-24,Thursday,10,1.0,0,1,83.67,8,20,33,1.39,1.09,0.62,8.48,33.87
2025-08-10,11-12,CR-01,Main Building,30,CLS-45,Software Engineering,FAC-20,Sunday,14,2.0,0,0,69.73,10,4,30,0.59,1.58,1.59,8.59,28.33
2025-09-18,08-09,CR-11,Main Building,80,CLS-28,Computer Networks,FAC-09,Thursday,23,2.0,0,0,92.34,21,75,23,0.43,1.69,1.67,10.02,43.12
2025-10-11,08-09,CR-08,Main Building,30,CLS-04,Web Development,FAC-30,Saturday,19,2.0,0,0,92.35,18,4,12,2.01,1.19,2.37,11.99,48.33
2025-07-20,13-14,CR-03,Main Building,40,CLS-37,Python,FAC-24,Sunday,15,2.0,0,0,84.16,13,21,12,2.36,2.18,1.33,12.65,37.5
2025-07-13,13-14,CR-10,Main Building,80,CLS-05,Machine Learning,FAC-01,Sunday,46,1.5,0,1,91.72,42,54,16,1.91,0.54,1.97,12.47,59.73
2025-09-30,11-12,CR-11,Main Building,80,CLS-04,Artificial Intelligence,FAC-17,Tuesday,66,1.0,0,1,79.52,52,68,6,1.05,1.07,0.32,8.49,75.75
2025-10-27,09-10,CR-03,Main Building,40,CLS-04,Python,FAC-13,Monday,18,3.0,1,0,84.78,15,14,3,0.9,0.19,0.11,1.66,13.86
2025-09-22,08-09,CR-10,Main Building,80,CLS-40,Computer Networks,FAC-03,Monday,22,2.0,0,1,92.08,20,18,18,2.11,1.97,1.04,14.92,31.47
2025-09-11,09-10,CR-20,Main Building,60,CLS-49,Computer Networks,FAC-08,Thursday,50,3.0,1,1,91.39,46,9,29,0.55,0.41,0.32,2.69,22.19
2025-11-06,09-10,CR-11,Main Building,80,CLS-42,Python,FAC-15,Thursday,49,1.0,0,0,78.67,39,25,6,1.45,1.31,1.01,9.47,44.38
2025-06-04,09-10,CR-19,Main Building,30,CLS-13,Statistics,FAC-05,Wednesday,26,2.0,0,0,72.28,19,17,15,1.66,1.93,0.67,10.71,61.67
2025-12-03,15-16,CR-06,IT Building,80,CLS-16,Data Science,FAC-26,Wednesday,18,1.0,0,0,90.2,16,67,32,0.9,0.84,1.08,7.79,35.94
2025-11-14,13-14,CR-10,Main Building,80,CLS-38,Software Engineering,FAC-25,Friday,25,1.0,0,0,67.64,17,55,18,0.8,0.75,0.48,6.81,33.12
2025-09-03,08-09,CR-17,Main Building,50,CLS-38,Data Science,FAC-02,Wednesday,25,2.0,0,0,66.69,17,34,22,1.15,1.78,1.34,10.22,42.5
2025-07-21,11-12,CR-07,Main Building,30,CLS-05,Artificial Intelligence,FAC-07,Monday,27,1.5,1,0,77.63,21,23,22,0.84,0.07,0.25,1.9,14.29
2025-10-27,13-14,CR-20,Main Building,60,CLS-20,Computer Networks,FAC-11,Monday,22,1.0,0,0,93.98,21,40,14,0.95,1.94,0.31,7.89,42.92
2025-06-01,11-12,CR-08,Main Building,30,CLS-30,Statistics,FAC-07,Sunday,13,1.5,1,0,68.23,9,27,12,0.04,0.09,0.27,0.72,7.27
2025-07-18,08-09,CR-12,IT Building,80,CLS-01,Machine Learning,FAC-12,Friday,17,2.0,0,0,96.22,16,49,28,2.14,1.24,0.42,13.08,30.31
2025-07-20,13-14,CR-02,Main Building,50,CLS-02,DBMS,FAC-07,Sunday,28,1.0,0,0,70.61,20,18,21,0.41,0.68,0.9,5.5,39.0
2025-10-20,11-12,CR-06,IT Building,80,CLS-13,Python,FAC-06,Monday,69,1.0,0,0,97.65,67,29,24,1.11,1.92,0.43,9.2,71.88
2025-11-15,09-10,CR-11,Main Building,80,CLS-14,Web Development,FAC-15,Saturday,31,1.0,0,0,77.61,24,67,4,0.94,0.62,0.26,6.91,43.44
2025-07-01,10-11,CR-05,Main Building,80,CLS-13,DBMS,FAC-18,Tuesday,40,2.0,0,0,78.56,31,66,40,1.35,1.54,0.3,12.47,49.69
2025-08-02,08-09,CR-20,Main Building,60,CLS-38,DBMS,FAC-28,Saturday,46,1.0,0,0,76.07,35,24,3,0.47,0.65,1.45,6.44,53.75
2025-11-09,12-13,CR-05,Main Building,80,CLS-33,Statistics,FAC-29,Sunday,47,1.0,1,0,75.41,35,72,39,0.39,0.12,0.05,1.76,6.61
2025-10-09,14-15,CR-17,Main Building,50,CLS-24,Operating Systems,FAC-17,Thursday,39,1.0,0,0,70.91,28,40,30,1.25,1.52,0.93,8.93,62.0
2025-12-01,15-16,CR-16,IT Building,60,CLS-18,Statistics,FAC-13,Monday,52,3.0,0,0,67.4,35,22,14,1.02,1.72,2.4,13.77,52.92
2025-07-22,15-16,CR-08,Main Building,30,CLS-26,DBMS,FAC-10,Tuesday,19,1.5,0,0,97.75,19,15,8,0.67,2.25,1.7,7.6,60.0
2025-10-19,09-10,CR-05,Main Building,80,CLS-49,Machine Learning,FAC-10,Sunday,44,2.0,0,0,78.52,35,17,29,2.45,0.95,2.05,15.14,38.12
2025-10-10,13-14,CR-14,IT Building,80,CLS-29,Operating Systems,FAC-14,Friday,42,1.0,0,0,76.03,32,46,24,1.16,1.13,0.97,8.94,44.38
2025-06-07,10-11,CR-15,Main Building,30,CLS-15,Web Development,FAC-21,Saturday,8,1.0,0,0,93.59,7,20,16,0.32,1.54,0.42,4.96,34.17
2025-10-18,09-10,CR-09,Science Building,40,CLS-15,Machine Learning,FAC-04,Saturday,10,1.0,0,1,78.72,8,18,21,0.94,1.1,0.9,6.89,29.43
2025-08-24,12-13,CR-10,Main Building,80,CLS-48,Web Development,FAC-07,Sunday,61,2.0,0,1,69.39,42,45,0,0.61,2.87,2.23,12.93,60.06
2025-08-12,13-14,CR-13,IT Building,40,CLS-26,Statistics,FAC-25,Tuesday,28,1.0,0,1,94.93,27,15,25,1.49,0.81,0.69,8.5,63.37
2025-12-03,11-12,CR-16,IT Building,60,CLS-15,Software Engineering,FAC-19,Wednesday,47,3.0,0,0,78.81,37,30,5,1.23,2.58,1.83,14.9,58.75
2025-08-20,11-12,CR-14,IT Building,80,CLS-50,Computer Networks,FAC-07,Wednesday,44,1.5,0,0,70.33,31,59,8,1.08,1.61,1.25,9.94,47.5
2025-10-26,10-11,CR-10,Main Building,80,CLS-48,Python,FAC-16,Sunday,67,2.0,0,0,65.83,44,40,26,1.05,2.45,1.52,12.92,53.75
2025-09-17,14-15,CR-18,IT Building,40,CLS-20,Artificial Intelligence,FAC-19,Wednesday,8,2.0,0,0,73.62,6,15,21,1.81,1.92,2.04,12.45,20.62
2025-10-24,14-15,CR-13,IT Building,40,CLS-14,Computer Networks,FAC-03,Friday,25,1.5,0,0,81.11,20,12,21,0.48,1.02,0.98,6.94,45.0
2025-10-24,15-16,CR-10,Main Building,80,CLS-06,Data Science,FAC-04,Friday,59,2.0,0,0,84.78,50,74,1,1.41,1.22,0.26,10.2,70.0
2025-07-18,11-12,CR-03,Main Building,40,CLS-25,Web Development,FAC-07,Friday,15,1.0,1,1,89.24,13,10,29,0.02,0.29,0.47,1.08,8.43
2025-07-14,13-14,CR-14,IT Building,80,CLS-26,Data Science,FAC-04,Monday,24,2.0,0,0,70.76,17,20,24,1.31,0.73,1.66,10.62,22.19
2025-07-23,10-11,CR-07,Main Building,30,CLS-20,Computer Networks,FAC-27,Wednesday,28,2.0,0,0,82.21,23,23,18,2.27,0.99,0.3,11.61,76.67
2025-08-19,11-12,CR-17,Main Building,50,CLS-46,Operating Systems,FAC-09,Tuesday,22,1.0,0,0,93.43,21,11,25,0.97,1.84,1.0,7.85,37.0
2025-11-02,11-12,CR-17,Main Building,50,CLS-22,Statistics,FAC-29,Sunday,41,1.5,0,1,89.75,37,9,5,1.85,1.64,0.57,11.37,63.73
2025-09-25,13-14,CR-10,Main Building,80,CLS-26,Statistics,FAC-27,Thursday,67,3.0,0,0,73.87,49,43,11,0.8,1.36,1.09,12.97,59.38
2025-11-06,14-15,CR-15,Main Building,30,CLS-25,Data Science,FAC-23,Thursday,24,1.0,0,0,79.07,19,11,28,1.02,0.62,0.36,6.65,56.67
2025-07-11,12-13,CR-18,IT Building,40,CLS-19,Machine Learning,FAC-23,Friday,31,2.0,0,0,70.67,22,32,35,1.42,1.03,0.89,10.89,61.25
2025-07-02,13-14,CR-03,Main Building,40,CLS-49,Machine Learning,FAC-17,Wednesday,32,3.0,0,0,65.46,21,34,10,2.04,2.84,2.45,16.93,60.62
2025-08-04,11-12,CR-17,Main Building,50,CLS-03,Operating Systems,FAC-01,Monday,14,2.0,1,0,95.78,13,31,21,0.02,0.08,0.44,1.77,11.33
2025-07-20,14-15,CR-02,Main Building,50,CLS-01,Web Development,FAC-04,Sunday,18,1.0,1,0,86.88,16,38,29,0.68,0.47,0.5,1.12,5.18
2025-10-19,11-12,CR-15,Main Building,30,CLS-09,Operating Systems,FAC-27,Sunday,14,3.0,0,0,88.77,12,4,19,1.04,3.58,0.39,12.46,33.33
2025-06-26,10-11,CR-10,Main Building,80,CLS-08,Software Engineering,FAC-24,Thursday,41,1.0,0,0,73.45,30,46,9,0.53,0.71,1.32,6.72,42.5
2025-09-21,13-14,CR-06,IT Building,80,CLS-14,Python,FAC-29,Sunday,59,2.0,0,0,81.5,48,18,40,1.77,1.1,1.96,14.32,50.62
2025-12-25,16-17,CR-04,Science Building,30,CLS-25,Web Development,FAC-15,Thursday,7,2.0,0,0,78.55,5,28,12,0.72,2.94,1.7,9.59,35.83
2025-12-14,11-12,CR-08,Main Building,30,CLS-24,DBMS,FAC-07,Sunday,8,1.0,0,0,95.84,8,4,10,0.63,1.67,1.21,5.65,23.33
2025-12-28,11-12,CR-03,Main Building,40,CLS-15,Machine Learning,FAC-26,Sunday,34,3.0,1,0,87.17,30,16,2,0.73,0.29,0.1,1.72,14.89
2025-06-28,13-14,CR-11,Main Building,80,CLS-36,DBMS,FAC-20,Saturday,29,2.0,0,0,81.65,24,27,14,0.95,1.57,1.7,10.51,30.94
2025-07-25,09-10,CR-12,IT Building,80,CLS-21,Data Science,FAC-01,Friday,41,2.0,0,0,78.38,32,61,13,0.86,1.0,2.01,10.55,49.06
2025-09-26,11-12,CR-03,Main Building,40,CLS-43,Web Development,FAC-21,Friday,27,1.0,0,0,95.01,26,19,26,0.71,1.63,1.37,7.2,60.62
2025-08-17,15-16,CR-04,Science Building,30,CLS-46,Software Engineering,FAC-26,Sunday,24,1.0,0,0,96.56,23,23,10,0.72,1.01,0.33,5.41,76.67
2025-11-09,14-15,CR-05,Main Building,80,CLS-22,Data Science,FAC-21,Sunday,64,2.0,0,0,81.04,52,20,21,0.5,1.12,0.96,9.64,55.0
2025-06-05,15-16,CR-13,IT Building,40,CLS-33,DBMS,FAC-17,Thursday,26,2.0,0,0,74.98,19,7,39,2.18,2.64,1.97,15.21,40.0
2025-12-12,09-10,CR-10,Main Building,80,CLS-16,Computer Networks,FAC-25,Friday,31,2.0,0,0,69.84,22,29,23,1.8,2.86,1.79,14.86,29.69
2025-10-06,12-13,CR-07,Main Building,30,CLS-10,Computer Networks,FAC-07,Monday,26,1.0,0,1,86.31,22,18,23,0.89,0.68,0.64,6.08,77.26
2025-07-05,12-13,CR-11,Main Building,80,CLS-42,Python,FAC-17,Saturday,66,1.5,1,0,91.48,60,15,14,0.86,0.07,0.48,2.3,21.58
2025-08-24,13-14,CR-08,Main Building,30,CLS-14,Software Engineering,FAC-02,Sunday,27,1.0,1,0,89.81,24,23,27,0.81,0.47,0.16,1.09,16.98
2025-08-22,10-11,CR-15,Main Building,30,CLS-41,Python,FAC-03,Friday,21,1.0,0,0,93.33,20,24,4,0.41,1.56,1.18,5.04,70.0
2025-07-23,10-11,CR-03,Main Building,40,CLS-12,Statistics,FAC-18,Wednesday,34,3.0,0,0,93.81,32,38,5,0.71,0.69,2.22,9.85,83.75
2025-09-18,15-16,CR-10,Main Building,80,CLS-11,DBMS,FAC-08,Thursday,43,1.0,0,0,80.69,35,50,18,1.31,1.08,0.46,8.67,48.44
2025-10-26,15-16,CR-07,Main Building,30,CLS-18,Operating Systems,FAC-03,Sunday,17,1.5,0,0,71.24,12,19,14,1.51,1.52,1.31,9.39,45.83
2025-09-17,16-17,CR-20,Main Building,60,CLS-48,Computer Networks,FAC-25,Wednesday,21,3.0,0,0,80.21,17,57,24,2.53,3.4,2.2,20.59,45.0
2025-09-18,09-10,CR-10,Main Building,80,CLS-39,Software Engineering,FAC-05,Thursday,51,2.0,0,0,76.98,39,60,29,2.23,2.31,0.5,15.5,55.31
2025-08-18,15-16,CR-10,Main Building,80,CLS-25,Software Engineering,FAC-20,Monday,46,1.0,0,0,78.46,36,72,12,1.36,0.57,1.45,9.03,56.25
2025-07-10,11-12,CR-01,Main Building,30,CLS-01,Software Engineering,FAC-24,Thursday,17,1.5,0,0,73.93,13,16,23,0.69,2.38,0.77,8.18,45.83
2025-09-04,14-15,CR-16,IT Building,60,CLS-20,Statistics,FAC-03,Thursday,38,1.0,0,0,90.59,34,45,10,0.74,0.71,0.26,6.19,61.25
2025-07-20,14-15,CR-09,Science Building,40,CLS-50,Artificial Intelligence,FAC-17,Sunday,30,1.5,1,0,77.18,23,9,24,0.36,0.17,0.26,1.32,18.43
2025-12-06,11-12,CR-08,Main Building,30,CLS-31,Python,FAC-30,Saturday,17,2.0,1,0,79.54,14,26,21,0.88,0.25,0.25,1.6,16.64
2025-08-06,15-16,CR-05,Main Building,80,CLS-17,DBMS,FAC-20,Wednesday,53,2.0,0,0,86.88,46,26,5,1.59,1.54,1.2,12.2,51.25
2025-11-12,14-15,CR-13,IT Building,40,CLS-46,Statistics,FAC-29,Wednesday,10,2.0,0,0,90.91,9,16,27,0.69,2.55,1.71,9.59,26.88
2025-08-04,12-13,CR-17,Main Building,50,CLS-35,Computer Networks,FAC-19,Monday,29,2.0,0,0,73.47,21,13,40,1.94,1.78,0.97,12.73,38.0
2025-10-25,13-14,CR-05,Main Building,80,CLS-18,DBMS,FAC-30,Saturday,63,1.5,1,0,84.67,53,12,10,1.0,0.22,0.46,1.95,18.43
2025-06-01,09-10,CR-03,Main Building,40,CLS-50,Computer Networks,FAC-17,Sunday,21,2.0,0,0,71.74,15,16,11,1.19,1.05,0.25,8.17,38.12
2025-09-04,10-11,CR-05,Main Building,80,CLS-13,Operating Systems,FAC-06,Thursday,48,1.0,0,1,95.2,46,39,11,1.3,1.61,0.46,9.66,58.52
2025-12-09,10-11,CR-07,Main Building,30,CLS-17,Computer Networks,FAC-15,Tuesday,26,2.0,0,0,79.21,21,6,9,0.52,1.78,1.03,7.44,57.5
2025-06-22,14-15,CR-04,Science Building,30,CLS-18,Machine Learning,FAC-11,Sunday,6,2.0,0,0,77.37,5,19,21,1.65,2.3,0.5,11.02,28.33
2025-12-12,09-10,CR-01,Main Building,30,CLS-04,Web Development,FAC-25,Friday,6,2.0,0,0,76.26,5,7,6,1.25,2.19,1.4,9.4,18.33
2025-10-12,08-09,CR-13,IT Building,40,CLS-39,Software Engineering,FAC-25,Sunday,16,1.5,0,0,93.43,15,33,21,1.77,0.52,1.61,9.63,48.75
2025-09-03,13-14,CR-11,Main Building,80,CLS-16,Artificial Intelligence,FAC-22,Wednesday,41,1.5,0,0,80.95,33,57,21,1.98,2.01,0.69,12.43,48.75
2025-12-24,09-10,CR-01,Main Building,30,CLS-30,Computer Networks,FAC-24,Wednesday,10,1.0,0,0,82.77,8,20,8,1.49,1.79,0.37,7.1,36.67
2025-11-27,11-12,CR-12,IT Building,80,CLS-29,Statistics,FAC-22,Thursday,58,3.0,0,1,65.23,38,64,12,1.36,1.32,2.5,16.87,57.64
2025-11-11,13-14,CR-01,Main Building,30,CLS-41,Artificial Intelligence,FAC-28,Tuesday,7,3.0,1,0,76.13,5,25,14,0.83,0.0,0.15,1.49,5.67
2025-10-03,14-15,CR-20,Main Building,60,CLS-06,Artificial Intelligence,FAC-14,Friday,42,2.0,1,0,67.25,28,55,24,0.19,0.28,0.15,1.38,10.9
2025-07-20,10-11,CR-17,Main Building,50,CLS-37,Software Engineering,FAC-02,Sunday,18,1.5,0,0,78.77,14,42,29,0.91,2.25,1.83,9.26,42.0
2025-07-14,15-16,CR-04,Science Building,30,CLS-31,Software Engineering,FAC-08,Monday,13,1.0,0,0,68.52,9,7,13,1.44,0.59,0.62,6.63,28.33
2025-12-01,08-09,CR-06,IT Building,80,CLS-21,Computer Networks,FAC-25,Monday,33,1.0,1,0,74.84,25,72,7,0.32,0.08,0.39,1.34,13.76
2025-10-15,15-16,CR-03,Main Building,40,CLS-45,Artificial Intelligence,FAC-28,Wednesday,15,2.0,0,0,69.09,10,27,24,0.41,2.77,0.68,8.32,35.62
2025-12-01,14-15,CR-18,IT Building,40,CLS-28,DBMS,FAC-08,Monday,16,1.0,0,0,92.1,15,13,5,0.93,0.62,1.44,6.22,36.25
2025-08-27,11-12,CR-04,Science Building,30,CLS-37,Artificial Intelligence,FAC-05,Wednesday,16,1.5,0,0,70.57,11,13,1,1.74,0.53,1.15,8.01,38.33
2025-10-30,16-17,CR-07,Main Building,30,CLS-25,Computer Networks,FAC-11,Thursday,17,3.0,1,0,90.39,15,20,21,0.93,0.45,0.41,2.08,15.19
2025-07-27,09-10,CR-13,IT Building,40,CLS-01,Software Engineering,FAC-28,Sunday,22,1.0,0,0,74.38,16,20,31,0.61,1.07,0.74,6.38,42.5
2025-11-22,15-16,CR-05,Main Building,80,CLS-39,Web Development,FAC-05,Saturday,63,2.0,1,0,82.97,52,52,19,0.16,0.35,0.08,1.78,16.3
2025-11-24,09-10,CR-09,Science Building,40,CLS-46,Statistics,FAC-16,Monday,28,3.0,0,0,91.28,26,24,24,2.28,2.76,0.68,16.27,63.75
2025-06-16,13-14,CR-05,Main Building,80,CLS-46,DBMS,FAC-28,Monday,62,3.0,0,0,83.05,51,34,31,0.49,1.82,1.39,13.06,58.44
2025-12-04,14-15,CR-10,Main Building,80,CLS-43,Data Science,FAC-01,Thursday,51,1.5,0,0,70.91,36,72,22,0.94,2.4,0.5,10.29,56.25
2025-12-11,14-15,CR-13,IT Building,40,CLS-05,Software Engineering,FAC-24,Thursday,17,1.0,1,0,90.2,15,31,6,0.11,0.49,0.19,0.7,6.62
2025-12-10,08-09,CR-10,Main Building,80,CLS-30,Data Science,FAC-19,Wednesday,24,1.5,1,0,85.71,21,49,9,0.19,0.07,0.47,1.62,5.7
2025-12-23,11-12,CR-01,Main Building,30,CLS-24,Statistics,FAC-04,Tuesday,27,3.0,0,0,95.28,26,17,21,2.69,2.69,2.47,19.03,79.17
2025-07-14,08-09,CR-04,Science Building,30,CLS-23,Operating Systems,FAC-06,Monday,7,1.0,0,0,75.35,5,22,13,1.04,1.03,0.44,5.77,30.83
2025-07-09,14-15,CR-08,Main Building,30,CLS-03,Machine Learning,FAC-08,Wednesday,18,1.5,0,1,84.68,15,9,20,1.68,1.26,0.48,9.53,51.47
2025-12-16,09-10,CR-15,Main Building,30,CLS-42,Computer Networks,FAC-09,Tuesday,26,2.0,0,0,74.9,19,4,3,1.7,2.0,1.82,11.02,50.83
2025-06-30,09-10,CR-04,Science Building,30,CLS-32,Software Engineering,FAC-08,Monday,6,2.0,0,1,76.96,5,19,8,2.1,1.01,1.31,11.41,34.5
2025-06-25,10-11,CR-13,IT Building,40,CLS-31,Computer Networks,FAC-10,Wednesday,26,1.0,0,0,68.63,18,10,34,1.35,1.01,1.1,8.42,40.0
2025-07-18,14-15,CR-01,Main Building,30,CLS-26,Software Engineering,FAC-27,Friday,23,3.0,0,0,65.84,15,6,16,2.15,1.61,0.4,13.42,42.5
2025-10-28,16-17,CR-04,Science Building,30,CLS-49,DBMS,FAC-22,Tuesday,9,1.0,0,0,77.76,7,4,17,0.35,0.72,0.62,4.57,20.83
2025-09-23,13-14,CR-04,Science Building,30,CLS-03,Data Science,FAC-19,Tuesday,12,2.0,0,0,67.96,8,21,8,2.3,0.52,1.34,10.81,37.5
2025-12-10,08-09,CR-03,Main Building,40,CLS-08,Software Engineering,FAC-10,Wednesday,19,2.0,0,0,95.56,18,6,15,0.61,2.91,0.71,8.77,37.5
2025-08-16,08-09,CR-17,Main Building,50,CLS-19,Software Engineering,FAC-15,Saturday,18,2.0,0,0,89.47,16,40,22,1.48,2.71,1.5,11.99,44.0
2025-11-03,16-17,CR-17,Main Building,50,CLS-14,Machine Learning,FAC-22,Monday,12,1.0,0,0,70.49,8,16,19,1.4,0.99,0.72,7.67,20.0
2025-12-31,11-12,CR-05,Main Building,80,CLS-39,Software Engineering,FAC-07,Wednesday,53,1.0,0,0,90.07,48,66,4,0.67,1.93,1.17,8.25,65.62
2025-10-19,12-13,CR-09,Science Building,40,CLS-25,Data Science,FAC-13,Sunday,22,1.0,0,0,66.64,15,15,34,0.57,1.2,0.53,6.38,37.5
2025-07-23,09-10,CR-09,Science Building,40,CLS-41,DBMS,FAC-23,Wednesday,19,2.0,1,1,89.55,17,16,26,0.92,0.21,0.17,1.92,9.51
2025-12-19,14-15,CR-13,IT Building,40,CLS-02,Statistics,FAC-08,Friday,10,1.0,0,1,81.14,8,13,35,0.69,1.86,0.96,7.9,27.57
2025-08-24,09-10,CR-12,IT Building,80,CLS-22,Web Development,FAC-05,Sunday,71,3.0,0,0,90.15,64,13,6,2.48,1.7,1.44,18.45,64.06
2025-09-05,11-12,CR-13,IT Building,40,CLS-07,Machine Learning,FAC-06,Friday,24,2.0,0,1,91.2,22,37,6,2.37,2.06,1.92,14.91,69.55
2025-11-27,12-13,CR-18,IT Building,40,CLS-18,Statistics,FAC-04,Thursday,36,1.0,0,0,91.57,33,30,11,1.31,1.09,0.31,7.59,80.62
2025-08-28,16-17,CR-18,IT Building,40,CLS-39,Computer Networks,FAC-16,Thursday,26,1.0,0,0,79.86,21,38,9,1.19,1.04,1.04,6.82,63.12
2025-11-16,10-11,CR-05,Main Building,80,CLS-25,Statistics,FAC-24,Sunday,33,1.0,1,0,71.15,23,43,38,0.75,0.27,0.1,2.01,7.89
2025-09-26,10-11,CR-15,Main Building,30,CLS-23,Operating Systems,FAC-17,Friday,15,1.0,0,1,80.93,12,26,28,0.52,1.95,1.14,6.9,59.21
2025-07-29,12-13,CR-03,Main Building,40,CLS-20,Computer Networks,FAC-25,Tuesday,18,3.0,0,0,96.59,17,10,15,1.42,2.16,2.72,14.76,38.12
2025-06-24,10-11,CR-19,Main Building,30,CLS-04,Machine Learning,FAC-24,Tuesday,15,2.0,0,0,73.32,11,17,21,1.26,0.81,0.71,8.56,41.67
2025-10-09,10-11,CR-16,IT Building,60,CLS-32,Software Engineering,FAC-22,Thursday,55,2.0,1,0,65.03,36,34,0,0.04,0.49,0.12,1.57,16.86
2025-12-30,08-09,CR-14,IT Building,80,CLS-45,Software Engineering,FAC-24,Tuesday,38,1.0,1,1,83.17,32,17,38,0.15,0.36,0.3,1.74,6.02
2025-12-13,16-17,CR-08,Main Building,30,CLS-12,Machine Learning,FAC-12,Saturday,10,2.0,0,0,89.13,9,17,15,1.98,2.94,1.54,13.17,36.67
2025-09-06,10-11,CR-12,IT Building,80,CLS-08,Artificial Intelligence,FAC-30,Saturday,59,1.0,0,0,67.26,40,49,19,1.37,0.68,0.66,8.55,52.81
2025-10-02,12-13,CR-09,Science Building,40,CLS-14,Python,FAC-24,Thursday,28,2.0,0,0,91.92,26,25,32,1.59,1.48,1.32,11.52,64.38
2025-12-29,08-09,CR-15,Main Building,30,CLS-40,Operating Systems,FAC-02,Monday,17,1.0,0,0,93.7,16,14,9,0.36,1.67,1.31,5.71,51.67
2025-08-30,09-10,CR-01,Main Building,30,CLS-23,Data Science,FAC-13,Saturday,17,1.0,0,0,71.0,12,19,6,0.79,0.75,1.13,6.03,45.83
2025-06-22,16-17,CR-17,Main Building,50,CLS-10,Computer Networks,FAC-04,Sunday,41,1.0,0,0,71.48,29,21,30,0.51,0.56,0.65,6.34,54.0
2025-09-10,13-14,CR-10,Main Building,80,CLS-24,Computer Networks,FAC-29,Wednesday,27,2.0,0,0,83.47,23,68,28,2.18,2.17,1.23,14.93,42.81
2025-07-12,10-11,CR-12,IT Building,80,CLS-48,Computer Networks,FAC-01,Saturday,38,3.0,1,0,73.54,28,26,12,0.05,0.36,0.06,1.97,6.38
2025-07-05,14-15,CR-14,IT Building,80,CLS-48,Artificial Intelligence,FAC-29,Saturday,18,1.0,1,0,74.99,13,73,17,0.53,0.28,0.3,1.32,4.75
2025-10-04,16-17,CR-16,IT Building,60,CLS-44,Data Science,FAC-11,Saturday,37,2.0,1,0,85.37,32,17,7,0.97,0.36,0.46,1.7,18.24
2025-12-20,08-09,CR-05,Main Building,80,CLS-10,Artificial Intelligence,FAC-17,Saturday,16,3.0,1,0,90.15,14,18,21,0.59,0.1,0.33,2.52,4.29
2025-10-31,08-09,CR-14,IT Building,80,CLS-31,Web Development,FAC-10,Friday,47,1.0,0,0,81.16,38,31,32,0.91,1.0,0.9,8.92,45.31
2025-07-18,11-12,CR-09,Science Building,40,CLS-50,Machine Learning,FAC-28,Friday,16,2.0,0,0,71.52,11,18,30,2.06,0.96,0.44,11.86,31.88
2025-11-28,09-10,CR-17,Main Building,50,CLS-40,Data Science,FAC-07,Friday,47,2.0,1,0,79.44,37,21,7,0.28,0.28,0.17,1.21,9.22
2025-06-10,12-13,CR-07,Main Building,30,CLS-10,Computer Networks,FAC-01,Tuesday,25,1.0,0,0,95.78,24,16,13,1.4,1.25,0.66,6.81,73.33
2025-10-13,12-13,CR-08,Main Building,30,CLS-15,Artificial Intelligence,FAC-14,Monday,21,1.0,0,0,95.38,20,24,1,0.27,1.33,1.18,4.65,70.0
2025-08-17,09-10,CR-09,Science Building,40,CLS-24,Web Development,FAC-12,Sunday,30,1.5,0,0,81.01,24,9,11,0.4,2.44,1.16,7.14,50.62
2025-06-11,08-09,CR-02,Main Building,50,CLS-43,Artificial Intelligence,FAC-07,Wednesday,28,1.5,0,1,80.96,23,13,27,1.0,0.65,0.44,8.51,44.11
2025-10-04,13-14,CR-11,Main Building,80,CLS-20,Machine Learning,FAC-04,Saturday,58,1.0,1,1,92.64,54,28,21,0.24,0.1,0.25,1.3,21.79
2025-12-08,16-17,CR-20,Main Building,60,CLS-24,DBMS,FAC-21,Monday,29,1.0,0,0,66.2,19,14,6,0.32,1.75,0.4,5.83,29.58
2025-07-04,09-10,CR-02,Main Building,50,CLS-38,DBMS,FAC-07,Friday,38,1.0,0,1,66.49,25,46,21,0.8,1.77,0.58,7.86,64.31
2025-09-30,11-12,CR-18,IT Building,40,CLS-47,Data Science,FAC-02,Tuesday,12,1.0,0,1,79.82,10,22,35,0.97,1.36,0.67,7.82,40.35
2025-09-02,15-16,CR-04,Science Building,30,CLS-28,Machine Learning,FAC-16,Tuesday,19,2.0,0,0,75.41,14,9,19,0.49,1.42,0.47,7.22,42.5
2025-08-10,10-11,CR-10,Main Building,80,CLS-03,Statistics,FAC-02,Sunday,66,2.0,0,0,74.41,49,75,34,1.67,1.64,1.33,14.4,69.38
2025-10-10,09-10,CR-06,IT Building,80,CLS-29,Software Engineering,FAC-13,Friday,51,3.0,0,0,90.01,46,46,13,1.03,1.61,2.79,14.7,57.5
2025-07-18,08-09,CR-06,IT Building,80,CLS-37,DBMS,FAC-19,Friday,60,1.0,0,0,95.12,57,76,33,1.01,1.32,0.56,8.88,77.19
2025-08-06,12-13,CR-08,Main Building,30,CLS-19,Web Development,FAC-18,Wednesday,9,1.0,0,0,76.33,7,21,7,1.32,1.34,0.89,6.84,35.0
2025-08-14,08-09,CR-05,Main Building,80,CLS-18,Data Science,FAC-09,Thursday,71,3.0,0,0,84.91,60,38,34,0.47,2.89,2.81,16.15,68.12
2025-06-30,08-09,CR-12,IT Building,80,CLS-41,Statistics,FAC-12,Monday,36,1.0,1,1,84.0,30,45,8,0.13,0.29,0.38,1.56,13.22
2025-08-23,08-09,CR-01,Main Building,30,CLS-23,DBMS,FAC-24,Saturday,14,1.0,0,0,86.41,12,21,21,1.37,1.44,0.41,7.29,47.5
2025-12-17,09-10,CR-13,IT Building,40,CLS-42,Web Development,FAC-28,Wednesday,28,2.0,0,1,75.22,21,19,28,0.7,2.77,1.96,11.33,54.57
2025-08-08,11-12,CR-19,Main Building,30,CLS-41,Computer Networks,FAC-05,Friday,20,1.0,1,0,71.07,14,15,4,0.76,0.24,0.11,1.36,17.61
2025-06-24,15-16,CR-06,IT Building,80,CLS-30,Data Science,FAC-27,Tuesday,71,1.0,0,1,85.35,61,74,11,0.3,0.99,0.84,7.27,86.2
2025-06-06,12-13,CR-06,IT Building,80,CLS-12,Computer Networks,FAC-22,Friday,54,1.0,0,0,71.72,39,21,27,1.21,1.14,0.96,9.19,43.12
2025-08-02,15-16,CR-13,IT Building,40,CLS-07,Software Engineering,FAC-05,Saturday,31,3.0,0,1,65.69,20,12,24,0.34,2.06,2.5,12.36,49.3
2025-06-29,08-09,CR-02,Main Building,50,CLS-09,DBMS,FAC-25,Sunday,15,1.0,0,1,77.8,12,7,0,1.29,0.7,1.42,7.55,29.25
2025-06-28,16-17,CR-11,Main Building,80,CLS-46,Machine Learning,FAC-07,Saturday,24,1.5,0,0,89.8,22,32,19,1.9,1.85,0.89,11.77,30.63
2025-08-24,15-16,CR-05,Main Building,80,CLS-16,Python,FAC-18,Sunday,60,1.0,1,1,75.96,46,27,1,0.7,0.38,0.46,1.79,7.66
2025-08-15,09-10,CR-17,Main Building,50,CLS-27,Data Science,FAC-01,Friday,24,1.0,0,0,71.76,17,31,9,1.25,1.61,0.33,7.06,41.0
2025-08-30,12-13,CR-08,Main Building,30,CLS-44,Computer Networks,FAC-22,Saturday,28,3.0,0,0,75.05,21,9,3,2.95,2.75,2.22,18.68,60.0
2025-07-28,09-10,CR-10,Main Building,80,CLS-23,Machine Learning,FAC-20,Monday,37,1.0,0,0,97.23,36,17,38,0.72,1.7,0.79,8.56,39.06
2025-07-09,10-11,CR-14,IT Building,80,CLS-34,Artificial Intelligence,FAC-20,Wednesday,27,2.0,0,0,96.27,26,50,39,0.74,1.32,1.95,11.19,40.0
2025-12-27,12-13,CR-12,IT Building,80,CLS-07,Web Development,FAC-30,Saturday,47,2.0,0,0,77.99,37,21,0,1.62,1.61,1.92,12.5,41.25
2025-07-09,10-11,CR-11,Main Building,80,CLS-10,Computer Networks,FAC-15,Wednesday,62,3.0,0,0,70.54,44,26,36,1.23,1.9,0.41,14.6,49.38
2025-09-18,12-13,CR-05,Main Building,80,CLS-06,Artificial Intelligence,FAC-05,Thursday,27,3.0,0,0,84.25,23,52,31,2.68,1.03,1.89,18.72,37.81
2025-09-17,15-16,CR-14,IT Building,80,CLS-39,Artificial Intelligence,FAC-05,Wednesday,67,2.0,0,0,88.14,59,65,35,1.17,1.76,0.27,12.67,75.62
2025-10-06,16-17,CR-18,IT Building,40,CLS-32,Software Engineering,FAC-18,Monday,34,1.0,0,0,87.83,30,32,33,1.08,0.56,0.71,7.2,76.25
2025-10-26,11-12,CR-03,Main Building,40,CLS-16,Artificial Intelligence,FAC-01,Sunday,14,3.0,0,0,81.56,11,36,8,2.75,3.01,1.85,18.53,43.12
2025-06-29,08-09,CR-12,IT Building,80,CLS-24,Data Science,FAC-10,Sunday,45,1.0,0,0,91.33,41,43,13,1.33,1.19,0.84,8.94,51.87
2025-12-29,11-12,CR-02,Main Building,50,CLS-48,Data Science,FAC-04,Monday,19,1.5,1,0,88.01,17,34,23,0.08,0.43,0.24,1.17,4.94
2025-06-28,09-10,CR-16,IT Building,60,CLS-39,Data Science,FAC-01,Saturday,21,1.0,0,0,67.27,14,24,4,0.94,1.13,1.35,7.13,27.5
2025-06-04,14-15,CR-05,Main Building,80,CLS-49,Data Science,FAC-16,Wednesday,63,1.0,1,1,83.4,53,50,30,0.05,0.49,0.26,1.51,14.04
2025-12-18,08-09,CR-10,Main Building,80,CLS-08,Data Science,FAC-02,Thursday,72,2.0,0,1,74.6,54,34,32,1.31,2.64,0.94,15.01,64.21
2025-09-10,14-15,CR-15,Main Building,30,CLS-36,Web Development,FAC-30,Wednesday,24,2.0,0,0,74.83,18,17,29,2.01,1.68,0.76,11.96,59.17
2025-07-11,12-13,CR-03,Main Building,40,CLS-34,Computer Networks,FAC-05,Friday,31,1.0,0,1,70.48,22,9,14,0.67,1.91,0.68,7.19,51.23
2025-12-28,16-17,CR-20,Main Building,60,CLS-05,Operating Systems,FAC-16,Sunday,32,2.0,1,0,70.91,23,33,10,0.89,0.23,0.35,1.94,4.95
2025-09-04,14-15,CR-07,Main Building,30,CLS-18,Machine Learning,FAC-04,Thursday,8,1.0,0,0,97.46,8,4,7,0.31,0.65,1.15,4.02,23.33
2025-08-12,10-11,CR-18,IT Building,40,CLS-07,Machine Learning,FAC-07,Tuesday,27,1.0,0,0,66.3,18,18,40,0.28,1.66,0.42,6.14,45.0
2025-06-09,11-12,CR-09,Science Building,40,CLS-06,Statistics,FAC-19,Monday,9,2.0,0,0,80.43,7,9,20,1.61,1.57,0.31,10.16,18.75
2025-06-24,12-13,CR-01,Main Building,30,CLS-23,Web Development,FAC-13,Tuesday,22,1.0,0,0,79.28,17,27,11,0.92,1.22,0.74,6.24,65.0
2025-07-04,09-10,CR-11,Main Building,80,CLS-27,Software Engineering,FAC-04,Friday,48,3.0,0,0,94.29,45,60,30,2.71,1.68,1.94,19.62,60.94
2025-10-29,08-09,CR-10,Main Building,80,CLS-11,Data Science,FAC-22,Wednesday,45,1.0,1,0,74.2,33,41,13,0.96,0.07,0.29,1.84,14.97
2025-11-15,10-11,CR-06,IT Building,80,CLS-33,Software Engineering,FAC-24,Saturday,54,2.0,0,0,74.32,40,69,8,0.88,1.51,2.5,11.4,59.06
2025-08-26,12-13,CR-12,IT Building,80,CLS-40,Computer Networks,FAC-02,Tuesday,73,2.0,1,0,67.72,49,42,13,0.15,0.22,0.26,1.6,23.57
2025-11-03,09-10,CR-05,Main Building,80,CLS-37,Operating Systems,FAC-04,Monday,67,1.0,0,0,73.54,49,23,31,0.65,0.63,0.63,8.0,53.13
2025-06-25,15-16,CR-11,Main Building,80,CLS-11,Web Development,FAC-06,Wednesday,20,1.0,0,0,95.02,19,57,5,0.26,1.72,1.44,6.08,35.62
2025-06-19,10-11,CR-15,Main Building,30,CLS-17,Operating Systems,FAC-09,Thursday,20,2.0,0,0,68.01,14,22,15,0.61,2.9,1.46,9.68,53.33
2025-06-11,13-14,CR-10,Main Building,80,CLS-26,Computer Networks,FAC-28,Wednesday,55,2.0,0,0,89.19,49,58,32,2.49,1.22,1.46,15.68,64.06
2025-11-07,13-14,CR-12,IT Building,80,CLS-06,Computer Networks,FAC-17,Friday,44,1.0,1,0,82.6,36,19,15,0.41,0.08,0.49,1.44,12.3
2025-10-22,08-09,CR-05,Main Building,80,CLS-07,Web Development,FAC-13,Wednesday,26,2.0,0,0,84.91,22,40,24,0.76,1.86,1.81,11.24,33.12
2025-09-27,09-10,CR-12,IT Building,80,CLS-30,Operating Systems,FAC-21,Saturday,50,3.0,0,0,82.0,41,22,11,2.97,2.64,1.27,20.69,45.31
2025-12-05,09-10,CR-13,IT Building,40,CLS-50,Computer Networks,FAC-07,Friday,20,1.0,0,0,77.69,16,27,38,0.68,1.15,1.23,7.17,46.88
2025-10-03,11-12,CR-16,IT Building,60,CLS-08,Web Development,FAC-15,Friday,14,2.0,0,0,80.98,11,18,40,2.04,1.94,1.02,13.61,21.25
2025-07-25,13-14,CR-19,Main Building,30,CLS-03,Statistics,FAC-25,Friday,18,1.0,0,0,72.4,13,19,6,0.88,0.89,0.26,5.46,48.33
2025-06-14,11-12,CR-01,Main Building,30,CLS-49,Computer Networks,FAC-09,Saturday,14,2.0,0,0,86.39,12,8,2,1.4,1.61,2.43,10.39,36.67
2025-08-10,14-15,CR-03,Main Building,40,CLS-20,Operating Systems,FAC-28,Sunday,21,2.0,0,0,69.6,15,17,3,1.53,2.67,1.56,11.45,38.75
2025-06-24,14-15,CR-11,Main Building,80,CLS-49,Web Development,FAC-06,Tuesday,28,1.0,0,0,88.69,25,72,34,0.72,0.64,0.82,7.73,45.94
2025-11-24,10-11,CR-14,IT Building,80,CLS-23,Statistics,FAC-13,Monday,68,1.0,0,1,73.05,50,37,4,1.46,1.94,0.56,10.37,64.77
2025-10-27,10-11,CR-11,Main Building,80,CLS-43,Artificial Intelligence,FAC-01,Monday,25,1.5,0,0,76.49,19,52,7,1.82,2.43,1.03,11.84,34.06
2025-12-20,14-15,CR-09,Science Building,40,CLS-34,Python,FAC-15,Saturday,38,3.0,0,0,87.7,33,12,2,1.0,3.08,0.39,11.28,69.38
2025-07-26,11-12,CR-14,IT Building,80,CLS-45,Software Engineering,FAC-25,Saturday,26,2.0,0,0,66.63,17,56,13,1.12,1.38,0.96,9.83,33.44
2025-07-19,08-09,CR-12,IT Building,80,CLS-24,Python,FAC-10,Saturday,73,1.0,0,0,71.34,52,75,29,0.64,1.96,0.76,8.94,72.19
2025-09-14,14-15,CR-12,IT Building,80,CLS-23,Software Engineering,FAC-14,Sunday,49,3.0,0,0,79.68,39,34,29,1.84,3.94,0.91,19.55,47.19
2025-09-18,13-14,CR-06,IT Building,80,CLS-36,Statistics,FAC-06,Thursday,50,1.5,0,0,85.04,43,67,40,0.41,1.85,0.36,9.35,61.25
2025-08-12,09-10,CR-03,Main Building,40,CLS-07,Machine Learning,FAC-21,Tuesday,8,2.0,0,0,84.67,7,37,39,1.91,1.03,2.14,12.15,36.25
2025-10-18,09-10,CR-15,Main Building,30,CLS-33,Statistics,FAC-26,Saturday,7,2.0,0,0,69.41,5,10,7,2.39,0.68,0.7,10.63,20.83
2025-12-16,15-16,CR-18,IT Building,40,CLS-25,Machine Learning,FAC-07,Tuesday,35,1.5,0,0,76.48,27,35,26,1.34,1.59,0.47,9.03,72.5
2025-12-28,14-15,CR-01,Main Building,30,CLS-24,DBMS,FAC-17,Sunday,15,1.0,1,0,72.05,11,13,26,0.41,0.35,0.11,0.9,14.21
2025-09-15,11-12,CR-01,Main Building,30,CLS-27,Python,FAC-01,Monday,6,1.0,0,1,77.1,5,27,19,0.74,1.96,1.44,7.17,38.9
2025-07-14,14-15,CR-08,Main Building,30,CLS-36,Computer Networks,FAC-07,Monday,25,2.0,0,0,67.25,17,22,13,0.96,1.17,1.39,8.6,60.83
2025-07-03,14-15,CR-06,IT Building,80,CLS-26,Artificial Intelligence,FAC-17,Thursday,26,1.5,0,0,90.67,24,28,32,1.75,2.19,0.88,12.0,31.25
2025-07-01,14-15,CR-09,Science Building,40,CLS-36,Data Science,FAC-11,Tuesday,14,1.0,0,0,67.01,9,33,0,1.13,0.51,0.76,6.08,37.5
2025-11-08,10-11,CR-01,Main Building,30,CLS-40,Software Engineering,FAC-30,Saturday,8,2.0,0,0,75.87,6,27,23,1.81,2.42,0.93,11.57,37.5
2025-07-04,15-16,CR-12,IT Building,80,CLS-12,DBMS,FAC-21,Friday,73,1.0,0,0,79.73,58,43,24,1.16,1.54,1.48,10.25,67.81
2025-12-15,12-13,CR-02,Main Building,50,CLS-18,Machine Learning,FAC-30,Monday,19,2.0,0,1,72.43,14,13,7,1.74,2.02,2.31,13.44,32.25
2025-10-31,09-10,CR-04,Science Building,30,CLS-10,Web Development,FAC-09,Friday,11,1.0,0,0,83.75,9,15,29,0.59,1.21,0.67,5.67,35.0
2025-07-24,14-15,CR-04,Science Building,30,CLS-32,Python,FAC-14,Thursday,8,1.5,1,0,84.12,7,10,21,0.89,0.28,0.32,1.3,5.84
2025-08-20,15-16,CR-06,IT Building,80,CLS-12,Web Development,FAC-01,Wednesday,73,1.0,1,1,72.68,53,16,7,0.49,0.16,0.09,1.63,24.9
2025-10-02,16-17,CR-01,Main Building,30,CLS-11,Software Engineering,FAC-24,Thursday,14,1.0,0,1,81.64,11,4,17,0.65,0.89,0.83,5.97,32.97
2025-10-10,10-11,CR-07,Main Building,30,CLS-24,Machine Learning,FAC-29,Friday,12,1.0,0,0,68.51,8,11,2,1.22,1.71,1.21,7.19,29.17
2025-12-04,10-11,CR-09,Science Building,40,CLS-18,Operating Systems,FAC-07,Thursday,38,1.0,0,1,68.76,26,24,29,1.05,1.75,0.97,8.7,70.22
2025-10-05,14-15,CR-17,Main Building,50,CLS-26,DBMS,FAC-09,Sunday,21,1.0,1,0,82.45,17,32,6,0.03,0.32,0.04,1.37,11.42
2025-12-14,12-13,CR-06,IT Building,80,CLS-14,Operating Systems,FAC-14,Sunday,72,1.5,0,1,79.36,57,46,20,0.76,1.59,0.48,10.49,73.55
2025-11-03,14-15,CR-14,IT Building,80,CLS-13,Statistics,FAC-12,Monday,39,2.0,0,0,70.39,27,33,2,0.48,0.86,2.22,8.97,35.62
2025-10-09,12-13,CR-19,Main Building,30,CLS-27,Web Development,FAC-20,Thursday,26,2.0,0,0,82.43,21,4,3,1.3,0.77,1.71,8.82,55.83
2025-07-17,13-14,CR-14,IT Building,80,CLS-12,Artificial Intelligence,FAC-08,Thursday,20,1.0,1,0,85.66,17,59,9,0.08,0.06,0.02,1.07,11.48
2025-07-02,08-09,CR-11,Main Building,80,CLS-45,Python,FAC-23,Wednesday,37,1.0,0,1,73.5,27,53,14,0.42,0.89,0.73,6.98,47.24
2025-09-07,12-13,CR-20,Main Building,60,CLS-14,Software Engineering,FAC-07,Sunday,18,2.0,0,1,92.55,17,51,4,1.85,0.78,1.91,12.3,47.94
2025-11-13,14-15,CR-14,IT Building,80,CLS-21,Artificial Intelligence,FAC-07,Thursday,28,1.0,0,0,74.08,21,17,17,1.05,1.01,1.5,8.09,25.0
2025-09-16,09-10,CR-04,Science Building,30,CLS-29,Data Science,FAC-20,Tuesday,16,2.0,0,0,95.71,15,22,0,0.31,2.24,1.88,7.06,55.83
2025-08-12,08-09,CR-19,Main Building,30,CLS-01,Operating Systems,FAC-10,Tuesday,10,3.0,0,0,92.6,9,21,29,2.93,3.91,0.43,19.59,40.0
2025-10-14,08-09,CR-11,Main Building,80,CLS-42,Python,FAC-03,Tuesday,46,1.0,0,0,86.36,40,47,20,0.41,1.48,1.48,7.97,52.19
2025-12-10,13-14,CR-13,IT Building,40,CLS-06,Software Engineering,FAC-25,Wednesday,18,1.5,0,0,95.09,17,31,19,1.02,0.58,0.88,7.36,51.25
2025-11-26,15-16,CR-16,IT Building,60,CLS-42,Machine Learning,FAC-27,Wednesday,35,2.0,0,0,80.16,28,23,3,0.37,1.57,1.31,8.08,44.58
2025-12-29,08-09,CR-05,Main Building,80,CLS-07,Artificial Intelligence,FAC-28,Monday,60,2.0,0,0,95.64,57,33,5,1.69,1.28,1.43,12.48,63.75
2025-07-19,13-14,CR-18,IT Building,40,CLS-01,Python,FAC-09,Saturday,36,3.0,0,0,76.72,28,9,19,2.13,2.82,2.22,17.13,58.12
2025-06-20,12-13,CR-11,Main Building,80,CLS-45,Statistics,FAC-26,Friday,67,1.5,0,0,73.85,49,29,37,0.8,0.75,1.4,10.04,55.0
2025-09-26,09-10,CR-05,Main Building,80,CLS-21,Data Science,FAC-25,Friday,53,3.0,0,0,93.7,50,27,33,2.7,2.07,1.51,20.6,55.31
2025-10-14,11-12,CR-19,Main Building,30,CLS-31,Operating Systems,FAC-09,Tuesday,16,3.0,1,0,67.54,11,11,2,0.67,0.41,0.12,1.86,6.57
2025-08-15,09-10,CR-12,IT Building,80,CLS-36,DBMS,FAC-22,Friday,57,2.0,0,0,93.94,54,21,31,0.8,1.88,0.68,11.16,57.19
2025-06-16,11-12,CR-01,Main Building,30,CLS-43,DBMS,FAC-15,Monday,18,1.0,0,0,68.36,12,14,6,1.39,1.73,1.2,7.16,41.67
2025-12-26,16-17,CR-17,Main Building,50,CLS-21,Web Development,FAC-23,Friday,39,2.0,0,1,83.03,32,13,8,0.46,2.39,1.56,9.65,57.81
2025-09-02,14-15,CR-15,Main Building,30,CLS-40,Software Engineering,FAC-07,Tuesday,18,1.0,0,0,71.16,13,17,5,0.49,0.78,0.32,4.63,46.67
2025-11-23,12-13,CR-19,Main Building,30,CLS-42,Machine Learning,FAC-05,Sunday,20,1.0,1,0,65.58,13,11,0,0.05,0.29,0.41,0.8,15.34
2025-07-18,12-13,CR-01,Main Building,30,CLS-31,Software Engineering,FAC-15,Friday,17,1.0,0,1,75.78,13,6,11,0.69,1.39,0.59,6.37,42.09
2025-07-09,14-15,CR-17,Main Building,50,CLS-28,Software Engineering,FAC-11,Wednesday,13,1.5,0,0,89.48,12,13,3,1.43,0.91,0.87,8.55,24.5
2025-11-14,14-15,CR-14,IT Building,80,CLS-13,Web Development,FAC-07,Friday,41,1.0,0,0,69.16,28,75,33,0.41,1.51,1.32,8.02,49.69
2025-09-19,09-10,CR-02,Main Building,50,CLS-42,DBMS,FAC-04,Friday,24,1.0,0,0,71.08,17,43,17,0.38,1.72,0.97,6.37,47.0
2025-08-01,09-10,CR-18,IT Building,40,CLS-07,Web Development,FAC-08,Friday,36,2.0,1,0,85.4,31,31,25,0.78,0.35,0.42,1.75,10.11
2025-12-05,12-13,CR-16,IT Building,60,CLS-14,Data Science,FAC-26,Friday,25,1.0,1,0,86.13,22,54,38,0.31,0.48,0.02,1.58,9.32
2025-06-01,09-10,CR-06,IT Building,80,CLS-33,Statistics,FAC-16,Sunday,63,1.0,1,0,84.13,53,33,20,0.17,0.36,0.09,1.43,18.27
2025-07-13,10-11,CR-11,Main Building,80,CLS-30,Data Science,FAC-01,Sunday,58,1.5,0,0,95.19,55,14,11,0.62,0.79,1.58,8.12,55.94
2025-08-07,09-10,CR-06,IT Building,80,CLS-44,Python,FAC-20,Thursday,38,1.5,0,0,81.52,31,74,15,1.85,0.79,1.38,11.03,52.19
2025-09-29,09-10,CR-02,Main Building,50,CLS-02,Statistics,FAC-22,Monday,28,3.0,0,1,87.55,25,39,10,1.88,3.14,1.1,17.08,63.53
2025-12-16,09-10,CR-04,Science Building,30,CLS-20,Artificial Intelligence,FAC-15,Tuesday,21,2.0,0,1,79.78,17,12,21,1.16,2.96,0.91,11.27,57.42
2025-09-02,15-16,CR-01,Main Building,30,CLS-23,Web Development,FAC-23,Tuesday,16,2.0,1,1,83.63,13,19,3,0.25,0.46,0.13,0.79,13.29
2025-11-11,08-09,CR-05,Main Building,80,CLS-27,DBMS,FAC-22,Tuesday,25,1.0,0,0,94.56,24,43,36,0.38,1.48,1.38,7.92,35.94
2025-12-07,14-15,CR-12,IT Building,80,CLS-14,Machine Learning,FAC-07,Sunday,74,1.5,1,0,87.34,65,47,40,0.3,0.09,0.15,1.88,22.96
2025-09-24,16-17,CR-06,IT Building,80,CLS-17,Artificial Intelligence,FAC-29,Wednesday,37,1.5,0,0,68.07,25,47,19,0.5,0.71,0.99,7.54,38.12
2025-07-19,08-09,CR-19,Main Building,30,CLS-34,Artificial Intelligence,FAC-27,Saturday,25,1.0,0,0,69.3,17,22,30,1.05,0.8,0.37,6.71,60.83
2025-12-20,13-14,CR-10,Main Building,80,CLS-08,Python,FAC-16,Saturday,75,2.0,0,0,70.51,53,31,33,2.33,2.55,1.05,17.0,59.38
2025-08-14,16-17,CR-06,IT Building,80,CLS-20,Operating Systems,FAC-10,Thursday,20,3.0,0,0,87.35,17,70,2,2.13,2.7,0.98,17.11,37.81
2025-07-26,12-13,CR-19,Main Building,30,CLS-08,Python,FAC-16,Saturday,15,1.0,0,0,66.29,10,25,26,0.82,1.84,0.96,7.11,45.83
2025-06-01,08-09,CR-09,Science Building,40,CLS-09,Artificial Intelligence,FAC-29,Sunday,17,3.0,0,1,87.25,15,15,5,2.94,3.95,2.14,21.8,43.78
2025-07-07,11-12,CR-14,IT Building,80,CLS-38,Machine Learning,FAC-10,Monday,30,1.0,0,0,73.04,22,43,40,1.25,0.66,1.23,9.1,34.06
2025-09-07,14-15,CR-13,IT Building,40,CLS-07,Web Development,FAC-30,Sunday,17,2.0,0,0,85.81,15,33,20,1.22,1.59,0.95,9.86,48.75
2025-12-23,10-11,CR-07,Main Building,30,CLS-17,Data Science,FAC-14,Tuesday,23,1.0,0,0,90.15,21,6,9,1.42,1.91,0.47,7.71,57.5
2025-10-24,15-16,CR-18,IT Building,40,CLS-12,Computer Networks,FAC-26,Friday,36,3.0,0,0,73.34,26,14,33,0.44,1.44,2.76,11.81,57.5
2025-09-22,13-14,CR-17,Main Building,50,CLS-44,Artificial Intelligence,FAC-15,Monday,32,1.5,0,0,85.89,27,33,29,1.51,1.01,1.51,10.19,57.0
2025-06-08,16-17,CR-01,Main Building,30,CLS-50,Computer Networks,FAC-03,Sunday,10,2.0,0,0,85.68,9,22,16,0.58,2.56,0.78,8.03,40.83
2025-09-04,10-11,CR-20,Main Building,60,CLS-35,Statistics,FAC-29,Thursday,30,1.0,0,0,86.53,26,34,0,0.76,1.39,0.38,6.45,46.67
2025-09-27,16-17,CR-15,Main Building,30,CLS-04,Machine Learning,FAC-02,Saturday,14,3.0,1,0,97.98,14,14,19,0.21,0.13,0.33,1.22,6.03
2025-08-14,15-16,CR-11,Main Building,80,CLS-04,Machine Learning,FAC-24,Thursday,53,2.0,0,0,96.86,51,38,33,2.31,1.76,2.04,16.13,59.69
2025-07-07,16-17,CR-16,IT Building,60,CLS-09,DBMS,FAC-29,Monday,55,2.0,0,0,73.97,41,49,19,2.09,1.45,0.45,12.9,71.67
2025-12-02,08-09,CR-16,IT Building,60,CLS-40,DBMS,FAC-04,Tuesday,16,1.0,0,1,76.29,12,16,33,1.48,1.44,0.77,9.59,24.25
2025-07-23,09-10,CR-16,IT Building,60,CLS-02,Software Engineering,FAC-15,Wednesday,37,1.0,0,0,67.31,25,34,30,0.32,0.68,0.98,6.46,45.42
2025-07-18,11-12,CR-18,IT Building,40,CLS-17,Statistics,FAC-22,Friday,22,3.0,1,1,95.65,21,13,27,0.5,0.42,0.22,2.32,5.37
2025-07-07,11-12,CR-06,IT Building,80,CLS-33,Software Engineering,FAC-07,Monday,46,1.5,0,0,70.74,33,24,37,0.88,1.77,0.37,10.24,38.44
2025-10-05,13-14,CR-09,Science Building,40,CLS-26,Computer Networks,FAC-23,Sunday,33,1.0,0,0,76.93,25,33,9,0.92,1.99,0.84,7.16,67.5
2025-06-08,12-13,CR-15,Main Building,30,CLS-08,Statistics,FAC-13,Sunday,6,2.0,0,0,91.28,5,24,20,1.59,2.72,1.17,11.74,32.5
2025-11-16,15-16,CR-02,Main Building,50,CLS-23,Data Science,FAC-15,Sunday,39,1.0,0,0,84.94,33,29,32,1.04,1.13,0.43,7.64,64.0
2025-10-07,11-12,CR-12,IT Building,80,CLS-46,Software Engineering,FAC-13,Tuesday,48,1.0,0,0,71.98,35,57,36,1.17,0.98,0.88,9.33,50.62
2025-08-26,15-16,CR-05,Main Building,80,CLS-18,Web Development,FAC-30,Tuesday,41,1.0,1,0,70.36,29,60,30,0.96,0.43,0.43,2.29,12.94
2025-07-17,16-17,CR-17,Main Building,50,CLS-17,Data Science,FAC-23,Thursday,30,2.0,0,0,69.75,21,44,39,0.27,0.55,1.57,7.79,53.5
2025-12-30,14-15,CR-03,Main Building,40,CLS-03,Python,FAC-28,Tuesday,31,1.0,0,0,80.03,25,12,31,0.9,0.51,0.78,6.59,54.38
2025-11-21,15-16,CR-11,Main Building,80,CLS-49,DBMS,FAC-25,Friday,67,2.0,0,0,89.16,60,34,24,0.77,2.53,1.57,12.81,66.88
2025-12-11,14-15,CR-03,Main Building,40,CLS-04,Statistics,FAC-09,Thursday,11,1.0,1,0,71.96,8,34,23,0.24,0.31,0.41,0.67,10.22
2025-06-08,10-11,CR-11,Main Building,80,CLS-07,Operating Systems,FAC-13,Sunday,24,2.0,0,1,93.61,22,37,12,1.76,1.62,1.35,13.41,35.7
2025-09-21,12-13,CR-08,Main Building,30,CLS-13,Data Science,FAC-14,Sunday,22,3.0,0,0,71.74,16,22,0,1.97,1.76,2.99,14.32,58.33
2025-11-09,09-10,CR-07,Main Building,30,CLS-03,Data Science,FAC-29,Sunday,6,1.0,0,1,83.67,5,21,27,1.4,1.7,0.81,7.86,32.43
2025-07-18,16-17,CR-16,IT Building,60,CLS-13,DBMS,FAC-19,Friday,42,2.0,0,0,88.72,37,48,35,1.57,1.73,0.68,12.0,66.25
2025-07-06,09-10,CR-15,Main Building,30,CLS-28,Computer Networks,FAC-28,Sunday,8,2.0,0,0,95.19,8,20,9,1.0,2.88,1.45,9.67,36.67
2025-06-26,09-10,CR-16,IT Building,60,CLS-15,Python,FAC-20,Thursday,46,1.0,0,0,85.84,39,27,16,0.93,0.69,0.72,7.18,60.0
2025-09-08,13-14,CR-03,Main Building,40,CLS-11,Web Development,FAC-03,Monday,25,2.0,0,1,79.75,20,38,19,2.0,1.05,0.62,11.85,65.65
2025-06-15,16-17,CR-04,Science Building,30,CLS-38,Operating Systems,FAC-30,Sunday,14,2.0,0,0,78.41,11,14,13,2.33,2.28,1.19,12.69,39.17
2025-08-06,11-12,CR-11,Main Building,80,CLS-49,Python,FAC-05,Wednesday,29,2.0,1,0,97.49,28,19,15,0.67,0.14,0.29,1.89,7.98
2025-12-24,08-09,CR-12,IT Building,80,CLS-05,Computer Networks,FAC-20,Wednesday,63,2.0,0,1,68.61,43,73,8,2.42,0.94,1.71,16.02,66.75
2025-06-11,09-10,CR-02,Main Building,50,CLS-32,Software Engineering,FAC-08,Wednesday,32,1.5,0,0,90.64,29,21,1,1.43,1.73,1.81,9.52,54.0
2025-06-15,08-09,CR-07,Main Building,30,CLS-35,Statistics,FAC-28,Sunday,18,2.0,1,0,67.59,12,21,15,0.33,0.12,0.49,1.59,5.49
2025-12-14,14-15,CR-05,Main Building,80,CLS-28,Computer Networks,FAC-18,Sunday,24,1.0,0,0,87.6,21,59,22,0.52,0.86,0.6,6.42,38.12
2025-07-20,13-14,CR-14,IT Building,80,CLS-04,DBMS,FAC-08,Sunday,21,2.0,0,0,78.57,16,64,34,0.78,0.55,2.23,10.31,35.0
2025-10-24,08-09,CR-01,Main Building,30,CLS-47,DBMS,FAC-27,Friday,7,1.0,0,0,76.17,5,18,5,0.26,1.52,1.28,4.87,27.5
2025-08-12,08-09,CR-11,Main Building,80,CLS-23,Statistics,FAC-21,Tuesday,72,1.0,0,0,69.84,50,62,30,0.45,1.69,1.02,8.53,66.25
2025-11-16,09-10,CR-03,Main Building,40,CLS-05,Web Development,FAC-18,Sunday,14,1.5,1,0,75.19,11,20,28,0.37,0.38,0.41,1.23,10.4
2025-09-02,16-17,CR-10,Main Building,80,CLS-42,DBMS,FAC-17,Tuesday,73,1.0,0,1,78.21,57,76,6,1.43,1.11,1.21,10.48,79.51
2025-09-14,15-16,CR-09,Science Building,40,CLS-06,DBMS,FAC-30,Sunday,12,3.0,0,0,94.96,11,25,35,0.49,3.78,2.52,13.87,36.25
2025-07-24,09-10,CR-12,IT Building,80,CLS-47,Data Science,FAC-02,Thursday,31,2.0,0,0,91.11,28,26,1,0.7,2.51,2.16,10.82,34.38
2025-10-06,08-09,CR-09,Science Building,40,CLS-18,Statistics,FAC-13,Monday,17,3.0,0,0,66.65,11,23,39,0.66,2.38,1.83,12.48,35.0
2025-09-07,15-16,CR-01,Main Building,30,CLS-25,Computer Networks,FAC-15,Sunday,7,1.0,0,0,86.29,6,9,21,0.27,1.94,0.31,5.32,22.5
2025-09-19,16-17,CR-02,Main Building,50,CLS-43,Web Development,FAC-02,Friday,44,3.0,0,0,86.98,38,45,21,2.51,0.55,1.74,16.5,79.5
2025-12-30,12-13,CR-19,Main Building,30,CLS-14,Python,FAC-11,Tuesday,25,1.5,0,0,80.17,20,7,17,1.12,0.64,1.45,8.09,55.83
2025-09-08,12-13,CR-18,IT Building,40,CLS-30,Computer Networks,FAC-19,Monday,31,2.0,0,0,81.01,25,16,24,0.59,2.12,0.64,8.72,56.88
2025-09-28,11-12,CR-05,Main Building,80,CLS-01,Web Development,FAC-26,Sunday,59,1.0,0,0,93.79,55,49,21,1.02,0.74,1.45,8.51,66.88
2025-10-25,14-15,CR-02,Main Building,50,CLS-40,Web Development,FAC-12,Saturday,27,2.0,0,1,85.69,23,7,7,0.82,2.51,2.09,11.14,41.84
2025-11-17,13-14,CR-09,Science Building,40,CLS-12,Operating Systems,FAC-15,Monday,8,1.5,0,0,97.31,8,8,22,1.13,1.41,1.57,8.66,20.0
2025-10-01,16-17,CR-07,Main Building,30,CLS-27,Python,FAC-19,Wednesday,8,1.0,0,1,83.03,7,14,30,0.36,1.13,1.32,5.81,31.55
2025-07-17,12-13,CR-09,Science Building,40,CLS-17,Operating Systems,FAC-05,Thursday,15,2.0,0,0,93.25,14,9,14,0.47,0.73,0.84,6.22,31.88
2025-06-30,08-09,CR-06,IT Building,80,CLS-44,Software Engineering,FAC-28,Monday,44,2.0,0,0,85.56,38,41,3,1.05,2.47,0.78,11.14,48.44
2025-11-30,12-13,CR-09,Science Building,40,CLS-02,Artificial Intelligence,FAC-18,Sunday,30,1.0,0,0,86.09,26,28,6,0.54,1.57,1.34,5.95,66.25
2025-06-20,16-17,CR-15,Main Building,30,CLS-08,Software Engineering,FAC-03,Friday,13,1.0,0,1,79.11,10,15,26,0.45,1.55,1.2,6.59,44.44
2025-09-15,09-10,CR-14,IT Building,80,CLS-19,Data Science,FAC-01,Monday,36,2.0,0,0,68.49,25,64,23,1.39,2.54,2.36,14.11,43.44
2025-09-29,12-13,CR-20,Main Building,60,CLS-02,Data Science,FAC-12,Monday,14,1.0,0,1,82.68,12,10,6,0.74,1.77,0.87,7.27,24.82
2025-12-24,13-14,CR-17,Main Building,50,CLS-46,Software Engineering,FAC-26,Wednesday,47,2.0,0,0,80.57,38,31,37,1.35,2.62,2.12,13.24,72.5
2025-06-09,10-11,CR-13,IT Building,40,CLS-49,Machine Learning,FAC-03,Monday,38,1.0,0,1,81.23,31,32,34,0.97,0.86,1.24,8.01,84.52
2025-10-14,08-09,CR-20,Main Building,60,CLS-31,Software Engineering,FAC-17,Tuesday,40,1.0,0,0,81.05,32,45,18,0.67,0.66,0.55,6.35,58.75
2025-08-02,13-14,CR-08,Main Building,30,CLS-50,Artificial Intelligence,FAC-08,Saturday,20,1.0,1,0,70.57,14,26,7,0.46,0.15,0.02,0.99,13.23
2025-09-13,13-14,CR-03,Main Building,40,CLS-23,Software Engineering,FAC-17,Saturday,10,1.0,1,0,75.66,8,20,28,0.54,0.28,0.18,1.35,9.24
2025-07-29,10-11,CR-18,IT Building,40,CLS-16,Computer Networks,FAC-22,Tuesday,26,2.0,0,1,77.45,20,22,18,0.83,1.11,1.28,9.14,55.3
2025-07-01,09-10,CR-14,IT Building,80,CLS-27,Software Engineering,FAC-05,Tuesday,52,1.5,1,0,90.06,47,35,29,0.21,0.35,0.01,2.02,5.76
2025-07-01,14-15,CR-09,Science Building,40,CLS-49,Software Engineering,FAC-23,Tuesday,37,1.5,1,0,76.18,28,14,2,0.56,0.1,0.37,1.15,21.45
2025-06-07,10-11,CR-03,Main Building,40,CLS-09,Software Engineering,FAC-28,Saturday,24,1.5,0,0,66.73,16,14,25,1.74,0.9,1.78,10.59,38.75
2025-11-26,16-17,CR-08,Main Building,30,CLS-46,Web Development,FAC-04,Wednesday,16,3.0,0,1,75.53,12,23,19,2.74,0.94,0.74,16.19,51.81
2025-12-02,08-09,CR-03,Main Building,40,CLS-48,Artificial Intelligence,FAC-15,Tuesday,37,1.5,1,0,81.27,30,33,18,0.08,0.1,0.47,1.12,25.16
2025-11-27,10-11,CR-06,IT Building,80,CLS-47,Statistics,FAC-30,Thursday,68,2.0,0,0,95.47,65,12,37,1.48,1.17,1.83,13.82,64.69
2025-10-30,13-14,CR-15,Main Building,30,CLS-25,Artificial Intelligence,FAC-15,Thursday,11,2.0,1,1,86.74,10,12,30,0.99,0.13,0.34,2.07,7.07
2025-10-05,13-14,CR-02,Main Building,50,CLS-37,Software Engineering,FAC-29,Sunday,43,2.0,0,0,81.82,35,25,20,0.93,0.88,0.89,9.16,65.0
2025-09-07,13-14,CR-06,IT Building,80,CLS-10,Python,FAC-27,Sunday,76,2.0,1,0,77.41,59,67,33,0.76,0.27,0.04,2.56,13.99
2025-11-05,13-14,CR-04,Science Building,30,CLS-23,Web Development,FAC-06,Wednesday,9,1.0,0,0,86.03,8,18,7,1.25,1.2,0.7,6.45,35.0
2025-07-14,12-13,CR-09,Science Building,40,CLS-39,Machine Learning,FAC-30,Monday,15,2.0,0,0,68.58,10,12,13,2.22,2.46,0.63,12.04,26.25
2025-10-20,16-17,CR-06,IT Building,80,CLS-02,Statistics,FAC-29,Monday,18,2.0,0,0,85.63,15,12,31,2.38,1.95,1.47,16.0,17.81
2025-12-31,08-09,CR-12,IT Building,80,CLS-14,Web Development,FAC-19,Wednesday,43,2.0,0,1,66.66,29,28,29,0.39,0.97,0.32,9.42,39.71
2025-06-29,09-10,CR-15,Main Building,30,CLS-28,Operating Systems,FAC-09,Sunday,8,3.0,0,0,69.49,6,27,21,2.55,1.04,1.08,15.12,37.5
2025-06-30,13-14,CR-03,Main Building,40,CLS-48,DBMS,FAC-24,Monday,10,1.0,0,1,73.22,7,27,17,0.72,0.88,0.86,6.29,34.72
2025-12-06,16-17,CR-03,Main Building,40,CLS-46,Artificial Intelligence,FAC-29,Saturday,37,1.0,0,0,66.85,25,26,12,0.43,0.58,1.03,5.3,63.12
2025-10-21,08-09,CR-01,Main Building,30,CLS-16,Data Science,FAC-19,Tuesday,18,3.0,0,0,66.8,12,12,15,2.55,2.29,1.7,16.58,40.0
2025-07-09,15-16,CR-06,IT Building,80,CLS-47,Operating Systems,FAC-10,Wednesday,24,1.0,1,0,71.52,17,39,0,0.32,0.3,0.11,1.22,6.48
2025-10-04,16-17,CR-20,Main Building,60,CLS-14,Data Science,FAC-02,Saturday,38,2.0,0,1,68.84,26,33,40,2.43,0.55,2.06,15.77,51.75
2025-11-11,13-14,CR-16,IT Building,60,CLS-34,Data Science,FAC-29,Tuesday,31,3.0,0,0,69.48,22,51,31,0.65,2.94,2.02,14.25,48.75
2025-10-04,14-15,CR-20,Main Building,60,CLS-23,Software Engineering,FAC-16,Saturday,30,1.0,0,0,90.83,27,57,18,1.42,1.54,0.44,8.65,57.5
2025-09-16,15-16,CR-11,Main Building,80,CLS-16,Computer Networks,FAC-04,Tuesday,27,1.5,0,0,71.91,19,56,25,0.38,1.91,0.95,8.31,35.31
2025-11-28,10-11,CR-16,IT Building,60,CLS-32,Statistics,FAC-14,Friday,55,1.0,0,0,95.36,52,26,32,1.06,0.64,1.43,8.31,75.83
2025-07-26,14-15,CR-02,Main Building,50,CLS-36,Artificial Intelligence,FAC-09,Saturday,30,1.5,0,0,78.27,23,34,25,0.34,1.49,0.47,6.54,51.5
2025-08-06,08-09,CR-09,Science Building,40,CLS-32,DBMS,FAC-11,Wednesday,28,3.0,0,0,78.23,22,34,26,1.21,3.2,2.46,15.37,62.5
2025-07-27,10-11,CR-18,IT Building,40,CLS-14,Machine Learning,FAC-20,Sunday,27,1.0,0,1,77.32,21,7,1,0.44,1.7,1.13,5.93,50.56
2025-06-24,13-14,CR-12,IT Building,80,CLS-50,Software Engineering,FAC-03,Tuesday,57,1.0,0,0,71.28,41,58,34,0.71,0.66,1.04,8.0,56.56
2025-07-21,10-11,CR-18,IT Building,40,CLS-26,DBMS,FAC-10,Monday,33,1.0,0,0,84.09,28,32,13,1.39,1.33,0.47,7.98,72.5
2025-10-20,11-12,CR-01,Main Building,30,CLS-03,Python,FAC-25,Monday,22,1.0,0,0,77.5,17,19,1,1.3,1.47,1.06,7.47,58.33
2025-07-11,12-13,CR-10,Main Building,80,CLS-02,DBMS,FAC-21,Friday,65,2.0,0,0,89.98,58,46,7,1.62,0.92,2.04,12.75,68.75
2025-12-26,14-15,CR-13,IT Building,40,CLS-09,Web Development,FAC-28,Friday,10,1.0,0,1,88.76,9,32,1,0.36,1.2,0.47,5.08,38.96
2025-12-30,16-17,CR-20,Main Building,60,CLS-10,Machine Learning,FAC-24,Tuesday,49,3.0,0,0,85.45,42,47,19,2.07,3.43,0.84,17.53,72.08
2025-12-18,13-14,CR-14,IT Building,80,CLS-33,Python,FAC-10,Thursday,33,1.5,0,0,68.98,23,45,36,1.74,0.81,1.96,12.05,35.62
2025-09-29,14-15,CR-10,Main Building,80,CLS-28,Machine Learning,FAC-08,Monday,42,2.0,0,0,97.39,41,48,34,0.47,1.26,1.69,10.56,53.44
2025-10-08,11-12,CR-13,IT Building,40,CLS-02,Operating Systems,FAC-24,Wednesday,20,1.0,0,0,76.55,15,34,14,1.41,0.6,0.94,7.63,49.38
2025-10-26,08-09,CR-13,IT Building,40,CLS-50,DBMS,FAC-15,Sunday,19,1.5,0,0,73.44,14,25,21,0.89,2.19,0.59,8.52,41.88
2025-07-07,09-10,CR-04,Science Building,30,CLS-36,Data Science,FAC-07,Monday,21,2.0,0,0,92.29,19,8,12,1.52,2.41,1.86,11.5,54.17
2025-11-05,15-16,CR-17,Main Building,50,CLS-47,Statistics,FAC-25,Wednesday,24,1.0,0,0,93.63,22,33,19,0.79,1.95,0.82,6.99,49.5
2025-12-07,13-14,CR-05,Main Building,80,CLS-03,Artificial Intelligence,FAC-23,Sunday,52,2.0,0,0,69.71,36,46,13,1.13,2.88,0.97,12.29,48.12
2025-12-11,16-17,CR-16,IT Building,60,CLS-35,Operating Systems,FAC-11,Thursday,53,1.0,0,0,88.91,47,54,30,0.64,1.67,0.8,7.87,81.25
2025-10-10,16-17,CR-03,Main Building,40,CLS-07,Computer Networks,FAC-23,Friday,10,1.5,0,0,81.01,8,16,33,1.61,1.26,1.03,9.42,25.0
2025-12-09,09-10,CR-06,IT Building,80,CLS-13,Operating Systems,FAC-28,Tuesday,23,1.0,0,0,82.36,19,33,40,1.26,1.04,0.91,8.82,28.12
2025-12-23,16-17,CR-16,IT Building,60,CLS-09,Software Engineering,FAC-14,Tuesday,37,1.0,0,0,87.13,32,36,18,0.59,0.92,1.42,7.02,55.0
2025-12-02,12-13,CR-17,Main Building,50,CLS-21,Statistics,FAC-29,Tuesday,33,2.0,1,0,86.37,29,16,18,0.03,0.31,0.25,1.7,13.23
2025-07-23,13-14,CR-17,Main Building,50,CLS-39,Web Development,FAC-16,Wednesday,39,1.0,0,0,83.01,32,17,33,0.7,0.62,0.49,6.61,56.5
2025-12-01,15-16,CR-01,Main Building,30,CLS-21,Computer Networks,FAC-06,Monday,10,1.5,0,0,80.4,8,13,22,0.34,0.58,1.51,5.79,30.83
2025-07-19,11-12,CR-04,Science Building,30,CLS-35,Operating Systems,FAC-11,Saturday,9,1.0,0,0,82.76,7,23,5,0.89,0.86,1.18,5.54,36.67
2025-06-18,13-14,CR-18,IT Building,40,CLS-15,Artificial Intelligence,FAC-21,Wednesday,8,1.0,0,0,80.2,6,33,37,0.61,0.87,1.06,6.2,31.88
2025-12-04,12-13,CR-12,IT Building,80,CLS-40,Computer Networks,FAC-30,Thursday,32,2.0,0,0,86.48,28,21,37,2.11,1.54,0.41,14.39,32.81
2025-07-10,09-10,CR-07,Main Building,30,CLS-18,Data Science,FAC-09,Thursday,24,1.0,0,1,65.24,16,22,20,0.9,0.56,0.96,6.76,64.93
2025-08-24,12-13,CR-20,Main Building,60,CLS-43,Operating Systems,FAC-07,Sunday,22,1.0,0,0,95.39,21,14,39,1.46,1.31,0.82,9.25,32.08
2025-07-08,10-11,CR-06,IT Building,80,CLS-31,Python,FAC-11,Tuesday,20,1.0,0,1,67.14,13,68,27,0.83,0.86,0.84,8.22,39.43
2025-08-23,12-13,CR-17,Main Building,50,CLS-49,Machine Learning,FAC-08,Saturday,45,1.5,0,0,80.03,36,37,22,1.27,1.21,0.54,9.45,72.5
2025-08-19,16-17,CR-11,Main Building,80,CLS-34,Machine Learning,FAC-29,Tuesday,54,3.0,0,0,86.91,47,47,9,1.18,3.77,2.76,17.64,58.75
2025-09-20,16-17,CR-15,Main Building,30,CLS-32,Web Development,FAC-22,Saturday,9,2.0,0,0,71.91,6,9,0,0.34,2.35,2.11,7.69,22.5
2025-09-02,15-16,CR-12,IT Building,80,CLS-47,Computer Networks,FAC-07,Tuesday,55,2.0,0,0,65.92,36,59,11,0.8,1.65,1.66,11.41,52.19
2025-12-09,08-09,CR-07,Main Building,30,CLS-29,Artificial Intelligence,FAC-17,Tuesday,12,1.0,0,0,83.39,10,14,3,1.18,0.92,0.96,6.14,36.67
2025-09-03,12-13,CR-17,Main Building,50,CLS-01,Statistics,FAC-09,Wednesday,12,2.0,0,0,89.76,11,32,2,1.81,2.98,0.88,11.83,32.5
2025-11-26,12-13,CR-09,Science Building,40,CLS-41,Python,FAC-19,Wednesday,34,1.0,1,0,81.44,28,35,31,0.33,0.22,0.43,1.45,11.31
2025-12-09,16-17,CR-04,Science Building,30,CLS-03,Artificial Intelligence,FAC-01,Tuesday,25,2.0,0,0,71.72,18,8,2,2.22,0.65,2.25,11.62,51.67
2025-09-16,09-10,CR-02,Main Building,50,CLS-29,Python,FAC-11,Tuesday,16,3.0,0,0,75.86,12,19,39,1.12,2.29,2.84,15.12,27.5
2025-12-06,08-09,CR-11,Main Building,80,CLS-44,Artificial Intelligence,FAC-29,Saturday,61,1.0,0,0,93.27,57,13,25,0.75,0.8,0.78,7.83,57.5
2025-09-15,08-09,CR-03,Main Building,40,CLS-13,Software Engineering,FAC-05,Monday,31,1.0,0,0,77.72,24,34,2,1.39,1.64,0.88,7.72,66.25
2025-08-10,11-12,CR-17,Main Building,50,CLS-27,Data Science,FAC-21,Sunday,10,1.0,0,1,66.92,7,29,7,0.58,1.15,0.45,5.84,29.05
2025-10-24,09-10,CR-19,Main Building,30,CLS-30,Machine Learning,FAC-04,Friday,8,1.0,1,0,96.27,8,9,10,0.77,0.13,0.3,1.16,7.63
2025-06-06,10-11,CR-01,Main Building,30,CLS-14,Artificial Intelligence,FAC-15,Friday,8,2.0,0,0,94.09,8,25,20,1.41,2.44,1.51,10.97,40.83
2025-07-19,10-11,CR-10,Main Building,80,CLS-04,Computer Networks,FAC-23,Saturday,34,1.0,0,0,83.24,28,52,26,0.39,0.69,0.91,6.92,42.5
2025-07-28,11-12,CR-09,Science Building,40,CLS-13,Data Science,FAC-10,Monday,16,2.0,0,0,96.97,16,11,31,1.34,0.66,1.49,10.51,36.88
2025-08-30,13-14,CR-12,IT Building,80,CLS-50,Software Engineering,FAC-15,Saturday,69,2.0,1,0,92.76,64,16,37,1.0,0.22,0.16,2.22,14.02
2025-10-16,11-12,CR-14,IT Building,80,CLS-23,Web Development,FAC-07,Thursday,37,2.0,0,1,66.36,25,46,5,1.03,1.16,1.79,11.64,42.89
2025-07-24,12-13,CR-07,Main Building,30,CLS-30,Web Development,FAC-02,Thursday,9,2.0,1,0,96.31,9,19,4,0.27,0.41,0.03,0.81,9.21
2025-08-22,13-14,CR-19,Main Building,30,CLS-25,Statistics,FAC-29,Friday,7,1.0,1,0,95.82,7,24,11,0.77,0.33,0.41,1.18,13.53
2025-06-03,10-11,CR-14,IT Building,80,CLS-31,Artificial Intelligence,FAC-11,Tuesday,57,1.0,0,0,86.37,49,51,10,1.46,1.57,1.41,9.63,61.88
2025-09-28,16-17,CR-06,IT Building,80,CLS-49,Python,FAC-15,Sunday,67,2.0,0,1,82.43,55,67,25,0.54,1.98,1.34,11.97,77.34
2025-08-02,12-13,CR-12,IT Building,80,CLS-39,Artificial Intelligence,FAC-16,Saturday,59,1.5,0,0,85.54,50,41,32,0.27,0.89,1.11,8.24,59.69
2025-06-28,14-15,CR-14,IT Building,80,CLS-50,Web Development,FAC-19,Saturday,41,2.0,0,0,79.0,32,33,19,1.86,2.01,0.92,13.7,40.31
2025-10-31,16-17,CR-07,Main Building,30,CLS-37,Data Science,FAC-05,Friday,27,1.0,0,0,78.56,21,13,25,0.52,1.95,0.41,6.2,63.33
2025-12-14,10-11,CR-12,IT Building,80,CLS-30,Computer Networks,FAC-06,Sunday,45,1.0,1,0,72.32,33,37,11,0.78,0.1,0.04,1.54,8.09
2025-06-21,10-11,CR-08,Main Building,30,CLS-14,Computer Networks,FAC-03,Saturday,13,1.0,1,1,80.66,10,28,11,0.01,0.04,0.4,0.81,7.44
2025-06-26,15-16,CR-18,IT Building,40,CLS-44,Computer Networks,FAC-23,Thursday,14,1.5,1,0,93.2,13,35,15,0.68,0.03,0.39,1.36,15.21
2025-06-25,14-15,CR-05,Main Building,80,CLS-21,Data Science,FAC-13,Wednesday,65,1.0,0,0,92.9,60,62,34,1.25,1.26,0.54,9.76,75.62
2025-06-19,13-14,CR-16,IT Building,60,CLS-43,Statistics,FAC-01,Thursday,26,2.0,0,0,97.37,25,32,23,0.6,1.06,0.73,8.41,44.58
2025-08-27,16-17,CR-01,Main Building,30,CLS-40,Statistics,FAC-25,Wednesday,18,1.0,1,0,91.15,16,8,15,0.19,0.03,0.5,1.14,7.3
2025-07-25,12-13,CR-14,IT Building,80,CLS-06,Artificial Intelligence,FAC-13,Friday,57,1.0,0,0,83.3,47,48,19,1.38,1.89,0.26,9.49,59.06
2025-09-08,15-16,CR-02,Main Building,50,CLS-17,Computer Networks,FAC-06,Monday,20,1.5,1,1,67.49,13,13,29,0.25,0.33,0.44,2.06,6.7
2025-12-05,09-10,CR-13,IT Building,40,CLS-01,Data Science,FAC-11,Friday,12,2.0,0,0,71.22,9,35,0,2.06,2.92,0.85,12.03,38.75
2025-10-03,14-15,CR-14,IT Building,80,CLS-50,Python,FAC-10,Friday,43,1.0,1,0,81.33,35,69,32,0.09,0.28,0.25,1.37,11.52
2025-09-30,13-14,CR-18,IT Building,40,CLS-24,Machine Learning,FAC-26,Tuesday,13,1.5,0,0,76.03,10,11,9,1.16,1.67,0.26,7.36,25.62
2025-06-02,13-14,CR-19,Main Building,30,CLS-17,DBMS,FAC-17,Monday,25,2.0,0,0,90.11,23,5,14,1.85,1.42,0.37,10.21,61.67
2025-08-12,08-09,CR-04,Science Building,30,CLS-32,Operating Systems,FAC-12,Tuesday,7,2.0,1,0,71.07,5,12,13,0.58,0.08,0.18,0.96,4.53
2025-08-15,08-09,CR-18,IT Building,40,CLS-18,Data Science,FAC-10,Friday,19,1.5,0,0,88.0,17,26,19,1.23,1.27,0.99,8.43,48.12
2025-11-10,08-09,CR-20,Main Building,60,CLS-08,Artificial Intelligence,FAC-24,Monday,14,2.0,1,0,67.59,9,24,11,0.88,0.04,0.35,1.73,2.66
2025-06-25,10-11,CR-05,Main Building,80,CLS-41,Operating Systems,FAC-14,Wednesday,73,1.0,0,0,95.36,70,43,33,0.59,1.06,0.96,8.3,79.06
2025-10-24,15-16,CR-02,Main Building,50,CLS-05,Artificial Intelligence,FAC-12,Friday,12,1.0,0,0,87.08,10,31,32,0.76,1.21,0.31,6.67,30.5
2025-12-03,09-10,CR-11,Main Building,80,CLS-41,Web Development,FAC-14,Wednesday,41,1.0,0,0,71.31,29,22,27,1.24,1.18,0.63,9.19,34.06
2025-06-30,11-12,CR-19,Main Building,30,CLS-17,Web Development,FAC-20,Monday,22,2.0,0,0,89.72,20,15,18,0.86,0.79,0.82,7.41,62.5
2025-09-30,11-12,CR-14,IT Building,80,CLS-18,Data Science,FAC-09,Tuesday,48,2.0,0,1,95.38,46,63,11,1.56,1.83,1.59,14.19,68.88
2025-08-09,08-09,CR-14,IT Building,80,CLS-14,Python,FAC-26,Saturday,42,2.0,0,0,82.27,35,46,29,0.51,0.82,1.46,9.4,47.19
2025-11-01,13-14,CR-04,Science Building,30,CLS-15,DBMS,FAC-01,Saturday,28,1.0,0,0,95.91,27,23,9,0.64,1.8,1.21,6.42,86.67
2025-12-04,15-16,CR-19,Main Building,30,CLS-27,Statistics,FAC-11,Thursday,23,1.5,0,1,71.59,16,4,10,0.9,1.5,1.52,8.14,47.38
2025-08-28,15-16,CR-05,Main Building,80,CLS-30,Operating Systems,FAC-07,Thursday,50,2.0,0,0,68.74,34,44,25,1.16,1.71,1.47,12.11,45.62
2025-06-09,09-10,CR-16,IT Building,60,CLS-36,Artificial Intelligence,FAC-03,Monday,25,2.0,0,0,91.66,23,28,18,1.81,1.89,1.82,13.06,40.42
2025-12-10,13-14,CR-15,Main Building,30,CLS-44,Operating Systems,FAC-01,Wednesday,10,2.0,0,0,78.6,8,23,11,0.56,2.16,1.43,7.57,39.17
2025-10-23,14-15,CR-14,IT Building,80,CLS-49,Python,FAC-25,Thursday,34,2.0,1,0,94.93,32,42,24,0.59,0.04,0.22,2.21,16.23
2025-07-04,14-15,CR-20,Main Building,60,CLS-08,Machine Learning,FAC-13,Friday,25,1.0,0,1,89.96,22,27,11,1.24,1.24,1.37,8.57,45.94
2025-12-14,14-15,CR-18,IT Building,40,CLS-27,Artificial Intelligence,FAC-25,Sunday,14,1.5,0,0,94.65,13,26,23,1.82,1.87,1.75,10.64,40.62
2025-11-09,09-10,CR-11,Main Building,80,CLS-33,Software Engineering,FAC-18,Sunday,41,1.0,0,0,67.93,28,71,18,1.33,0.98,0.47,8.44,48.44
2025-12-29,15-16,CR-06,IT Building,80,CLS-12,Computer Networks,FAC-10,Monday,16,2.0,0,0,73.29,12,34,6,0.97,0.84,0.92,8.45,21.88
2025-09-07,14-15,CR-14,IT Building,80,CLS-27,DBMS,FAC-21,Sunday,17,2.0,0,0,83.89,14,76,5,1.24,1.37,1.93,10.9,36.88
2025-11-01,14-15,CR-01,Main Building,30,CLS-21,Statistics,FAC-08,Saturday,11,2.0,1,0,75.96,8,25,2,0.74,0.08,0.07,1.34,15.74
2025-06-06,14-15,CR-18,IT Building,40,CLS-33,DBMS,FAC-28,Friday,37,1.0,0,0,76.41,28,21,11,1.26,0.87,0.33,6.58,65.62
2025-09-29,11-12,CR-11,Main Building,80,CLS-09,Web Development,FAC-03,Monday,73,1.0,0,1,83.32,61,71,29,0.91,1.48,0.54,9.94,82.85
2025-11-02,15-16,CR-08,Main Building,30,CLS-12,Operating Systems,FAC-17,Sunday,26,1.0,0,0,93.53,24,9,7,0.64,1.54,0.27,5.1,67.5
2025-09-27,09-10,CR-01,Main Building,30,CLS-48,Python,FAC-22,Saturday,27,1.5,0,0,82.93,22,16,2,0.38,2.08,0.63,5.74,68.33
2025-12-18,14-15,CR-09,Science Building,40,CLS-46,Software Engineering,FAC-04,Thursday,30,3.0,0,1,87.34,26,7,28,2.46,2.47,2.29,19.92,58.01
2025-12-03,08-09,CR-10,Main Building,80,CLS-26,Python,FAC-12,Wednesday,41,2.0,0,0,91.69,38,66,7,0.91,1.93,1.93,11.45,56.25
2025-06-27,10-11,CR-09,Science Building,40,CLS-49,Statistics,FAC-25,Friday,33,1.0,1,0,77.51,26,29,26,0.3,0.23,0.41,1.22,19.86
2025-07-07,11-12,CR-16,IT Building,60,CLS-14,Web Development,FAC-04,Monday,33,2.0,1,0,86.83,29,38,31,0.9,0.05,0.12,2.21,16.97
2025-12-11,12-13,CR-11,Main Building,80,CLS-19,Operating Systems,FAC-11,Thursday,66,1.5,1,0,88.39,58,47,38,0.82,0.43,0.21,2.22,7.65
2025-07-06,10-11,CR-17,Main Building,50,CLS-19,Python,FAC-08,Sunday,33,2.0,0,0,72.61,24,26,10,0.91,2.43,0.42,9.28,49.0
2025-10-24,12-13,CR-16,IT Building,60,CLS-46,Operating Systems,FAC-22,Friday,30,1.0,1,0,92.31,28,18,38,0.43,0.3,0.04,1.28,7.98
2025-09-07,12-13,CR-08,Main Building,30,CLS-02,DBMS,FAC-19,Sunday,15,1.0,0,0,96.73,15,12,11,1.26,1.19,0.53,6.58,47.5
2025-12-02,16-17,CR-17,Main Building,50,CLS-26,Operating Systems,FAC-20,Tuesday,20,1.0,1,0,95.8,19,44,32,0.34,0.08,0.28,1.5,9.81
2025-09-04,14-15,CR-16,IT Building,60,CLS-42,Data Science,FAC-28,Thursday,45,1.5,0,0,80.74,36,33,0,1.99,1.86,0.38,10.86,58.75
2025-11-19,09-10,CR-11,Main Building,80,CLS-15,Web Development,FAC-07,Wednesday,30,1.0,0,1,97.76,29,27,12,0.76,0.93,0.95,7.58,39.76
2025-09-26,08-09,CR-17,Main Building,50,CLS-15,DBMS,FAC-12,Friday,12,1.5,1,0,65.05,8,28,32,0.45,0.42,0.29,1.42,3.12
2025-10-20,16-17,CR-18,IT Building,40,CLS-06,Python,FAC-15,Monday,26,2.0,0,0,97.97,25,22,11,0.9,1.2,0.61,7.82,60.62
2025-11-24,11-12,CR-08,Main Building,30,CLS-45,Operating Systems,FAC-06,Monday,7,2.0,0,1,91.16,6,12,2,2.29,2.94,0.77,13.3,31.46
2025-12-05,09-10,CR-05,Main Building,80,CLS-34,Web Development,FAC-02,Friday,29,1.0,0,1,94.08,27,73,29,0.66,0.67,1.34,7.87,50.71
2025-12-18,08-09,CR-11,Main Building,80,CLS-41,Machine Learning,FAC-07,Thursday,46,1.0,0,0,79.18,36,72,12,0.61,1.61,0.82,7.68,56.25
2025-06-26,16-17,CR-19,Main Building,30,CLS-14,Statistics,FAC-16,Thursday,15,2.0,0,1,97.65,15,17,27,0.37,1.39,1.33,7.45,59.1
2025-12-02,15-16,CR-07,Main Building,30,CLS-38,Statistics,FAC-25,Tuesday,20,1.0,0,0,89.06,18,23,8,1.34,1.91,1.26,7.83,64.17
2025-10-05,10-11,CR-11,Main Building,80,CLS-33,Operating Systems,FAC-17,Sunday,34,2.0,0,0,93.07,32,43,21,1.49,2.56,0.93,12.63,43.44
2025-08-10,16-17,CR-17,Main Building,50,CLS-20,Operating Systems,FAC-04,Sunday,21,1.5,0,0,80.42,17,39,30,0.75,2.42,0.8,8.71,45.0
2025-10-05,10-11,CR-06,IT Building,80,CLS-05,Computer Networks,FAC-22,Sunday,35,1.0,0,0,68.24,24,35,12,0.91,0.59,0.39,6.91,33.44
2025-12-17,09-10,CR-08,Main Building,30,CLS-14,Web Development,FAC-17,Wednesday,15,1.0,0,0,79.3,12,7,21,1.25,1.61,0.78,7.09,35.83
2025-08-16,11-12,CR-19,Main Building,30,CLS-44,Data Science,FAC-11,Saturday,11,1.0,0,0,76.01,8,9,19,0.65,1.66,0.32,5.49,27.5
2025-11-17,10-11,CR-11,Main Building,80,CLS-34,Operating Systems,FAC-21,Monday,54,3.0,0,0,72.77,39,41,16,2.81,3.51,2.2,22.55,49.38
2025-09-29,12-13,CR-12,IT Building,80,CLS-10,Web Development,FAC-11,Monday,62,1.0,1,0,80.91,50,69,19,0.52,0.49,0.48,1.85,15.58
2025-09-09,14-15,CR-01,Main Building,30,CLS-49,Computer Networks,FAC-02,Tuesday,19,1.0,1,0,71.51,14,18,24,0.21,0.34,0.2,0.86,9.11
2025-12-27,11-12,CR-07,Main Building,30,CLS-43,Web Development,FAC-10,Saturday,17,1.0,0,0,95.74,16,16,10,0.36,1.27,1.4,5.59,53.33
2025-10-21,16-17,CR-07,Main Building,30,CLS-14,Statistics,FAC-17,Tuesday,20,3.0,0,0,70.26,14,6,7,2.91,3.7,0.71,18.14,40.0
2025-07-12,13-14,CR-16,IT Building,60,CLS-47,Statistics,FAC-16,Saturday,14,3.0,1,0,69.0,10,53,31,0.09,0.45,0.1,1.41,6.05
2025-11-03,14-15,CR-02,Main Building,50,CLS-07,Python,FAC-21,Monday,31,1.0,0,0,84.77,26,35,18,0.34,0.84,1.41,5.36,56.5
2025-06-29,15-16,CR-05,Main Building,80,CLS-48,Machine Learning,FAC-11,Sunday,65,2.0,0,0,94.98,62,31,37,2.01,0.55,0.99,13.55,67.81
2025-08-16,11-12,CR-18,IT Building,40,CLS-06,Operating Systems,FAC-08,Saturday,18,2.0,0,0,95.02,17,24,1,1.68,0.68,2.3,10.42,46.88
2025-07-06,09-10,CR-11,Main Building,80,CLS-24,Operating Systems,FAC-24,Sunday,72,1.0,0,0,96.61,70,71,14,0.35,1.3,0.63,6.88,87.81
2025-09-26,13-14,CR-11,Main Building,80,CLS-13,Web Development,FAC-09,Friday,54,2.0,0,0,84.08,45,27,26,2.41,1.76,0.44,14.97,50.62
2025-09-18,14-15,CR-16,IT Building,60,CLS-04,Software Engineering,FAC-02,Thursday,44,1.0,0,1,85.46,38,36,2,0.68,1.78,0.79,7.38,70.26
2025-12-22,13-14,CR-18,IT Building,40,CLS-32,Web Development,FAC-19,Monday,18,2.0,0,0,90.37,16,11,35,0.85,2.42,0.71,9.85,36.88
2025-12-17,09-10,CR-18,IT Building,40,CLS-11,Software Engineering,FAC-28,Wednesday,35,1.0,0,0,75.62,26,18,4,0.83,1.91,1.41,7.03,60.0
2025-12-14,14-15,CR-09,Science Building,40,CLS-30,Operating Systems,FAC-29,Sunday,36,2.0,0,0,69.93,25,10,11,1.4,1.65,2.28,10.96,53.12
2025-11-13,13-14,CR-15,Main Building,30,CLS-34,Computer Networks,FAC-29,Thursday,6,1.5,0,0,95.69,6,4,19,0.92,1.48,1.82,7.71,18.33
2025-12-30,14-15,CR-01,Main Building,30,CLS-01,DBMS,FAC-11,Tuesday,19,1.0,0,0,72.58,14,22,21,0.5,0.56,1.05,4.76,53.33
2025-12-14,13-14,CR-18,IT Building,40,CLS-30,DBMS,FAC-25,Sunday,34,2.0,0,1,73.66,25,15,12,0.37,1.08,2.05,8.27,62.89
2025-07-23,12-13,CR-06,IT Building,80,CLS-07,Python,FAC-18,Wednesday,54,3.0,0,0,78.73,43,56,4,2.94,1.2,0.84,18.66,57.81
2025-08-23,13-14,CR-08,Main Building,30,CLS-43,DBMS,FAC-07,Saturday,15,1.0,0,0,74.63,11,11,29,0.47,1.07,1.39,5.62,36.67
2025-07-26,13-14,CR-01,Main Building,30,CLS-09,Operating Systems,FAC-04,Saturday,18,1.0,0,0,95.84,17,16,1,0.31,0.82,0.96,4.67,55.83
2025-09-23,15-16,CR-13,IT Building,40,CLS-13,DBMS,FAC-25,Tuesday,20,2.0,0,0,85.31,17,17,32,0.34,1.51,1.71,8.57,42.5
2025-10-27,16-17,CR-04,Science Building,30,CLS-11,DBMS,FAC-04,Monday,21,2.0,0,0,75.58,16,27,10,0.46,1.57,0.54,6.94,62.5
2025-09-15,11-12,CR-07,Main Building,30,CLS-06,Software Engineering,FAC-12,Monday,21,1.0,0,0,96.27,20,18,0,0.84,0.98,1.21,5.19,65.0
2025-06-02,14-15,CR-14,IT Building,80,CLS-26,Machine Learning,FAC-12,Monday,39,1.0,0,0,91.79,36,50,14,1.33,1.51,0.31,8.71,49.38
2025-11-27,09-10,CR-13,IT Building,40,CLS-31,Python,FAC-09,Thursday,31,2.0,0,0,83.69,26,15,15,1.97,0.84,0.76,10.89,58.12
2025-07-16,08-09,CR-05,Main Building,80,CLS-34,Data Science,FAC-05,Wednesday,60,1.5,0,0,79.74,48,38,18,0.26,2.14,0.88,9.1,56.88
2025-09-04,14-15,CR-06,IT Building,80,CLS-27,Data Science,FAC-06,Thursday,75,2.0,0,0,82.85,62,58,7,1.77,2.26,2.4,14.33,76.25
2025-12-19,10-11,CR-01,Main Building,30,CLS-32,DBMS,FAC-10,Friday,18,2.0,0,0,96.47,17,23,10,1.69,1.25,0.53,9.76,61.67
2025-06-08,08-09,CR-11,Main Building,80,CLS-02,Operating Systems,FAC-02,Sunday,63,3.0,0,0,92.8,58,17,34,1.25,2.81,1.54,17.28,59.69
2025-09-05,16-17,CR-06,IT Building,80,CLS-11,Machine Learning,FAC-01,Friday,38,1.0,0,0,67.0,25,20,7,0.77,1.32,0.8,7.04,29.69
2025-09-30,15-16,CR-14,IT Building,80,CLS-35,Operating Systems,FAC-05,Tuesday,70,2.0,1,0,89.71,63,51,30,0.83,0.39,0.02,2.44,18.06
2025-08-05,10-11,CR-11,Main Building,80,CLS-43,Software Engineering,FAC-12,Tuesday,55,2.0,1,0,95.85,53,73,31,0.83,0.42,0.15,2.01,23.53
2025-10-25,11-12,CR-05,Main Building,80,CLS-15,Software Engineering,FAC-05,Saturday,67,1.0,0,0,79.17,53,24,25,0.84,0.74,0.29,7.84,57.19
2025-08-12,09-10,CR-08,Main Building,30,CLS-15,Web Development,FAC-06,Tuesday,27,1.0,0,0,95.64,26,25,18,0.97,1.5,1.39,7.2,85.83
2025-10-12,16-17,CR-19,Main Building,30,CLS-18,Data Science,FAC-11,Sunday,19,1.0,1,0,76.41,15,22,23,0.62,0.02,0.09,1.26,21.24
2025-06-09,14-15,CR-02,Main Building,50,CLS-13,Data Science,FAC-01,Monday,19,2.0,0,0,76.57,15,17,25,1.1,1.83,0.25,9.78,31.0
2025-08-22,08-09,CR-19,Main Building,30,CLS-31,Operating Systems,FAC-28,Friday,17,1.0,1,1,72.96,12,16,14,0.21,0.13,0.4,0.74,12.1
2025-08-07,16-17,CR-15,Main Building,30,CLS-08,Web Development,FAC-21,Thursday,22,1.0,0,0,81.64,18,12,10,1.33,0.86,0.35,6.37,55.0
2025-12-24,15-16,CR-18,IT Building,40,CLS-30,Machine Learning,FAC-22,Wednesday,35,1.0,0,0,76.76,27,10,23,1.18,1.33,1.27,8.02,56.88
2025-09-18,08-09,CR-18,IT Building,40,CLS-09,Machine Learning,FAC-08,Thursday,22,3.0,0,0,66.32,15,24,8,2.96,1.84,0.67,17.52,43.12
2025-08-28,12-13,CR-15,Main Building,30,CLS-28,Software Engineering,FAC-03,Thursday,22,1.0,0,1,87.0,19,10,4,0.61,1.38,0.98,6.27,62.87
2025-07-27,08-09,CR-07,Main Building,30,CLS-47,Artificial Intelligence,FAC-17,Sunday,25,3.0,0,1,73.74,18,20,16,1.48,2.38,2.07,15.12,63.95
2025-10-15,13-14,CR-18,IT Building,40,CLS-15,Software Engineering,FAC-06,Wednesday,19,1.0,0,0,90.87,17,20,9,0.74,1.47,0.44,5.88,44.38
2025-10-17,14-15,CR-07,Main Building,30,CLS-18,Python,FAC-13,Friday,15,1.5,0,0,89.07,13,19,14,0.29,0.91,1.1,5.49,48.33
2025-08-22,10-11,CR-10,Main Building,80,CLS-01,Machine Learning,FAC-09,Friday,61,2.0,1,0,93.98,57,38,39,0.53,0.46,0.24,2.03,18.17
2025-06-18,08-09,CR-14,IT Building,80,CLS-09,Data Science,FAC-16,Wednesday,68,1.0,0,0,91.49,62,32,26,0.56,1.85,1.39,8.87,68.12
2025-09-09,11-12,CR-08,Main Building,30,CLS-23,Machine Learning,FAC-08,Tuesday,14,1.0,0,0,96.13,13,27,23,0.9,1.52,1.22,7.0,55.0
2025-10-28,10-11,CR-07,Main Building,30,CLS-29,Data Science,FAC-22,Tuesday,14,3.0,0,0,66.13,9,24,3,1.62,1.04,0.75,10.48,42.5
2025-10-12,12-13,CR-17,Main Building,50,CLS-07,Statistics,FAC-16,Sunday,24,2.0,0,0,77.05,18,14,34,1.22,2.06,0.42,10.48,34.0
2025-12-08,15-16,CR-05,Main Building,80,CLS-05,Artificial Intelligence,FAC-29,Monday,33,1.0,0,0,83.94,28,26,40,1.05,1.34,1.17,9.28,34.38
2025-09-28,14-15,CR-19,Main Building,30,CLS-11,Operating Systems,FAC-25,Sunday,15,1.0,0,0,76.08,11,6,23,1.21,1.15,0.86,7.42,32.5
2025-11-02,13-14,CR-08,Main Building,30,CLS-43,Operating Systems,FAC-27,Sunday,28,1.5,0,0,75.22,21,24,3,0.4,0.68,1.87,6.13,72.5
2025-12-15,12-13,CR-09,Science Building,40,CLS-17,Software Engineering,FAC-11,Monday,21,2.0,0,0,87.75,18,11,0,0.54,1.39,1.58,7.38,40.62
2025-06-26,15-16,CR-08,Main Building,30,CLS-38,Operating Systems,FAC-08,Thursday,24,1.5,1,0,65.3,16,7,24,0.2,0.48,0.31,1.12,15.94
2025-10-03,16-17,CR-20,Main Building,60,CLS-37,Computer Networks,FAC-20,Friday,45,3.0,1,0,73.64,33,11,38,0.07,0.01,0.12,1.85,6.07
2025-12-21,09-10,CR-19,Main Building,30,CLS-07,Machine Learning,FAC-25,Sunday,13,1.0,0,1,88.77,12,17,26,1.4,1.11,0.49,8.19,48.53
2025-12-08,08-09,CR-12,IT Building,80,CLS-42,Operating Systems,FAC-28,Monday,45,2.0,0,0,82.06,37,63,40,2.29,2.51,0.4,16.03,54.38
2025-12-08,14-15,CR-01,Main Building,30,CLS-14,Statistics,FAC-06,Monday,6,2.0,0,0,94.95,6,13,29,0.53,1.84,2.23,9.25,25.83
2025-09-14,08-09,CR-15,Main Building,30,CLS-17,Artificial Intelligence,FAC-27,Sunday,27,1.0,0,0,78.53,21,12,14,0.85,0.61,0.6,5.74,62.5
2025-12-18,08-09,CR-11,Main Building,80,CLS-30,Web Development,FAC-25,Thursday,66,1.0,0,1,74.33,49,53,25,0.83,1.51,0.45,9.21,69.02
2025-12-17,10-11,CR-16,IT Building,60,CLS-06,Artificial Intelligence,FAC-12,Wednesday,51,2.0,1,0,81.05,41,29,19,0.74,0.43,0.31,1.81,8.26
2025-12-02,09-10,CR-13,IT Building,40,CLS-21,Statistics,FAC-16,Tuesday,28,1.0,0,0,96.21,27,22,31,0.42,1.66,0.58,6.48,64.38
2025-08-29,13-14,CR-15,Main Building,30,CLS-24,Data Science,FAC-06,Friday,16,1.0,0,0,95.81,15,22,9,1.15,1.63,0.52,7.22,55.83
2025-10-08,16-17,CR-10,Main Building,80,CLS-49,Software Engineering,FAC-18,Wednesday,27,1.5,0,0,90.41,24,37,5,0.43,2.42,1.81,8.56,34.06
2025-06-24,14-15,CR-09,Science Building,40,CLS-10,Artificial Intelligence,FAC-18,Tuesday,19,1.5,0,0,73.92,14,12,18,1.69,1.54,1.06,10.04,33.75
2025-11-05,09-10,CR-11,Main Building,80,CLS-15,Operating Systems,FAC-27,Wednesday,18,1.0,0,0,89.09,16,47,1,0.76,1.44,1.12,6.62,29.69
2025-10-05,11-12,CR-08,Main Building,30,CLS-16,DBMS,FAC-15,Sunday,26,3.0,0,0,88.47,23,4,9,0.39,3.51,1.51,10.74,60.83
2025-08-02,08-09,CR-20,Main Building,60,CLS-31,Operating Systems,FAC-14,Saturday,47,2.0,0,0,80.94,38,35,11,2.25,1.45,1.94,13.8,62.08
2025-10-11,14-15,CR-19,Main Building,30,CLS-25,Web Development,FAC-23,Saturday,17,3.0,0,0,68.2,12,15,11,1.56,3.97,2.37,16.01,42.5
2025-07-31,13-14,CR-18,IT Building,40,CLS-23,Machine Learning,FAC-23,Thursday,12,1.0,1,0,72.71,9,14,6,0.41,0.39,0.39,0.65,10.1
2025-12-18,16-17,CR-16,IT Building,60,CLS-35,Artificial Intelligence,FAC-04,Thursday,50,1.0,1,0,72.53,36,54,35,0.92,0.3,0.19,2.43,23.38
2025-07-28,15-16,CR-09,Science Building,40,CLS-37,Python,FAC-15,Monday,27,1.5,0,1,83.48,23,33,4,1.1,1.51,0.56,8.26,71.47
2025-07-14,08-09,CR-18,IT Building,40,CLS-29,Software Engineering,FAC-21,Monday,9,1.0,0,0,91.82,8,10,22,0.93,0.7,1.21,6.23,21.25
2025-06-17,12-13,CR-19,Main Building,30,CLS-17,Python,FAC-23,Tuesday,25,1.5,0,0,82.11,21,16,6,0.45,2.37,0.57,6.48,65.83
2025-11-17,15-16,CR-10,Main Building,80,CLS-35,Web Development,FAC-11,Monday,30,2.0,0,0,73.34,22,30,34,1.16,1.46,2.04,12.03,30.0
2025-11-22,13-14,CR-01,Main Building,30,CLS-40,Python,FAC-23,Saturday,17,2.0,0,0,73.82,13,23,2,1.4,0.87,1.63,8.81,51.67
2025-10-14,14-15,CR-06,IT Building,80,CLS-47,DBMS,FAC-08,Tuesday,54,3.0,0,0,83.67,45,15,31,2.22,3.78,2.76,22.13,46.88
2025-12-04,09-10,CR-11,Main Building,80,CLS-06,Machine Learning,FAC-13,Thursday,52,2.0,1,0,94.54,49,64,24,0.97,0.43,0.06,2.15,20.37
2025-07-06,13-14,CR-06,IT Building,80,CLS-07,Web Development,FAC-12,Sunday,27,2.0,0,0,96.27,26,75,5,1.2,0.52,1.25,9.6,47.81
2025-07-18,12-13,CR-13,IT Building,40,CLS-13,DBMS,FAC-12,Friday,28,2.0,0,0,76.17,21,34,6,1.32,2.03,2.2,10.8,60.62
2025-10-13,12-13,CR-01,Main Building,30,CLS-39,Python,FAC-18,Monday,7,2.0,0,0,86.84,6,9,0,1.23,2.55,2.29,10.27,22.5
2025-10-14,08-09,CR-01,Main Building,30,CLS-21,Computer Networks,FAC-10,Tuesday,6,3.0,0,1,74.39,4,15,27,0.38,2.84,2.62,12.19,24.92
2025-07-15,11-12,CR-20,Main Building,60,CLS-32,Data Science,FAC-18,Tuesday,25,1.0,0,0,70.38,18,47,23,1.27,1.78,1.39,9.12,42.08
2025-10-25,10-11,CR-15,Main Building,30,CLS-46,Data Science,FAC-17,Saturday,10,3.0,0,0,75.58,8,23,1,1.77,0.68,0.37,10.17,39.17
2025-10-16,09-10,CR-10,Main Building,80,CLS-19,Machine Learning,FAC-12,Thursday,59,1.0,0,1,88.77,52,33,6,0.81,0.88,0.49,7.72,64.05
2025-11-02,10-11,CR-20,Main Building,60,CLS-22,Operating Systems,FAC-30,Sunday,54,2.0,0,0,81.0,44,16,35,1.05,1.3,2.42,11.82,61.67
2025-06-17,13-14,CR-08,Main Building,30,CLS-24,Data Science,FAC-08,Tuesday,21,1.0,0,0,86.17,18,15,1,0.28,1.15,1.34,4.56,57.5
2025-10-01,09-10,CR-17,Main Building,50,CLS-06,Artificial Intelligence,FAC-30,Wednesday,43,2.0,0,1,90.03,39,40,25,1.61,1.93,0.37,12.63,85.04
2025-11-12,11-12,CR-10,Main Building,80,CLS-21,Data Science,FAC-15,Wednesday,64,1.0,0,0,69.64,45,63,27,1.03,0.81,0.88,8.3,61.88
2025-09-05,09-10,CR-16,IT Building,60,CLS-02,Operating Systems,FAC-04,Friday,32,2.0,0,1,96.3,31,33,19,2.15,2.31,0.43,14.64,57.49
2025-12-19,12-13,CR-02,Main Building,50,CLS-34,Python,FAC-07,Friday,15,1.0,0,1,68.5,10,41,11,0.87,0.74,1.47,7.0,41.35
2025-12-07,08-09,CR-18,IT Building,40,CLS-02,Python,FAC-10,Sunday,20,1.0,0,1,77.02,15,9,27,1.05,0.69,0.79,7.08,40.18
2025-10-13,10-11,CR-17,Main Building,50,CLS-24,Python,FAC-30,Monday,23,1.0,0,0,74.07,17,21,20,1.36,0.56,1.39,7.71,36.0
2025-06-19,11-12,CR-16,IT Building,60,CLS-14,Statistics,FAC-21,Thursday,51,1.0,0,0,91.05,46,22,7,0.29,1.95,0.91,6.82,66.67
2025-08-14,08-09,CR-08,Main Building,30,CLS-43,Artificial Intelligence,FAC-06,Thursday,18,3.0,0,0,75.01,14,16,1,1.25,0.73,2.97,11.16,48.33
2025-07-10,10-11,CR-20,Main Building,60,CLS-16,Statistics,FAC-22,Thursday,28,1.5,1,1,79.61,22,54,40,0.95,0.12,0.27,2.03,20.58
2025-11-15,12-13,CR-14,IT Building,80,CLS-45,Python,FAC-14,Saturday,68,1.5,0,0,80.92,55,36,31,1.48,0.64,0.59,11.01,62.81
2025-08-04,08-09,CR-13,IT Building,40,CLS-03,Operating Systems,FAC-05,Monday,29,2.0,0,0,71.24,21,13,7,1.54,1.04,2.19,10.42,47.5
2025-07-11,15-16,CR-03,Main Building,40,CLS-12,Software Engineering,FAC-11,Friday,13,2.0,0,0,96.09,12,24,34,1.42,1.38,0.78,10.51,37.5
2025-08-13,12-13,CR-19,Main Building,30,CLS-17,Machine Learning,FAC-25,Wednesday,9,1.5,0,0,96.15,9,21,27,0.94,1.89,1.11,8.74,40.0
2025-10-06,11-12,CR-05,Main Building,80,CLS-34,Python,FAC-16,Monday,46,1.0,0,0,81.92,38,16,24,0.58,1.18,0.84,7.67,40.62
2025-07-18,09-10,CR-03,Main Building,40,CLS-16,Computer Networks,FAC-20,Friday,19,1.5,1,0,75.87,14,34,38,0.04,0.25,0.27,1.25,15.71
2025-11-17,16-17,CR-07,Main Building,30,CLS-50,DBMS,FAC-24,Monday,16,1.0,0,0,70.56,11,8,10,1.2,1.98,1.43,7.74,34.17
2025-08-04,10-11,CR-12,IT Building,80,CLS-30,DBMS,FAC-29,Monday,57,1.0,0,0,88.25,50,31,18,0.82,1.31,1.31,8.43,56.56
2025-10-08,09-10,CR-08,Main Building,30,CLS-12,DBMS,FAC-11,Wednesday,27,2.0,0,0,80.84,22,18,2,1.09,1.73,1.55,9.3,70.0
2025-08-02,16-17,CR-10,Main Building,80,CLS-36,Data Science,FAC-05,Saturday,51,1.0,0,0,68.28,35,20,26,1.01,0.68,0.35,8.36,39.06
2025-10-11,16-17,CR-01,Main Building,30,CLS-40,Data Science,FAC-24,Saturday,16,1.0,0,0,82.4,13,7,21,0.75,1.38,0.36,5.63,38.33
2025-07-30,08-09,CR-13,IT Building,40,CLS-01,Statistics,FAC-02,Wednesday,34,1.5,0,0,97.57,33,20,40,1.23,1.87,0.82,9.95,74.38
2025-06-10,16-17,CR-03,Main Building,40,CLS-02,Operating Systems,FAC-30,Tuesday,26,2.0,0,0,68.13,18,30,28,2.45,1.22,1.2,13.39,52.5
2025-12-09,11-12,CR-16,IT Building,60,CLS-40,Web Development,FAC-12,Tuesday,52,1.5,0,0,91.74,48,38,34,1.19,1.06,0.36,9.58,75.83
2025-09-01,11-12,CR-05,Main Building,80,CLS-19,Data Science,FAC-13,Monday,32,1.0,0,0,70.36,23,67,19,1.37,1.53,0.56,9.06,42.5
2025-07-07,08-09,CR-15,Main Building,30,CLS-27,Software Engineering,FAC-28,Monday,13,1.5,0,0,83.89,11,10,30,0.96,1.23,0.63,7.44,35.83
2025-09-12,14-15,CR-14,IT Building,80,CLS-30,Operating Systems,FAC-15,Friday,76,1.5,0,0,87.1,66,55,20,1.95,0.85,1.29,12.02,79.06
2025-11-18,14-15,CR-05,Main Building,80,CLS-47,Software Engineering,FAC-07,Tuesday,31,1.0,1,0,73.39,23,36,39,0.83,0.24,0.27,1.29,6.86
2025-09-27,16-17,CR-14,IT Building,80,CLS-24,Web Development,FAC-07,Saturday,41,1.0,0,0,75.06,31,69,19,0.48,0.63,1.14,7.0,50.62
2025-12-31,14-15,CR-02,Main Building,50,CLS-13,DBMS,FAC-11,Wednesday,45,1.0,1,0,77.88,35,40,27,0.42,0.23,0.18,1.11,11.17
2025-09-22,08-09,CR-07,Main Building,30,CLS-25,Statistics,FAC-22,Monday,11,1.0,1,1,68.32,8,28,4,0.31,0.33,0.33,0.84,13.4
2025-12-23,11-12,CR-05,Main Building,80,CLS-27,Artificial Intelligence,FAC-15,Tuesday,31,3.0,1,0,71.38,22,74,20,0.21,0.01,0.45,1.5,12.39
2025-12-13,16-17,CR-02,Main Building,50,CLS-44,Machine Learning,FAC-26,Saturday,14,1.0,0,0,71.95,10,10,21,0.53,0.92,0.41,5.43,20.0
2025-06-24,13-14,CR-12,IT Building,80,CLS-13,Data Science,FAC-07,Tuesday,35,3.0,0,0,69.43,24,52,37,2.02,1.69,2.2,18.41,38.75
2025-12-30,15-16,CR-16,IT Building,60,CLS-22,Data Science,FAC-10,Tuesday,31,1.0,0,0,83.4,26,18,10,0.57,1.48,0.4,5.69,40.0
2025-09-15,09-10,CR-18,IT Building,40,CLS-40,Computer Networks,FAC-06,Monday,25,2.0,1,0,73.84,18,23,15,0.6,0.44,0.5,1.96,18.91
2025-11-17,10-11,CR-15,Main Building,30,CLS-07,Python,FAC-05,Monday,18,1.5,0,0,85.06,15,9,24,0.96,0.95,0.7,6.64,45.0
2025-06-06,13-14,CR-15,Main Building,30,CLS-38,Statistics,FAC-06,Friday,20,1.0,0,1,95.16,19,15,28,0.71,1.06,0.73,6.54,64.04
2025-06-22,13-14,CR-03,Main Building,40,CLS-12,Data Science,FAC-20,Sunday,17,2.0,0,0,92.61,16,13,12,1.71,2.04,1.0,11.16,38.12
2025-11-10,13-14,CR-10,Main Building,80,CLS-46,Machine Learning,FAC-12,Monday,54,3.0,0,0,78.14,42,65,10,1.62,2.84,0.29,16.07,59.69
2025-09-02,12-13,CR-07,Main Building,30,CLS-33,Web Development,FAC-17,Tuesday,6,1.5,0,0,93.76,6,5,20,1.03,1.19,0.49,7.01,19.17
2025-08-01,12-13,CR-09,Science Building,40,CLS-29,Computer Networks,FAC-11,Friday,9,1.0,1,0,78.32,7,11,21,0.68,0.21,0.48,0.54,5.31
2025-07-04,08-09,CR-19,Main Building,30,CLS-02,Web Development,FAC-13,Friday,12,1.5,0,0,84.78,10,5,22,1.66,0.72,0.95,8.9,29.17
2025-11-20,12-13,CR-13,IT Building,40,CLS-22,Artificial Intelligence,FAC-26,Thursday,24,3.0,0,0,93.42,22,27,8,0.47,0.75,2.59,8.68,58.13
2025-08-28,12-13,CR-18,IT Building,40,CLS-13,Operating Systems,FAC-10,Thursday,16,1.0,0,0,72.02,12,26,32,1.09,1.31,1.29,7.99,38.75
2025-06-30,08-09,CR-05,Main Building,80,CLS-49,Machine Learning,FAC-08,Monday,20,1.0,0,0,78.69,16,31,36,0.66,1.41,1.41,8.27,24.69
2025-12-23,11-12,CR-03,Main Building,40,CLS-05,Python,FAC-24,Tuesday,8,2.0,0,1,92.62,7,10,9,2.49,0.56,0.5,12.29,24.87
2025-09-26,13-14,CR-04,Science Building,30,CLS-40,Machine Learning,FAC-02,Friday,28,1.0,0,0,74.41,21,9,2,0.55,1.68,0.32,5.37,60.0
2025-12-01,09-10,CR-01,Main Building,30,CLS-28,DBMS,FAC-07,Monday,7,2.0,0,0,77.19,5,14,20,1.39,1.9,1.89,10.92,24.17
2025-10-14,11-12,CR-16,IT Building,60,CLS-13,Operating Systems,FAC-20,Tuesday,57,1.0,0,0,84.32,48,55,37,0.93,1.46,0.57,8.18,82.92
2025-06-16,15-16,CR-06,IT Building,80,CLS-33,Python,FAC-03,Monday,27,1.0,0,0,67.79,18,36,7,0.4,0.84,0.88,6.13,28.12
2025-11-27,09-10,CR-07,Main Building,30,CLS-12,Artificial Intelligence,FAC-25,Thursday,13,1.0,0,1,91.04,12,13,19,0.69,1.11,0.74,6.36,45.31
2025-11-11,12-13,CR-07,Main Building,30,CLS-28,Web Development,FAC-27,Tuesday,17,2.0,0,1,71.33,12,4,20,0.39,1.98,2.48,9.12,40.68
2025-11-22,12-13,CR-10,Main Building,80,CLS-49,Data Science,FAC-03,Saturday,19,1.0,0,0,92.38,18,19,39,1.13,1.92,0.76,9.59,22.81
2025-12-11,14-15,CR-03,Main Building,40,CLS-44,Operating Systems,FAC-01,Thursday,31,2.0,0,0,86.85,27,29,38,1.3,2.08,1.26,11.72,68.75
2025-11-21,09-10,CR-19,Main Building,30,CLS-17,Artificial Intelligence,FAC-15,Friday,17,2.0,0,0,82.44,14,19,9,2.07,2.34,1.74,12.21,50.83
2025-12-13,15-16,CR-11,Main Building,80,CLS-35,DBMS,FAC-08,Saturday,53,1.0,0,0,68.74,36,64,29,1.15,1.25,1.37,9.69,53.75
2025-09-27,13-14,CR-13,IT Building,40,CLS-30,Operating Systems,FAC-15,Saturday,12,1.0,1,0,69.89,8,32,1,0.75,0.0,0.08,0.5,12.67
2025-12-19,13-14,CR-13,IT Building,40,CLS-41,Data Science,FAC-13,Friday,19,1.0,0,0,84.17,16,15,37,1.14,1.87,1.13,8.27,39.38
2025-07-18,11-12,CR-04,Science Building,30,CLS-02,Computer Networks,FAC-16,Friday,10,1.0,0,0,65.04,7,4,15,0.4,1.3,1.09,5.63,20.83
2025-09-09,10-11,CR-10,Main Building,80,CLS-36,Web Development,FAC-08,Tuesday,28,1.5,0,0,78.78,22,67,27,1.53,1.54,0.38,10.77,41.56
2025-07-11,15-16,CR-02,Main Building,50,CLS-23,Machine Learning,FAC-03,Friday,30,2.0,0,1,88.92,27,25,9,2.26,0.79,2.48,13.94,56.41
2025-10-05,11-12,CR-14,IT Building,80,CLS-32,Python,FAC-10,Sunday,56,1.0,0,0,71.91,40,66,39,0.26,2.0,0.6,7.86,58.12
2025-07-02,10-11,CR-17,Main Building,50,CLS-19,Artificial Intelligence,FAC-24,Wednesday,33,3.0,1,0,84.15,28,30,36,0.9,0.16,0.34,2.61,22.29
2025-06-17,08-09,CR-15,Main Building,30,CLS-24,Computer Networks,FAC-08,Tuesday,12,1.0,1,0,71.2,9,14,20,0.62,0.17,0.11,0.87,12.8
2025-09-30,12-13,CR-18,IT Building,40,CLS-22,Statistics,FAC-26,Tuesday,18,2.0,0,0,94.76,17,26,40,1.14,1.11,1.26,9.96,48.12
2025-10-25,11-12,CR-19,Main Building,30,CLS-40,DBMS,FAC-27,Saturday,13,1.5,0,0,75.58,10,4,10,1.55,2.44,1.02,9.62,28.33
2025-10-09,09-10,CR-13,IT Building,40,CLS-49,Data Science,FAC-20,Thursday,18,1.0,0,0,70.19,13,35,38,1.11,1.27,1.06,8.22,46.25
2025-12-04,12-13,CR-03,Main Building,40,CLS-29,Computer Networks,FAC-25,Thursday,14,3.0,0,0,94.36,13,29,3,1.46,3.65,2.31,15.74,42.5
2025-09-30,11-12,CR-08,Main Building,30,CLS-41,Python,FAC-11,Tuesday,17,3.0,0,0,75.74,13,21,4,2.95,2.84,0.37,17.0,50.0
2025-12-18,12-13,CR-11,Main Building,80,CLS-32,Artificial Intelligence,FAC-20,Thursday,72,2.0,0,0,75.78,55,27,18,1.65,0.64,0.3,11.32,60.0
2025-12-05,08-09,CR-07,Main Building,30,CLS-34,Software Engineering,FAC-10,Friday,13,3.0,0,0,79.46,10,26,26,0.97,1.08,2.15,10.93,46.67
2025-06-03,12-13,CR-09,Science Building,40,CLS-14,Data Science,FAC-10,Tuesday,8,1.0,1,0,81.98,7,11,23,0.2,0.16,0.3,1.18,4.79
2025-07-08,15-16,CR-13,IT Building,40,CLS-36,Data Science,FAC-20,Tuesday,22,3.0,0,0,88.64,20,23,29,2.09,2.17,2.02,16.94,51.88
2025-08-10,11-12,CR-20,Main Building,60,CLS-30,Web Development,FAC-06,Sunday,49,1.0,0,0,66.27,32,16,3,1.03,1.67,0.88,7.48,46.67
2025-08-23,16-17,CR-16,IT Building,60,CLS-24,Data Science,FAC-11,Saturday,36,2.0,0,0,86.21,31,50,20,1.81,2.68,1.02,13.27,59.58
2025-09-10,10-11,CR-11,Main Building,80,CLS-40,Python,FAC-21,Wednesday,34,1.0,0,1,90.4,31,17,32,0.95,1.82,0.91,10.41,36.71
2025-12-01,10-11,CR-16,IT Building,60,CLS-05,Machine Learning,FAC-05,Monday,21,1.0,0,0,89.73,19,54,15,1.46,0.61,0.32,7.64,46.25
2025-06-24,13-14,CR-12,IT Building,80,CLS-22,Machine Learning,FAC-14,Tuesday,37,3.0,0,0,95.94,35,63,34,1.71,2.65,1.58,17.87,52.5
2025-06-16,16-17,CR-14,IT Building,80,CLS-42,Computer Networks,FAC-23,Monday,25,2.0,0,0,89.66,22,69,10,0.95,1.27,2.14,10.42,42.19
2025-06-30,12-13,CR-08,Main Building,30,CLS-16,Python,FAC-21,Monday,27,2.0,0,0,67.39,18,24,26,2.23,1.14,1.58,12.69,65.0
2025-11-26,11-12,CR-16,IT Building,60,CLS-03,Python,FAC-08,Wednesday,26,1.0,0,1,78.68,20,29,20,1.11,1.02,0.6,8.2,41.41
2025-11-10,14-15,CR-01,Main Building,30,CLS-33,Web Development,FAC-16,Monday,6,2.0,1,0,97.89,6,21,2,0.75,0.32,0.18,1.68,3.64
2025-10-29,08-09,CR-07,Main Building,30,CLS-15,Statistics,FAC-16,Wednesday,6,1.0,1,0,82.73,5,22,28,0.84,0.02,0.18,1.33,6.49
2025-12-30,10-11,CR-13,IT Building,40,CLS-14,Data Science,FAC-18,Tuesday,8,2.0,1,1,72.82,6,24,17,0.45,0.04,0.48,1.5,8.0
2025-07-11,11-12,CR-20,Main Building,60,CLS-17,Artificial Intelligence,FAC-07,Friday,32,1.0,0,0,83.28,27,50,18,1.41,0.51,1.19,8.12,54.58
2025-09-24,08-09,CR-15,Main Building,30,CLS-39,Software Engineering,FAC-25,Wednesday,18,1.0,0,0,94.8,17,5,12,0.42,0.64,0.78,4.62,46.67
2025-12-23,09-10,CR-07,Main Building,30,CLS-13,Statistics,FAC-24,Tuesday,15,3.0,1,0,82.41,12,22,26,0.14,0.0,0.41,1.57,9.23
2025-09-27,08-09,CR-08,Main Building,30,CLS-37,Web Development,FAC-07,Saturday,22,1.0,0,0,67.89,15,10,26,1.04,1.87,0.51,7.2,45.83
2025-07-17,13-14,CR-07,Main Building,30,CLS-32,Computer Networks,FAC-24,Thursday,16,1.5,0,1,84.92,14,28,5,0.54,1.97,0.78,6.92,65.86
2025-10-01,16-17,CR-20,Main Building,60,CLS-19,DBMS,FAC-03,Wednesday,51,1.0,0,0,80.29,41,48,3,1.0,0.76,1.18,7.5,71.25
2025-06-03,12-13,CR-01,Main Building,30,CLS-20,Operating Systems,FAC-13,Tuesday,24,1.0,0,0,70.22,17,15,6,1.11,0.69,0.78,5.74,55.0
2025-11-13,11-12,CR-14,IT Building,80,CLS-48,Artificial Intelligence,FAC-03,Thursday,33,1.5,1,0,73.16,24,50,2,0.75,0.13,0.44,1.63,14.09
2025-08-17,10-11,CR-09,Science Building,40,CLS-30,DBMS,FAC-04,Sunday,37,2.0,1,0,85.26,32,36,11,0.09,0.2,0.36,1.23,8.61
2025-06-23,11-12,CR-15,Main Building,30,CLS-38,Software Engineering,FAC-09,Monday,14,1.0,1,1,86.76,12,19,2,0.62,0.14,0.19,1.12,7.62
2025-06-17,14-15,CR-13,IT Building,40,CLS-02,Python,FAC-16,Tuesday,21,3.0,0,0,81.63,17,17,0,2.2,1.37,1.14,13.66,42.5
2025-10-26,08-09,CR-03,Main Building,40,CLS-50,Web Development,FAC-23,Sunday,17,2.0,0,0,76.03,13,23,1,0.31,1.35,2.06,6.93,38.75
2025-11-19,12-13,CR-07,Main Building,30,CLS-16,Operating Systems,FAC-26,Wednesday,6,2.0,0,1,80.03,5,17,17,0.32,2.7,0.28,7.91,34.38
2025-10-04,11-12,CR-02,Main Building,50,CLS-19,Artificial Intelligence,FAC-03,Saturday,33,1.5,0,1,96.18,32,17,23,1.11,1.18,1.87,10.17,62.45
2025-09-04,16-17,CR-18,IT Building,40,CLS-10,Artificial Intelligence,FAC-24,Thursday,28,1.0,0,0,83.11,23,31,23,0.52,1.14,1.07,6.11,62.5
2025-09-28,13-14,CR-10,Main Building,80,CLS-10,Operating Systems,FAC-22,Sunday,50,1.5,0,0,89.0,44,23,38,0.25,2.37,0.54,9.03,48.44
2025-08-04,10-11,CR-11,Main Building,80,CLS-23,Operating Systems,FAC-15,Monday,64,2.0,1,0,66.25,42,17,21,0.12,0.49,0.16,1.61,11.26
2025-11-08,10-11,CR-20,Main Building,60,CLS-22,Software Engineering,FAC-21,Saturday,22,3.0,0,0,68.8,15,22,25,0.54,3.02,2.6,13.66,27.92
2025-06-21,14-15,CR-04,Science Building,30,CLS-33,Software Engineering,FAC-02,Saturday,22,1.0,0,0,72.59,16,12,29,0.89,0.88,1.43,6.65,50.0
2025-10-19,10-11,CR-08,Main Building,30,CLS-44,Artificial Intelligence,FAC-16,Sunday,9,1.0,1,0,94.9,9,21,29,0.57,0.18,0.19,1.55,8.74
2025-11-16,14-15,CR-08,Main Building,30,CLS-37,Artificial Intelligence,FAC-24,Sunday,19,2.0,0,0,79.9,15,24,20,2.18,2.86,1.01,13.2,57.5
2025-09-25,10-11,CR-07,Main Building,30,CLS-46,Python,FAC-29,Thursday,22,3.0,0,0,83.5,18,8,29,0.51,1.2,1.39,9.5,51.67
2025-06-19,12-13,CR-08,Main Building,30,CLS-49,Computer Networks,FAC-10,Thursday,12,2.0,1,0,70.22,8,10,0,0.46,0.3,0.35,1.07,2.97
2025-08-15,09-10,CR-07,Main Building,30,CLS-12,Machine Learning,FAC-03,Friday,14,1.5,0,0,77.64,11,15,21,1.77,1.64,1.02,9.83,40.0
2025-09-12,08-09,CR-20,Main Building,60,CLS-20,Artificial Intelligence,FAC-13,Friday,35,1.0,0,0,92.08,32,48,37,1.02,1.75,0.87,8.6,60.0
2025-10-01,08-09,CR-16,IT Building,60,CLS-03,Operating Systems,FAC-11,Wednesday,34,1.0,0,0,68.91,23,33,34,0.27,0.95,1.12,6.36,42.5
2025-12-15,09-10,CR-14,IT Building,80,CLS-45,Statistics,FAC-20,Monday,72,1.0,1,0,81.36,59,15,24,0.42,0.21,0.12,1.86,6.7
2025-10-03,09-10,CR-16,IT Building,60,CLS-17,Software Engineering,FAC-03,Friday,17,1.0,1,0,69.5,12,38,24,0.2,0.03,0.1,0.95,10.01
2025-08-01,15-16,CR-02,Main Building,50,CLS-21,Web Development,FAC-18,Friday,38,1.0,0,0,76.81,29,13,0,0.26,1.76,0.29,5.01,50.0
2025-11-23,10-11,CR-19,Main Building,30,CLS-44,Python,FAC-30,Sunday,22,1.5,0,1,96.03,21,9,14,1.81,1.57,1.2,10.39,63.65
2025-10-23,14-15,CR-18,IT Building,40,CLS-42,Python,FAC-09,Thursday,26,1.0,1,1,86.36,22,37,11,0.04,0.03,0.23,1.29,13.5
2025-07-12,08-09,CR-10,Main Building,80,CLS-39,Artificial Intelligence,FAC-14,Saturday,23,2.0,0,0,83.14,19,37,30,2.25,0.76,2.1,14.23,29.38
2025-10-03,11-12,CR-01,Main Building,30,CLS-25,Data Science,FAC-25,Friday,18,1.0,0,0,75.45,14,11,10,0.75,0.73,0.88,5.06,44.17
2025-11-22,15-16,CR-08,Main Building,30,CLS-46,Operating Systems,FAC-26,Saturday,28,1.0,0,0,91.45,26,8,4,0.8,1.24,1.31,6.11,71.67
2025-12-07,08-09,CR-15,Main Building,30,CLS-32,Artificial Intelligence,FAC-26,Sunday,28,1.5,0,1,73.5,21,26,11,1.8,1.65,0.64,10.8,79.98
2025-06-28,14-15,CR-16,IT Building,60,CLS-03,Web Development,FAC-14,Saturday,47,2.0,0,0,73.88,35,13,5,2.06,0.61,2.48,12.86,49.17
2025-08-07,13-14,CR-16,IT Building,60,CLS-26,Software Engineering,FAC-30,Thursday,27,1.0,0,0,78.03,21,19,5,0.87,1.82,0.77,7.1,34.17
2025-10-25,10-11,CR-07,Main Building,30,CLS-29,Software Engineering,FAC-12,Saturday,23,1.0,0,0,82.74,19,25,5,0.31,0.5,0.56,3.77,68.33
2025-10-28,14-15,CR-04,Science Building,30,CLS-36,Python,FAC-08,Tuesday,12,1.0,0,0,68.75,8,27,22,0.76,1.47,1.14,6.56,42.5
2025-09-09,08-09,CR-12,IT Building,80,CLS-04,Software Engineering,FAC-26,Tuesday,16,1.0,0,0,70.89,11,13,19,0.35,1.91,0.58,6.65,14.38
2025-12-25,10-11,CR-11,Main Building,80,CLS-16,Operating Systems,FAC-26,Thursday,29,1.0,1,0,92.12,27,73,30,0.77,0.3,0.17,1.83,7.9
2025-07-15,14-15,CR-18,IT Building,40,CLS-41,Software Engineering,FAC-28,Tuesday,33,1.0,0,0,73.66,24,38,9,0.4,1.26,0.98,5.49,68.75
2025-12-12,09-10,CR-16,IT Building,60,CLS-33,Machine Learning,FAC-19,Friday,22,1.0,1,0,77.0,17,49,23,0.64,0.45,0.08,0.88,15.89
2025-12-29,12-13,CR-14,IT Building,80,CLS-04,Computer Networks,FAC-02,Monday,71,1.0,0,0,77.59,55,36,23,0.43,1.44,1.16,8.04,62.81
2025-09-09,15-16,CR-20,Main Building,60,CLS-15,Data Science,FAC-16,Tuesday,51,3.0,0,0,96.36,49,50,40,0.42,2.61,0.41,12.49,82.08
2025-07-11,11-12,CR-20,Main Building,60,CLS-34,Web Development,FAC-16,Friday,16,1.5,0,0,94.49,15,35,4,1.18,1.84,1.71,9.16,33.33
2025-10-22,09-10,CR-05,Main Building,80,CLS-50,Python,FAC-12,Wednesday,33,1.5,0,0,69.26,23,55,19,1.07,1.7,0.3,9.58,38.75
2025-10-16,13-14,CR-10,Main Building,80,CLS-31,Software Engineering,FAC-16,Thursday,40,3.0,1,1,74.07,30,29,30,0.03,0.21,0.45,1.91,12.67
2025-08-27,16-17,CR-17,Main Building,50,CLS-40,Machine Learning,FAC-09,Wednesday,27,1.0,0,1,95.42,26,39,14,1.2,1.6,1.14,8.69,62.38
2025-08-22,11-12,CR-19,Main Building,30,CLS-13,Artificial Intelligence,FAC-10,Friday,12,3.0,0,1,71.61,9,25,13,0.83,2.91,0.85,12.16,47.0
2025-11-01,14-15,CR-07,Main Building,30,CLS-50,Statistics,FAC-29,Saturday,10,3.0,1,0,90.87,9,10,21,0.45,0.4,0.42,1.58,9.43
2025-11-30,16-17,CR-18,IT Building,40,CLS-21,DBMS,FAC-26,Sunday,22,2.0,0,0,86.61,19,13,18,0.76,1.19,0.96,7.95,43.75
2025-11-11,11-12,CR-07,Main Building,30,CLS-39,Artificial Intelligence,FAC-06,Tuesday,26,3.0,0,0,71.91,19,11,12,1.5,3.68,0.54,13.96,56.67
2025-10-02,12-13,CR-19,Main Building,30,CLS-30,Software Engineering,FAC-11,Thursday,10,1.0,0,0,88.77,9,12,3,1.11,0.64,1.4,5.54,32.5
2025-09-05,16-17,CR-13,IT Building,40,CLS-01,Machine Learning,FAC-07,Friday,33,1.0,0,0,89.97,30,23,32,0.57,1.54,0.3,6.82,70.62
2025-10-24,14-15,CR-07,Main Building,30,CLS-18,Python,FAC-14,Friday,26,1.5,0,0,92.7,24,19,13,1.03,1.77,0.64,8.08,75.83
2025-09-08,13-14,CR-04,Science Building,30,CLS-09,Data Science,FAC-04,Monday,17,3.0,0,0,80.62,14,6,8,1.95,2.1,2.71,15.38,40.0
2025-06-28,16-17,CR-18,IT Building,40,CLS-18,Data Science,FAC-26,Saturday,11,2.0,1,0,81.43,9,19,2,0.84,0.4,0.21,1.37,10.56
2025-10-24,08-09,CR-01,Main Building,30,CLS-08,Artificial Intelligence,FAC-20,Friday,14,1.0,0,0,92.27,13,11,7,0.53,1.29,1.26,5.05,41.67
2025-11-06,12-13,CR-18,IT Building,40,CLS-23,DBMS,FAC-05,Thursday,8,2.0,0,0,76.66,6,20,10,1.69,1.11,0.5,9.47,23.75
2025-12-24,14-15,CR-07,Main Building,30,CLS-35,Statistics,FAC-01,Wednesday,11,1.0,0,1,73.96,8,12,25,1.32,1.02,1.47,8.26,34.92
2025-06-25,11-12,CR-14,IT Building,80,CLS-15,DBMS,FAC-15,Wednesday,55,1.0,0,0,97.33,54,47,6,0.59,0.56,1.13,6.59,65.31
2025-06-01,11-12,CR-10,Main Building,80,CLS-28,Statistics,FAC-28,Sunday,54,3.0,0,0,88.35,48,39,14,0.34,3.55,0.63,12.91,57.19
2025-06-26,09-10,CR-14,IT Building,80,CLS-46,Operating Systems,FAC-15,Thursday,25,2.0,0,1,69.2,17,60,1,0.65,2.9,1.81,11.4,39.94
2025-08-09,11-12,CR-16,IT Building,60,CLS-28,Software Engineering,FAC-11,Saturday,32,1.0,0,1,76.1,24,48,24,0.54,1.22,0.94,7.71,57.03
2025-11-03,11-12,CR-12,IT Building,80,CLS-10,Machine Learning,FAC-20,Monday,69,2.0,1,0,85.85,59,33,25,0.26,0.47,0.08,1.45,10.64
2025-08-20,13-14,CR-13,IT Building,40,CLS-18,DBMS,FAC-23,Wednesday,17,1.0,0,1,79.82,14,36,1,0.96,1.15,0.77,6.46,54.87
2025-10-23,11-12,CR-03,Main Building,40,CLS-29,Python,FAC-13,Thursday,26,1.0,0,0,89.18,23,7,31,1.11,1.75,0.56,8.28,47.5
2025-09-20,15-16,CR-14,IT Building,80,CLS-06,Computer Networks,FAC-09,Saturday,38,1.0,0,0,77.2,29,45,30,0.86,0.97,0.43,8.31,41.25
2025-07-11,10-11,CR-08,Main Building,30,CLS-38,Software Engineering,FAC-20,Friday,22,3.0,0,0,72.06,16,16,11,0.54,2.89,2.07,11.17,53.33
2025-06-13,11-12,CR-03,Main Building,40,CLS-46,Data Science,FAC-03,Friday,27,2.0,0,0,84.33,23,22,5,2.45,1.83,2.29,14.14,56.87
2025-10-13,12-13,CR-15,Main Building,30,CLS-10,Web Development,FAC-05,Monday,19,1.0,0,0,67.74,13,17,9,0.49,1.16,0.98,5.07,46.67
2025-07-13,16-17,CR-03,Main Building,40,CLS-15,Machine Learning,FAC-20,Sunday,9,2.0,1,0,91.44,8,24,35,0.6,0.1,0.25,1.57,7.23
2025-09-17,10-11,CR-08,Main Building,30,CLS-02,DBMS,FAC-20,Wednesday,28,1.0,0,0,89.5,25,12,26,1.21,1.25,0.63,7.01,72.5
2025-12-18,10-11,CR-18,IT Building,40,CLS-08,Operating Systems,FAC-18,Thursday,32,1.0,1,0,89.13,29,15,34,0.24,0.09,0.26,1.01,24.2
2025-08-02,08-09,CR-11,Main Building,80,CLS-11,Web Development,FAC-17,Saturday,68,1.0,0,1,74.57,51,19,25,1.04,0.68,1.07,9.38,56.56
2025-06-13,15-16,CR-05,Main Building,80,CLS-09,DBMS,FAC-28,Friday,54,3.0,0,1,90.69,49,47,29,1.92,3.9,1.28,21.67,64.1
2025-07-15,09-10,CR-08,Main Building,30,CLS-11,Statistics,FAC-25,Tuesday,7,1.0,0,0,87.49,6,4,9,0.33,1.09,1.45,4.41,18.33
2025-09-26,16-17,CR-16,IT Building,60,CLS-44,Computer Networks,FAC-18,Friday,46,2.0,0,1,68.97,32,38,33,1.83,2.11,1.09,15.0,59.96
2025-11-03,14-15,CR-09,Science Building,40,CLS-34,Computer Networks,FAC-06,Monday,24,3.0,0,0,96.38,23,8,13,0.31,1.56,2.78,9.74,48.12
2025-06-19,13-14,CR-10,Main Building,80,CLS-08,Statistics,FAC-29,Thursday,42,1.5,0,0,82.63,35,59,1,1.69,0.71,1.9,10.39,51.25
2025-08-20,15-16,CR-07,Main Building,30,CLS-49,Python,FAC-07,Wednesday,19,3.0,1,0,91.24,17,18,27,0.18,0.36,0.19,1.85,15.93
2025-12-12,10-11,CR-10,Main Building,80,CLS-26,DBMS,FAC-05,Friday,17,1.0,0,0,96.77,16,74,25,0.41,1.13,0.85,6.58,38.12
2025-09-28,15-16,CR-12,IT Building,80,CLS-14,Operating Systems,FAC-05,Sunday,42,1.0,0,0,77.42,33,24,18,0.7,0.58,1.11,6.92,38.44
2025-09-04,08-09,CR-12,IT Building,80,CLS-30,Computer Networks,FAC-29,Thursday,57,3.0,0,0,91.93,52,49,22,2.46,2.2,1.07,19.14,64.06
2025-12-28,16-17,CR-18,IT Building,40,CLS-31,Python,FAC-30,Sunday,35,3.0,0,0,86.06,30,28,21,1.04,1.33,2.26,12.22,73.75
2025-07-20,12-13,CR-17,Main Building,50,CLS-11,Python,FAC-04,Sunday,19,2.0,1,1,72.95,14,24,3,0.94,0.26,0.18,1.67,5.82
2025-10-12,13-14,CR-01,Main Building,30,CLS-29,Computer Networks,FAC-11,Sunday,25,1.5,0,1,93.82,23,14,9,0.94,1.17,0.61,7.02,73.37
2025-12-23,16-17,CR-19,Main Building,30,CLS-08,Operating Systems,FAC-25,Tuesday,21,1.5,0,0,87.35,18,25,24,0.76,1.65,0.37,6.93,65.83
2025-10-19,16-17,CR-03,Main Building,40,CLS-10,Computer Networks,FAC-11,Sunday,29,2.0,0,0,71.31,21,15,9,1.17,2.84,1.1,10.38,48.75
2025-12-13,11-12,CR-03,Main Building,40,CLS-40,Computer Networks,FAC-09,Saturday,20,1.0,0,0,69.19,14,25,0,0.32,0.96,0.45,4.5,41.88
2025-07-05,11-12,CR-14,IT Building,80,CLS-37,DBMS,FAC-14,Saturday,67,3.0,0,0,70.74,47,44,13,2.34,0.56,1.78,17.32,57.81
2025-06-01,09-10,CR-06,IT Building,80,CLS-03,Web Development,FAC-24,Sunday,46,3.0,0,0,83.57,38,71,10,1.11,1.53,2.27,13.51,57.81
2025-11-20,15-16,CR-04,Science Building,30,CLS-06,Operating Systems,FAC-26,Thursday,16,2.0,1,0,93.75,15,19,30,0.19,0.05,0.45,1.43,20.64
2025-10-26,16-17,CR-18,IT Building,40,CLS-48,Artificial Intelligence,FAC-21,Sunday,29,1.0,0,0,76.86,22,23,38,0.41,1.38,0.91,6.1,55.63
2025-12-17,11-12,CR-08,Main Building,30,CLS-02,Computer Networks,FAC-16,Wednesday,14,1.0,0,0,71.7,10,19,23,0.81,1.7,0.99,6.77,40.83
2025-09-12,08-09,CR-19,Main Building,30,CLS-20,Web Development,FAC-04,Friday,10,2.0,0,0,88.19,9,11,14,2.03,2.07,0.59,11.14,31.67
2025-07-10,09-10,CR-18,IT Building,40,CLS-33,Artificial Intelligence,FAC-14,Thursday,31,1.5,0,1,88.44,27,27,19,1.44,0.55,0.97,9.56,69.99
2025-07-12,15-16,CR-03,Main Building,40,CLS-50,Artificial Intelligence,FAC-30,Saturday,36,1.0,0,0,72.13,26,33,9,0.99,1.87,1.25,7.28,69.38
2025-09-15,15-16,CR-01,Main Building,30,CLS-22,Artificial Intelligence,FAC-04,Monday,15,1.0,0,0,95.41,14,16,18,1.47,0.52,1.03,7.38,48.33
2025-07-25,14-15,CR-14,IT Building,80,CLS-16,Web Development,FAC-08,Friday,55,3.0,0,0,73.31,40,32,38,2.95,2.65,2.43,23.32,47.5
2025-08-23,14-15,CR-03,Main Building,40,CLS-07,Machine Learning,FAC-03,Saturday,33,2.0,0,0,67.82,22,33,31,0.66,2.4,0.3,8.98,61.88
2025-06-24,10-11,CR-02,Main Building,50,CLS-01,Operating Systems,FAC-06,Tuesday,12,1.0,0,0,85.18,10,29,36,1.12,1.01,0.38,7.78,29.5
2025-06-23,08-09,CR-06,IT Building,80,CLS-20,Artificial Intelligence,FAC-04,Monday,18,2.0,0,0,67.3,12,12,12,1.58,1.8,1.92,11.84,15.0
2025-12-20,10-11,CR-13,IT Building,40,CLS-32,Machine Learning,FAC-09,Saturday,26,1.0,0,1,78.14,20,10,39,0.28,1.0,1.47,6.92,47.46
2025-06-17,15-16,CR-20,Main Building,60,CLS-17,Data Science,FAC-21,Tuesday,56,2.0,0,0,93.83,53,47,14,0.99,1.97,2.16,11.48,85.83
2025-11-24,12-13,CR-02,Main Building,50,CLS-26,Artificial Intelligence,FAC-22,Monday,20,2.0,0,0,67.46,13,29,32,1.4,2.92,1.81,13.03,34.0
2025-08-18,12-13,CR-13,IT Building,40,CLS-27,DBMS,FAC-26,Monday,35,1.0,1,0,67.34,24,19,15,0.19,0.39,0.42,1.47,13.56
2025-11-28,10-11,CR-02,Main Building,50,CLS-06,Python,FAC-19,Friday,17,1.0,0,0,65.94,11,15,9,1.29,1.68,0.57,7.91,24.0
2025-12-03,09-10,CR-10,Main Building,80,CLS-50,Artificial Intelligence,FAC-23,Wednesday,36,2.0,0,0,88.39,32,67,26,0.73,0.6,0.7,8.95,50.94
2025-07-02,16-17,CR-19,Main Building,30,CLS-20,DBMS,FAC-29,Wednesday,21,2.0,0,0,78.81,17,9,12,1.39,1.69,0.86,9.34,50.0
2025-07-20,13-14,CR-03,Main Building,40,CLS-04,Python,FAC-27,Sunday,35,3.0,0,0,65.96,23,17,31,1.91,1.89,1.07,15.5,53.75
2025-09-27,14-15,CR-11,Main Building,80,CLS-29,Data Science,FAC-27,Saturday,36,2.0,1,0,93.31,34,52,36,0.49,0.07,0.35,2.16,17.35
2025-07-18,08-09,CR-06,IT Building,80,CLS-17,Computer Networks,FAC-03,Friday,47,1.0,0,0,71.8,34,29,15,0.8,0.6,1.28,7.55,40.94
2025-10-10,15-16,CR-09,Science Building,40,CLS-13,Data Science,FAC-14,Friday,9,3.0,0,0,89.56,8,27,39,1.95,3.31,1.44,17.57,31.88
2025-09-04,13-14,CR-01,Main Building,30,CLS-07,Operating Systems,FAC-25,Thursday,22,1.0,0,0,90.93,20,14,21,0.83,1.91,0.86,7.32,61.67
2025-11-16,16-17,CR-09,Science Building,40,CLS-34,Computer Networks,FAC-29,Sunday,24,2.0,0,1,92.11,22,18,27,1.5,0.95,1.3,11.31,59.12
2025-12-05,08-09,CR-15,Main Building,30,CLS-47,Statistics,FAC-18,Friday,15,2.0,0,0,96.95,15,13,10,1.94,2.53,0.32,11.85,48.33
2025-06-05,14-15,CR-19,Main Building,30,CLS-41,Machine Learning,FAC-16,Thursday,19,1.5,0,1,92.39,18,11,29,0.34,2.2,1.21,7.83,58.06
2025-10-30,11-12,CR-15,Main Building,30,CLS-17,Web Development,FAC-29,Thursday,26,3.0,0,0,71.51,19,25,28,1.12,1.49,1.71,12.05,68.33
2025-10-27,12-13,CR-13,IT Building,40,CLS-17,Python,FAC-17,Monday,15,1.0,0,0,72.7,11,21,25,0.82,1.28,1.2,6.95,33.75
2025-06-01,14-15,CR-02,Main Building,50,CLS-05,Web Development,FAC-18,Sunday,44,1.5,0,1,79.76,35,47,19,1.63,1.74,0.45,11.07,82.61
2025-11-17,08-09,CR-16,IT Building,60,CLS-38,DBMS,FAC-18,Monday,54,2.0,0,0,78.1,42,24,24,1.92,1.95,1.12,13.42,62.5
2025-10-22,13-14,CR-06,IT Building,80,CLS-35,DBMS,FAC-01,Wednesday,59,1.5,0,0,70.64,42,43,30,0.65,1.65,0.99,9.42,52.81
2025-06-06,09-10,CR-05,Main Building,80,CLS-48,Web Development,FAC-06,Friday,58,1.0,1,0,86.88,50,65,10,0.85,0.13,0.25,1.69,24.98
2025-07-23,10-11,CR-12,IT Building,80,CLS-07,Web Development,FAC-10,Wednesday,50,2.0,0,0,97.19,49,21,9,1.0,1.99,0.45,10.4,52.5
2025-07-02,08-09,CR-08,Main Building,30,CLS-05,Web Development,FAC-06,Wednesday,9,3.0,0,0,96.65,9,7,16,2.22,3.26,2.19,17.27,28.33
2025-12-14,16-17,CR-15,Main Building,30,CLS-33,Machine Learning,FAC-16,Sunday,27,2.0,0,0,84.46,23,15,25,1.26,2.65,2.4,12.25,70.0
2025-06-24,13-14,CR-06,IT Building,80,CLS-25,DBMS,FAC-18,Tuesday,76,1.0,1,0,84.25,64,23,4,0.54,0.23,0.1,1.53,9.99
2025-08-27,10-11,CR-17,Main Building,50,CLS-45,Software Engineering,FAC-07,Wednesday,40,3.0,1,0,65.12,26,8,21,0.24,0.25,0.19,1.87,15.31
2025-12-20,14-15,CR-04,Science Building,30,CLS-33,Computer Networks,FAC-07,Saturday,11,1.0,0,0,76.56,8,28,18,0.82,0.7,0.31,5.32,43.33
2025-12-09,09-10,CR-08,Main Building,30,CLS-43,Operating Systems,FAC-18,Tuesday,20,1.5,0,0,90.59,18,10,28,1.25,2.02,0.51,8.57,53.33
2025-06-11,08-09,CR-15,Main Building,30,CLS-13,Python,FAC-19,Wednesday,17,1.0,1,0,72.53,12,24,10,0.01,0.07,0.15,0.81,11.23
2025-06-02,13-14,CR-15,Main Building,30,CLS-06,Data Science,FAC-27,Monday,9,2.0,0,1,68.86,6,28,3,2.47,1.27,0.54,12.23,43.89
2025-09-30,15-16,CR-18,IT Building,40,CLS-36,Artificial Intelligence,FAC-04,Tuesday,27,3.0,0,0,67.11,18,21,19,2.62,3.87,0.93,18.83,46.88
2025-10-16,14-15,CR-10,Main Building,80,CLS-03,Machine Learning,FAC-02,Thursday,76,1.0,1,0,79.85,61,45,24,0.02,0.32,0.21,1.25,28.48
2025-08-11,13-14,CR-14,IT Building,80,CLS-05,Software Engineering,FAC-12,Monday,20,1.5,0,0,86.58,17,64,1,0.98,0.86,1.46,8.06,35.94
2025-06-07,12-13,CR-11,Main Building,80,CLS-12,Machine Learning,FAC-28,Saturday,24,2.0,0,1,83.65,20,24,23,2.18,0.79,2.02,14.77,28.93
2025-08-07,13-14,CR-11,Main Building,80,CLS-08,Data Science,FAC-19,Thursday,29,2.0,0,0,87.93,25,18,17,1.24,2.86,0.57,12.18,29.06
2025-08-19,16-17,CR-18,IT Building,40,CLS-06,Software Engineering,FAC-30,Tuesday,26,3.0,1,1,86.21,22,25,35,0.38,0.48,0.16,2.32,8.18
2025-09-12,08-09,CR-10,Main Building,80,CLS-27,Machine Learning,FAC-22,Friday,37,1.0,1,0,97.85,36,29,4,0.25,0.22,0.26,1.06,5.49
2025-10-29,08-09,CR-04,Science Building,30,CLS-31,Python,FAC-16,Wednesday,17,1.5,0,0,74.73,13,12,5,0.28,0.94,0.74,4.46,42.5
2025-10-30,16-17,CR-08,Main Building,30,CLS-06,Artificial Intelligence,FAC-06,Thursday,11,2.0,0,0,93.82,10,24,25,1.84,0.71,1.71,10.78,45.0
2025-06-05,15-16,CR-07,Main Building,30,CLS-47,Data Science,FAC-06,Thursday,27,2.0,0,0,86.57,23,4,21,2.4,0.51,0.81,11.92,60.83
2025-10-12,12-13,CR-19,Main Building,30,CLS-47,DBMS,FAC-16,Sunday,23,1.0,0,0,68.02,16,10,19,0.89,0.85,0.48,6.15,48.33
2025-11-18,14-15,CR-07,Main Building,30,CLS-34,Web Development,FAC-12,Tuesday,10,1.5,0,0,91.74,9,22,9,0.49,1.44,1.89,6.54,40.83
2025-08-08,11-12,CR-20,Main Building,60,CLS-08,Computer Networks,FAC-09,Friday,53,2.0,0,0,70.61,37,16,25,0.96,1.56,0.95,10.61,52.92
2025-10-30,11-12,CR-09,Science Building,40,CLS-45,Data Science,FAC-19,Thursday,13,3.0,1,1,74.26,10,13,15,0.97,0.08,0.37,2.12,3.32
2025-08-03,08-09,CR-03,Main Building,40,CLS-44,Computer Networks,FAC-05,Sunday,38,1.0,0,0,71.12,27,6,13,1.06,1.57,1.11,7.71,54.38
2025-12-01,09-10,CR-01,Main Building,30,CLS-27,Machine Learning,FAC-11,Monday,12,1.5,0,0,75.54,9,27,20,0.69,2.41,1.87,8.66,45.0
2025-12-19,09-10,CR-12,IT Building,80,CLS-21,Computer Networks,FAC-13,Friday,58,2.0,1,0,79.93,46,68,12,0.42,0.08,0.21,1.77,23.0
2025-07-08,11-12,CR-13,IT Building,40,CLS-23,DBMS,FAC-28,Tuesday,29,3.0,1,0,82.73,24,37,31,0.02,0.22,0.39,1.87,26.21
2025-09-20,08-09,CR-09,Science Building,40,CLS-01,Computer Networks,FAC-15,Saturday,13,1.0,0,0,95.02,12,24,13,0.27,1.34,1.23,5.65,37.5
2025-09-14,09-10,CR-10,Main Building,80,CLS-10,Web Development,FAC-09,Sunday,27,1.5,0,0,82.86,22,20,37,0.82,0.77,1.8,9.8,26.88
2025-09-25,13-14,CR-10,Main Building,80,CLS-42,DBMS,FAC-15,Thursday,28,2.0,0,0,84.33,24,61,17,1.77,2.51,1.73,14.03,41.56
2025-07-12,15-16,CR-08,Main Building,30,CLS-29,Data Science,FAC-01,Saturday,13,2.0,0,0,78.14,10,11,30,1.41,2.51,1.09,11.05,34.17
2025-10-20,16-17,CR-05,Main Building,80,CLS-08,Web Development,FAC-24,Monday,39,2.0,0,0,95.18,37,46,33,0.45,2.12,1.18,10.51,49.06
2025-12-22,12-13,CR-13,IT Building,40,CLS-02,Machine Learning,FAC-19,Monday,38,1.0,0,0,78.39,30,22,15,1.1,0.6,0.99,7.06,70.0
2025-12-11,16-17,CR-20,Main Building,60,CLS-37,Software Engineering,FAC-30,Thursday,23,2.0,0,1,70.63,16,9,9,2.27,2.14,2.23,15.62,31.5
2025-08-23,16-17,CR-14,IT Building,80,CLS-37,Artificial Intelligence,FAC-01,Saturday,46,1.0,0,0,81.01,37,51,27,0.93,1.88,1.37,8.92,50.62
2025-08-04,12-13,CR-19,Main Building,30,CLS-13,Computer Networks,FAC-22,Monday,25,2.0,0,0,77.97,19,7,12,1.12,1.22,0.85,8.36,53.33
2025-09-29,11-12,CR-08,Main Building,30,CLS-21,Python,FAC-28,Monday,16,1.0,0,0,93.42,15,21,10,0.34,1.52,0.47,4.71,55.0
2025-10-05,11-12,CR-14,IT Building,80,CLS-36,Python,FAC-23,Sunday,20,1.0,0,0,73.91,15,41,26,1.21,1.83,0.53,8.87,26.88
2025-06-12,11-12,CR-15,Main Building,30,CLS-27,Software Engineering,FAC-24,Thursday,8,1.0,1,1,80.3,6,18,22,0.47,0.44,0.38,1.73,10.55
2025-07-26,13-14,CR-04,Science Building,30,CLS-03,Web Development,FAC-01,Saturday,24,1.5,0,0,92.96,22,24,18,0.27,1.31,1.84,6.52,75.0
2025-09-24,11-12,CR-03,Main Building,40,CLS-22,DBMS,FAC-20,Wednesday,11,1.0,0,1,89.43,10,21,2,0.93,1.29,0.68,6.96,36.73
2025-08-10,16-17,CR-06,IT Building,80,CLS-43,Python,FAC-30,Sunday,69,1.5,0,0,78.81,54,54,6,1.5,2.22,0.52,11.37,67.5
2025-06-23,16-17,CR-19,Main Building,30,CLS-15,Statistics,FAC-09,Monday,6,1.5,1,0,79.9,5,15,24,0.41,0.34,0.12,1.38,5.89
2025-11-26,10-11,CR-01,Main Building,30,CLS-48,Machine Learning,FAC-21,Wednesday,24,1.0,1,0,78.8,19,10,5,0.91,0.5,0.05,1.33,19.36
2025-07-30,08-09,CR-06,IT Building,80,CLS-13,DBMS,FAC-07,Wednesday,24,1.0,0,0,72.69,17,69,14,1.44,1.94,0.37,9.36,37.5
2025-11-06,10-11,CR-02,Main Building,50,CLS-08,DBMS,FAC-12,Thursday,29,3.0,1,0,65.67,19,16,4,0.6,0.14,0.43,1.8,12.78
2025-07-11,15-16,CR-13,IT Building,40,CLS-01,Data Science,FAC-12,Friday,9,2.0,0,0,74.35,7,12,5,1.8,2.19,0.75,10.85,20.62
2025-12-13,10-11,CR-07,Main Building,30,CLS-05,Data Science,FAC-14,Saturday,9,1.5,0,0,74.54,7,12,22,1.67,2.1,1.05,9.86,27.5
2025-10-12,16-17,CR-17,Main Building,50,CLS-38,Statistics,FAC-11,Sunday,38,1.0,0,1,85.01,32,43,13,1.01,1.74,0.78,8.05,77.22
2025-09-17,10-11,CR-20,Main Building,60,CLS-29,Web Development,FAC-11,Wednesday,28,2.0,0,0,82.69,23,21,25,1.26,1.6,0.46,10.28,37.5
2025-08-15,14-15,CR-18,IT Building,40,CLS-30,Machine Learning,FAC-28,Friday,26,1.0,1,0,88.71,23,9,14,0.21,0.1,0.21,1.07,15.65
2025-10-15,09-10,CR-18,IT Building,40,CLS-31,Computer Networks,FAC-30,Wednesday,28,2.0,1,0,77.26,22,9,33,0.45,0.27,0.1,1.24,7.22
2025-07-30,10-11,CR-08,Main Building,30,CLS-04,Software Engineering,FAC-28,Wednesday,25,2.0,0,0,70.14,18,21,17,2.23,1.58,1.18,12.34,62.5
2025-06-22,13-14,CR-17,Main Building,50,CLS-35,Machine Learning,FAC-09,Sunday,26,1.0,0,0,83.29,22,18,2,0.95,1.56,0.47,6.47,42.0
2025-09-18,15-16,CR-07,Main Building,30,CLS-09,DBMS,FAC-23,Thursday,26,1.0,0,0,73.32,19,23,14,1.26,1.92,0.42,7.09,66.67
2025-06-19,14-15,CR-18,IT Building,40,CLS-06,Artificial Intelligence,FAC-15,Thursday,13,2.0,0,0,66.98,9,7,2,0.98,0.86,1.85,8.07,21.25
2025-12-13,08-09,CR-01,Main Building,30,CLS-50,Python,FAC-28,Saturday,6,1.0,0,0,82.61,5,28,23,0.43,0.51,1.26,5.07,35.83
2025-12-24,09-10,CR-03,Main Building,40,CLS-45,DBMS,FAC-16,Wednesday,38,3.0,0,0,76.12,29,29,3,1.86,1.6,0.49,12.69,72.5
2025-12-19,08-09,CR-05,Main Building,80,CLS-23,Artificial Intelligence,FAC-13,Friday,59,1.0,0,0,72.36,43,49,16,0.49,1.14,1.07,8.06,55.62
2025-07-11,09-10,CR-18,IT Building,40,CLS-10,Statistics,FAC-22,Friday,26,2.0,0,0,96.77,25,37,33,1.58,1.68,1.54,12.07,70.0
2025-12-14,09-10,CR-05,Main Building,80,CLS-12,Web Development,FAC-17,Sunday,55,3.0,0,0,95.62,53,60,30,2.53,1.63,0.9,18.98,68.44
2025-06-11,16-17,CR-14,IT Building,80,CLS-30,Python,FAC-02,Wednesday,54,1.0,0,0,89.55,48,43,24,0.88,0.6,1.15,7.69,58.44
2025-08-28,13-14,CR-03,Main Building,40,CLS-24,Software Engineering,FAC-09,Thursday,24,1.0,0,0,91.6,22,13,15,0.61,1.5,0.78,6.65,49.38
2025-09-14,10-11,CR-09,Science Building,40,CLS-33,DBMS,FAC-11,Sunday,19,2.0,0,0,94.15,18,25,10,1.37,1.28,1.95,10.19,49.38
2025-12-18,14-15,CR-02,Main Building,50,CLS-36,Python,FAC-21,Thursday,40,1.0,0,0,72.26,29,22,26,0.74,1.8,1.16,7.51,54.5
2025-11-02,16-17,CR-15,Main Building,30,CLS-40,Artificial Intelligence,FAC-26,Sunday,6,3.0,0,1,76.75,5,9,4,1.03,1.12,2.29,10.8,22.39
2025-08-08,08-09,CR-04,Science Building,30,CLS-26,Web Development,FAC-27,Friday,22,1.0,0,1,73.32,16,27,0,0.82,1.08,1.48,6.19,66.07
2025-12-05,12-13,CR-06,IT Building,80,CLS-36,Operating Systems,FAC-16,Friday,72,1.0,0,0,67.96,49,60,12,0.99,1.4,0.77,8.63,64.69
2025-10-14,09-10,CR-13,IT Building,40,CLS-18,DBMS,FAC-05,Tuesday,29,1.0,0,0,79.25,23,24,10,0.32,1.27,0.88,5.01,58.12
2025-10-12,12-13,CR-14,IT Building,80,CLS-20,Data Science,FAC-01,Sunday,31,1.5,1,0,73.3,23,59,33,0.17,0.48,0.43,1.78,9.17
2025-06-27,12-13,CR-09,Science Building,40,CLS-06,Operating Systems,FAC-28,Friday,9,3.0,0,0,72.61,7,30,10,1.15,1.23,1.6,11.02,31.88
2025-08-30,13-14,CR-10,Main Building,80,CLS-03,Data Science,FAC-13,Saturday,66,1.0,1,0,70.42,46,55,34,0.8,0.4,0.06,1.94,18.39
2025-08-15,11-12,CR-01,Main Building,30,CLS-43,Machine Learning,FAC-16,Friday,18,1.0,0,0,78.15,14,13,16,0.46,0.88,0.58,4.37,45.83
2025-10-26,16-17,CR-17,Main Building,50,CLS-02,DBMS,FAC-24,Sunday,16,1.0,0,1,96.28,15,39,33,0.41,1.96,0.54,7.56,45.07
2025-08-10,13-14,CR-05,Main Building,80,CLS-30,Statistics,FAC-27,Sunday,60,1.0,1,0,90.5,54,16,18,0.34,0.07,0.43,1.76,17.02
2025-06-15,12-13,CR-08,Main Building,30,CLS-14,DBMS,FAC-07,Sunday,17,1.0,0,0,83.69,14,22,10,0.84,1.24,1.17,5.83,53.33
2025-11-29,09-10,CR-13,IT Building,40,CLS-47,DBMS,FAC-26,Saturday,12,3.0,0,0,67.9,8,12,38,2.09,3.64,0.41,17.36,22.5
2025-09-25,16-17,CR-15,Main Building,30,CLS-47,Machine Learning,FAC-18,Thursday,7,2.0,0,0,79.43,6,22,2,1.16,0.84,1.39,7.58,33.33
2025-11-09,11-12,CR-16,IT Building,60,CLS-14,Data Science,FAC-13,Sunday,53,1.0,0,0,69.18,37,35,2,0.85,1.65,0.57,7.32,60.83
2025-12-03,09-10,CR-03,Main Building,40,CLS-49,Statistics,FAC-25,Wednesday,24,1.5,0,0,87.66,21,12,29,1.72,1.33,1.59,10.63,46.88
2025-10-07,14-15,CR-18,IT Building,40,CLS-47,Software Engineering,FAC-29,Tuesday,8,1.0,0,0,66.34,5,7,1,0.4,0.8,0.75,4.24,13.75
2025-10-29,09-10,CR-11,Main Building,80,CLS-50,Computer Networks,FAC-04,Wednesday,51,1.0,0,1,86.6,44,13,15,1.14,1.38,0.7,9.61,51.44
2025-08-25,15-16,CR-16,IT Building,60,CLS-17,Web Development,FAC-27,Monday,50,1.0,1,0,84.04,42,9,39,0.34,0.04,0.5,1.42,17.1
2025-09-09,13-14,CR-20,Main Building,60,CLS-23,Data Science,FAC-29,Tuesday,15,1.0,0,1,86.46,13,13,7,0.66,1.09,0.58,6.53,28.89
2025-11-11,12-13,CR-04,Science Building,30,CLS-35,Web Development,FAC-08,Tuesday,13,1.5,0,0,76.32,10,14,26,0.97,1.94,1.15,9.07,36.67
2025-06-07,10-11,CR-14,IT Building,80,CLS-13,Data Science,FAC-27,Saturday,62,1.0,0,1,95.37,59,76,9,0.31,1.36,1.32,7.79,81.5
2025-09-24,12-13,CR-11,Main Building,80,CLS-22,Computer Networks,FAC-03,Wednesday,21,1.0,0,0,72.98,15,28,33,1.35,0.53,1.17,8.88,22.81
2025-10-16,14-15,CR-02,Main Building,50,CLS-24,Python,FAC-25,Thursday,31,1.0,0,0,79.49,25,34,27,0.31,1.88,0.84,6.78,54.5
2025-12-20,08-09,CR-17,Main Building,50,CLS-45,Machine Learning,FAC-04,Saturday,18,1.5,0,0,65.96,12,19,3,1.46,1.46,0.47,8.96,27.5
2025-10-12,11-12,CR-12,IT Building,80,CLS-25,Computer Networks,FAC-29,Sunday,54,1.0,0,0,81.69,44,31,29,1.27,1.79,1.02,10.32,50.94
2025-06-19,13-14,CR-07,Main Building,30,CLS-07,Data Science,FAC-25,Thursday,12,1.0,0,0,65.42,8,5,26,1.12,1.13,0.96,6.69,24.17
2025-09-19,16-17,CR-18,IT Building,40,CLS-12,Computer Networks,FAC-19,Friday,11,1.5,1,0,95.26,10,33,35,0.13,0.34,0.0,1.5,11.55
2025-07-07,11-12,CR-17,Main Building,50,CLS-17,Web Development,FAC-24,Monday,12,1.0,0,0,95.51,11,42,0,0.39,0.64,0.67,4.12,37.5
2025-12-21,16-17,CR-15,Main Building,30,CLS-50,DBMS,FAC-11,Sunday,15,1.0,0,1,84.31,13,27,28,0.8,0.55,0.65,6.11,60.17
2025-09-13,08-09,CR-07,Main Building,30,CLS-15,Artificial Intelligence,FAC-20,Saturday,9,1.0,0,0,91.74,8,18,22,1.11,1.59,1.12,7.11,35.0
2025-11-25,08-09,CR-20,Main Building,60,CLS-04,Software Engineering,FAC-12,Tuesday,48,2.0,1,0,73.99,36,27,18,0.83,0.49,0.25,1.98,15.31
2025-06-05,15-16,CR-09,Science Building,40,CLS-38,Data Science,FAC-13,Thursday,32,2.0,1,1,65.32,21,32,39,0.14,0.16,0.29,1.78,13.79
2025-12-17,12-13,CR-18,IT Building,40,CLS-42,Statistics,FAC-25,Wednesday,27,2.0,1,0,90.76,25,11,33,0.76,0.3,0.31,1.8,10.14
2025-10-16,13-14,CR-19,Main Building,30,CLS-25,Statistics,FAC-08,Thursday,10,1.0,0,0,86.05,9,13,0,1.04,1.33,1.48,6.59,33.33
2025-12-15,16-17,CR-10,Main Building,80,CLS-37,Statistics,FAC-26,Monday,70,1.0,0,0,93.79,66,25,11,0.52,0.63,0.85,7.19,69.69
2025-12-17,11-12,CR-10,Main Building,80,CLS-50,Data Science,FAC-25,Wednesday,43,1.5,0,1,81.96,35,19,26,1.7,1.39,1.25,12.6,44.48
2025-06-06,16-17,CR-16,IT Building,60,CLS-10,Computer Networks,FAC-21,Friday,19,1.5,0,0,85.3,16,50,28,1.7,0.82,1.29,10.35,40.83
2025-07-15,11-12,CR-10,Main Building,80,CLS-36,DBMS,FAC-17,Tuesday,54,1.0,0,1,84.59,46,58,15,0.46,0.69,1.48,7.38,68.64
2025-10-12,10-11,CR-18,IT Building,40,CLS-49,Python,FAC-27,Sunday,34,1.0,0,0,70.65,24,32,7,1.08,1.41,1.05,7.06,65.0
2025-07-07,14-15,CR-11,Main Building,80,CLS-02,Software Engineering,FAC-26,Monday,70,3.0,0,0,67.9,48,57,34,2.71,1.86,1.11,20.08,62.81
2025-11-21,10-11,CR-14,IT Building,80,CLS-43,Web Development,FAC-03,Friday,66,2.0,0,1,93.5,62,60,22,2.34,1.26,2.19,16.85,81.32
2025-06-19,11-12,CR-01,Main Building,30,CLS-36,Operating Systems,FAC-26,Thursday,19,1.0,1,0,90.79,17,28,6,0.93,0.12,0.29,1.4,22.53
2025-08-20,13-14,CR-04,Science Building,30,CLS-17,DBMS,FAC-25,Wednesday,14,1.5,0,0,65.18,9,11,18,1.24,1.18,0.81,7.72,31.67
2025-12-21,12-13,CR-17,Main Building,50,CLS-18,Python,FAC-28,Sunday,11,3.0,0,0,86.28,9,21,0,2.59,2.63,2.6,18.05,24.0
2025-06-02,16-17,CR-14,IT Building,80,CLS-39,Computer Networks,FAC-30,Monday,72,1.5,0,0,79.87,58,26,24,0.27,1.61,1.41,8.64,62.5
2025-10-07,11-12,CR-03,Main Building,40,CLS-06,DBMS,FAC-27,Tuesday,27,1.0,0,0,84.53,23,10,24,1.17,1.36,0.33,7.45,49.37
2025-10-14,08-09,CR-20,Main Building,60,CLS-42,Web Development,FAC-03,Tuesday,30,2.0,0,0,74.07,22,56,20,0.43,1.57,1.5,8.57,50.83
2025-06-14,15-16,CR-14,IT Building,80,CLS-50,Data Science,FAC-28,Saturday,56,2.0,0,1,75.85,42,68,26,1.87,2.11,1.0,15.73,66.39
2025-06-13,13-14,CR-08,Main Building,30,CLS-41,Web Development,FAC-09,Friday,6,1.5,0,0,86.04,5,23,9,1.22,0.52,1.47,7.46,31.67
2025-09-09,10-11,CR-02,Main Building,50,CLS-46,Operating Systems,FAC-29,Tuesday,18,2.0,0,0,77.41,14,15,38,2.37,2.54,1.57,15.17,28.5
2025-07-06,13-14,CR-01,Main Building,30,CLS-36,Machine Learning,FAC-24,Sunday,21,2.0,1,0,76.23,16,16,29,0.48,0.15,0.26,1.3,6.1
2025-07-12,09-10,CR-09,Science Building,40,CLS-02,Computer Networks,FAC-30,Saturday,24,2.0,0,0,70.46,17,10,12,2.45,0.77,2.35,13.1,38.12
2025-07-21,11-12,CR-15,Main Building,30,CLS-15,Machine Learning,FAC-30,Monday,10,1.0,0,0,88.92,9,10,11,0.8,1.45,0.68,6.06,30.83
2025-09-11,09-10,CR-15,Main Building,30,CLS-35,Machine Learning,FAC-15,Thursday,6,1.0,0,0,74.94,4,6,19,0.97,1.25,0.97,6.22,15.0
2025-07-12,08-09,CR-13,IT Building,40,CLS-08,DBMS,FAC-25,Saturday,21,1.0,0,0,67.77,14,14,29,0.32,0.88,0.34,4.85,35.0
2025-10-05,16-17,CR-19,Main Building,30,CLS-23,Computer Networks,FAC-04,Sunday,12,1.0,0,0,68.42,8,25,17,1.27,0.56,1.07,6.8,40.83
2025-08-15,12-13,CR-09,Science Building,40,CLS-38,Python,FAC-24,Friday,38,1.0,0,0,81.0,31,9,9,0.63,1.28,0.73,5.95,63.75
2025-09-10,12-13,CR-17,Main Building,50,CLS-03,Machine Learning,FAC-14,Wednesday,27,1.0,0,0,83.62,23,35,13,0.39,2.0,0.78,6.65,52.0
2025-11-22,12-13,CR-04,Science Building,30,CLS-26,Operating Systems,FAC-18,Saturday,9,1.0,0,0,77.01,7,25,16,1.29,1.18,1.15,6.91,38.33
2025-07-14,10-11,CR-03,Main Building,40,CLS-01,Data Science,FAC-21,Monday,10,1.5,0,1,68.55,7,17,6,1.73,1.97,0.62,10.03,29.52
2025-08-06,16-17,CR-14,IT Building,80,CLS-11,Statistics,FAC-18,Wednesday,37,2.0,0,1,97.21,36,68,14,0.83,1.64,0.32,10.17,61.55
2025-12-29,11-12,CR-18,IT Building,40,CLS-16,Machine Learning,FAC-28,Monday,24,1.0,0,0,78.11,19,32,1,0.96,1.93,0.9,6.91,55.62
2025-08-26,11-12,CR-19,Main Building,30,CLS-49,Operating Systems,FAC-24,Tuesday,6,1.5,1,1,66.35,4,21,23,0.32,0.29,0.48,1.57,7.36
2025-07-01,15-16,CR-16,IT Building,60,CLS-45,Python,FAC-13,Tuesday,43,1.0,0,1,93.35,40,18,0,0.54,0.83,0.5,5.94,61.69
2025-06-01,14-15,CR-18,IT Building,40,CLS-10,Machine Learning,FAC-22,Sunday,34,1.0,0,0,81.64,28,28,20,0.83,0.88,0.88,6.91,70.0
2025-11-20,10-11,CR-03,Main Building,40,CLS-26,Artificial Intelligence,FAC-01,Thursday,32,1.0,0,0,66.01,21,12,16,0.41,1.83,1.19,6.56,46.88
2025-09-12,10-11,CR-03,Main Building,40,CLS-34,Data Science,FAC-03,Friday,26,1.0,0,1,77.21,20,31,29,1.18,1.68,1.2,8.35,63.4
2025-06-11,16-17,CR-19,Main Building,30,CLS-35,Web Development,FAC-08,Wednesday,19,2.0,0,1,88.85,17,13,25,0.71,1.34,1.31,9.18,58.61
2025-06-05,10-11,CR-05,Main Building,80,CLS-03,Artificial Intelligence,FAC-26,Thursday,18,2.0,1,0,75.87,14,67,38,0.14,0.2,0.49,1.56,10.73
2025-08-04,16-17,CR-10,Main Building,80,CLS-42,Data Science,FAC-10,Monday,72,2.0,0,1,72.45,52,20,5,1.63,1.58,0.41,13.66,58.7
2025-09-24,16-17,CR-17,Main Building,50,CLS-30,Python,FAC-23,Wednesday,38,1.0,0,0,81.94,31,22,34,1.34,0.93,0.36,8.2,57.5
2025-09-11,15-16,CR-13,IT Building,40,CLS-31,DBMS,FAC-18,Thursday,32,2.0,0,0,95.91,31,34,17,1.1,1.94,2.03,11.0,79.38
2025-09-06,09-10,CR-20,Main Building,60,CLS-05,Operating Systems,FAC-16,Saturday,51,2.0,0,0,69.47,35,43,9,0.91,0.86,2.08,9.6,61.67
2025-11-07,14-15,CR-17,Main Building,50,CLS-32,Data Science,FAC-27,Friday,18,1.0,0,1,72.35,13,19,31,1.15,1.91,0.91,8.62,36.97
2025-06-10,16-17,CR-11,Main Building,80,CLS-44,Software Engineering,FAC-01,Tuesday,41,2.0,0,0,75.75,31,59,3,1.32,2.01,2.47,13.08,47.5
2025-11-26,12-13,CR-01,Main Building,30,CLS-43,Artificial Intelligence,FAC-25,Wednesday,18,1.5,1,1,95.95,17,14,21,0.86,0.44,0.23,1.82,6.57
2025-11-20,09-10,CR-06,IT Building,80,CLS-18,Software Engineering,FAC-06,Thursday,65,2.0,0,0,77.97,51,46,16,2.41,1.54,1.6,15.6,62.19
2025-07-17,16-17,CR-13,IT Building,40,CLS-30,Statistics,FAC-13,Thursday,14,1.0,0,1,88.42,12,24,11,1.44,0.87,1.18,7.57,43.33
2025-11-10,10-11,CR-18,IT Building,40,CLS-48,Statistics,FAC-28,Monday,16,3.0,0,0,90.63,15,18,34,1.77,2.81,1.14,15.8,39.38
2025-10-25,09-10,CR-11,Main Building,80,CLS-26,Data Science,FAC-09,Saturday,21,2.0,1,0,80.88,17,35,34,0.62,0.2,0.1,1.99,8.83
2025-12-02,15-16,CR-06,IT Building,80,CLS-22,Computer Networks,FAC-06,Tuesday,52,1.0,0,1,89.22,46,40,14,0.76,1.03,0.76,8.33,59.68
2025-11-03,13-14,CR-04,Science Building,30,CLS-15,Software Engineering,FAC-04,Monday,23,2.0,0,0,78.5,18,15,0,1.47,1.86,1.37,9.88,57.5
2025-11-13,15-16,CR-17,Main Building,50,CLS-17,Computer Networks,FAC-28,Thursday,45,1.0,0,1,70.58,32,27,31,0.41,1.9,1.01,7.68,68.14
2025-08-13,12-13,CR-08,Main Building,30,CLS-01,DBMS,FAC-10,Wednesday,26,2.0,0,1,86.76,23,22,2,1.15,2.77,1.69,10.98,83.39
2025-06-29,15-16,CR-20,Main Building,60,CLS-31,Data Science,FAC-02,Sunday,24,2.0,1,0,96.68,23,46,15,0.82,0.43,0.09,2.15,8.66
2025-06-10,09-10,CR-12,IT Building,80,CLS-14,Computer Networks,FAC-10,Tuesday,21,1.0,0,0,73.94,16,25,20,0.61,0.91,1.32,6.93,22.81
2025-12-29,13-14,CR-07,Main Building,30,CLS-07,DBMS,FAC-24,Monday,11,1.0,0,0,72.65,8,17,15,1.25,1.34,0.26,6.49,34.17
2025-12-04,16-17,CR-04,Science Building,30,CLS-16,Computer Networks,FAC-15,Thursday,16,1.0,0,1,79.17,13,12,30,0.76,0.67,1.1,6.91,49.58
2025-11-26,09-10,CR-10,Main Building,80,CLS-50,Machine Learning,FAC-02,Wednesday,65,1.0,0,0,89.04,58,61,39,0.25,1.93,1.27,8.83,73.44
2025-10-14,09-10,CR-19,Main Building,30,CLS-34,Operating Systems,FAC-18,Tuesday,7,2.0,1,0,94.83,7,28,15,0.02,0.47,0.4,1.2,4.17
2025-09-01,10-11,CR-08,Main Building,30,CLS-33,Software Engineering,FAC-18,Monday,17,1.5,0,0,96.21,16,14,17,1.03,1.7,1.08,8.47,51.67
2025-12-25,14-15,CR-14,IT Building,80,CLS-04,Artificial Intelligence,FAC-28,Thursday,65,2.0,0,0,95.78,62,69,34,0.42,1.75,1.8,11.3,79.69
2025-09-22,12-13,CR-10,Main Building,80,CLS-11,Data Science,FAC-16,Monday,61,1.0,0,0,94.99,58,47,34,1.43,0.6,0.75,9.9,69.06
2025-11-09,13-14,CR-19,Main Building,30,CLS-28,Artificial Intelligence,FAC-26,Sunday,16,3.0,1,1,65.77,11,13,5,0.33,0.27,0.46,1.52,8.29
2025-11-05,09-10,CR-03,Main Building,40,CLS-45,Computer Networks,FAC-11,Wednesday,8,1.0,0,0,82.56,7,8,9,0.58,1.85,1.41,6.05,18.12
2025-12-23,12-13,CR-12,IT Building,80,CLS-41,DBMS,FAC-19,Tuesday,57,1.0,0,0,78.29,45,28,7,1.36,1.08,1.17,8.77,50.94
2025-12-22,13-14,CR-11,Main Building,80,CLS-05,DBMS,FAC-01,Monday,36,1.0,0,0,95.62,34,38,40,0.82,1.6,0.71,8.74,43.75
2025-11-10,14-15,CR-18,IT Building,40,CLS-48,Data Science,FAC-22,Monday,11,1.0,0,0,65.62,7,30,24,0.38,1.24,1.11,6.04,31.88
2025-10-29,15-16,CR-05,Main Building,80,CLS-32,DBMS,FAC-14,Wednesday,44,2.0,0,0,88.05,39,64,9,1.83,1.73,2.31,13.61,56.56
2025-12-09,08-09,CR-05,Main Building,80,CLS-24,Software Engineering,FAC-24,Tuesday,61,1.0,0,0,81.14,49,38,4,0.81,0.8,0.63,7.27,57.81
2025-10-13,11-12,CR-06,IT Building,80,CLS-46,Software Engineering,FAC-26,Monday,68,1.0,1,0,73.2,50,36,4,0.3,0.39,0.16,1.3,8.01
2025-11-03,10-11,CR-01,Main Building,30,CLS-41,Web Development,FAC-20,Monday,8,1.0,0,0,72.99,6,6,16,0.46,1.66,0.41,5.35,20.0
2025-08-02,14-15,CR-09,Science Building,40,CLS-32,Data Science,FAC-07,Saturday,30,2.0,0,0,87.68,26,7,34,1.67,2.53,0.35,11.54,53.12
2025-07-13,15-16,CR-13,IT Building,40,CLS-34,Machine Learning,FAC-22,Sunday,22,1.0,0,0,74.78,16,36,29,0.6,0.72,0.61,5.93,52.5
2025-08-22,12-13,CR-12,IT Building,80,CLS-36,Web Development,FAC-16,Friday,24,1.5,0,1,86.9,21,16,20,0.92,1.94,0.84,9.73,27.54
2025-06-24,16-17,CR-15,Main Building,30,CLS-25,Software Engineering,FAC-08,Tuesday,9,1.5,0,1,74.58,7,9,22,1.2,0.55,0.39,7.69,29.64
2025-07-01,15-16,CR-06,IT Building,80,CLS-05,Operating Systems,FAC-22,Tuesday,29,1.0,0,0,88.81,26,35,1,0.36,1.77,1.17,6.64,35.31
2025-08-23,10-11,CR-06,IT Building,80,CLS-10,Statistics,FAC-19,Saturday,74,2.0,0,0,85.16,63,33,6,2.1,1.51,0.75,14.51,69.38
2025-12-05,14-15,CR-11,Main Building,80,CLS-43,Statistics,FAC-03,Friday,56,1.0,0,1,82.76,46,30,15,0.96,1.92,1.38,10.13,59.88
2025-08-23,13-14,CR-08,Main Building,30,CLS-37,Software Engineering,FAC-07,Saturday,16,2.0,0,0,93.9,15,17,3,2.05,2.86,0.47,11.77,51.67
2025-10-04,15-16,CR-16,IT Building,60,CLS-15,Data Science,FAC-26,Saturday,37,1.0,0,0,92.94,34,45,21,0.88,1.62,0.42,7.15,61.25
2025-08-06,12-13,CR-19,Main Building,30,CLS-50,Operating Systems,FAC-20,Wednesday,28,2.0,0,0,73.33,21,18,19,1.9,0.91,1.04,10.61,67.5
2025-12-29,15-16,CR-01,Main Building,30,CLS-12,Statistics,FAC-06,Monday,20,1.0,0,0,88.37,18,14,7,0.71,1.33,0.37,5.08,56.67
2025-11-18,15-16,CR-17,Main Building,50,CLS-32,Machine Learning,FAC-07,Tuesday,41,2.0,0,0,91.57,38,44,35,1.08,2.12,1.88,12.09,79.0
2025-10-11,11-12,CR-05,Main Building,80,CLS-10,Python,FAC-26,Saturday,59,3.0,0,0,85.34,50,58,25,1.43,1.14,2.84,16.29,65.0
2025-12-04,08-09,CR-18,IT Building,40,CLS-13,Data Science,FAC-02,Thursday,36,1.0,0,1,89.92,32,37,38,0.51,1.01,1.26,7.67,89.99
2025-11-23,15-16,CR-17,Main Building,50,CLS-33,Software Engineering,FAC-28,Sunday,46,1.5,0,0,79.56,37,30,32,1.5,1.27,0.62,10.41,70.5
2025-08-31,10-11,CR-08,Main Building,30,CLS-41,Software Engineering,FAC-13,Sunday,7,3.0,0,0,85.88,6,4,8,2.93,1.59,1.52,16.6,18.33
2025-08-17,11-12,CR-13,IT Building,40,CLS-42,Machine Learning,FAC-27,Sunday,26,3.0,0,0,92.83,24,13,29,2.34,0.7,3.0,17.28,53.12
2025-06-18,13-14,CR-06,IT Building,80,CLS-14,Statistics,FAC-29,Wednesday,75,3.0,0,0,89.83,67,31,36,2.63,2.78,2.6,22.99,72.5
2025-07-13,13-14,CR-01,Main Building,30,CLS-06,Web Development,FAC-07,Sunday,21,1.0,1,1,93.92,20,10,1,0.2,0.04,0.39,0.63,10.17
2025-06-02,14-15,CR-16,IT Building,60,CLS-06,DBMS,FAC-22,Monday,49,1.5,0,1,92.57,45,16,9,0.53,2.21,1.45,9.68,67.3
2025-11-10,10-11,CR-05,Main Building,80,CLS-08,DBMS,FAC-06,Monday,23,3.0,1,0,78.84,18,64,29,0.19,0.14,0.25,2.01,12.01
2025-07-06,08-09,CR-04,Science Building,30,CLS-39,Machine Learning,FAC-04,Sunday,9,1.5,0,0,82.53,7,8,29,1.66,2.08,1.27,10.2,24.17
2025-07-17,08-09,CR-04,Science Building,30,CLS-40,Python,FAC-15,Thursday,10,2.0,0,1,66.65,7,28,14,2.22,0.69,0.81,11.68,48.43
2025-07-21,11-12,CR-02,Main Building,50,CLS-19,Statistics,FAC-07,Monday,37,1.5,0,0,87.95,33,41,0,0.97,2.25,0.77,7.98,70.0
2025-11-17,10-11,CR-15,Main Building,30,CLS-42,Web Development,FAC-25,Monday,22,1.0,0,0,82.65,18,9,3,1.35,1.87,0.58,7.56,52.5
2025-06-24,12-13,CR-01,Main Building,30,CLS-36,Computer Networks,FAC-21,Tuesday,22,1.0,0,0,80.25,18,22,21,0.94,1.92,1.5,7.78,63.33
2025-08-23,10-11,CR-05,Main Building,80,CLS-39,Web Development,FAC-13,Saturday,24,1.0,0,0,77.48,19,58,22,0.26,0.51,0.83,5.65,35.94
2025-12-02,14-15,CR-03,Main Building,40,CLS-48,Python,FAC-26,Tuesday,37,1.0,1,1,81.12,30,28,8,0.02,0.34,0.15,0.51,22.12
2025-12-28,08-09,CR-04,Science Building,30,CLS-15,Operating Systems,FAC-04,Sunday,10,1.0,0,0,70.52,7,15,17,0.76,0.85,0.92,5.76,30.0
2025-08-23,16-17,CR-12,IT Building,80,CLS-25,Web Development,FAC-25,Saturday,75,1.0,0,0,71.56,54,45,4,0.89,0.74,1.09,7.78,64.69
2025-12-08,10-11,CR-01,Main Building,30,CLS-10,Operating Systems,FAC-30,Monday,7,1.5,0,0,80.44,6,23,5,0.37,1.7,0.71,5.53,34.17
2025-10-01,11-12,CR-18,IT Building,40,CLS-32,Web Development,FAC-02,Wednesday,13,2.0,0,0,82.41,11,34,5,1.41,2.81,1.49,10.62,41.88
2025-09-19,14-15,CR-19,Main Building,30,CLS-02,Computer Networks,FAC-08,Friday,10,1.0,0,1,96.32,10,24,30,1.22,0.93,1.31,8.36,52.41
2025-08-27,13-14,CR-09,Science Building,40,CLS-11,Python,FAC-08,Wednesday,30,2.0,0,0,79.27,24,21,3,2.11,2.56,0.67,12.16,58.12
2025-07-02,08-09,CR-20,Main Building,60,CLS-24,Computer Networks,FAC-16,Wednesday,48,3.0,1,0,74.82,36,32,27,0.3,0.36,0.11,2.33,21.46
2025-08-18,09-10,CR-12,IT Building,80,CLS-29,Statistics,FAC-22,Monday,65,1.0,0,0,65.03,42,66,11,1.14,0.76,0.38,7.94,60.0
2025-08-03,12-13,CR-16,IT Building,60,CLS-07,Data Science,FAC-27,Sunday,28,1.5,0,0,80.7,23,16,2,0.33,2.44,1.5,7.37,35.42
2025-10-21,08-09,CR-04,Science Building,30,CLS-33,Machine Learning,FAC-02,Tuesday,12,1.0,1,0,75.67,9,21,7,0.32,0.22,0.31,0.79,5.2
2025-09-11,12-13,CR-03,Main Building,40,CLS-32,Data Science,FAC-14,Thursday,24,1.0,0,0,93.36,22,12,23,0.57,1.07,1.34,6.26,48.75
2025-09-23,09-10,CR-05,Main Building,80,CLS-38,Python,FAC-28,Tuesday,62,1.0,0,0,86.88,54,71,5,0.68,1.53,0.27,7.35,72.81
2025-07-21,16-17,CR-02,Main Building,50,CLS-27,Operating Systems,FAC-04,Monday,25,1.0,0,0,91.84,23,28,5,1.44,1.89,1.39,9.02,48.5
2025-06-13,12-13,CR-12,IT Building,80,CLS-34,Web Development,FAC-16,Friday,35,1.0,0,0,81.9,29,26,12,0.7,1.2,1.11,7.36,35.31
2025-06-07,08-09,CR-19,Main Building,30,CLS-28,Data Science,FAC-12,Saturday,23,3.0,0,0,95.3,22,18,13,2.49,3.93,2.67,19.64,70.0
2025-11-28,14-15,CR-20,Main Building,60,CLS-17,Operating Systems,FAC-01,Friday,25,1.0,0,0,74.24,19,30,12,0.38,0.67,0.61,5.62,36.25
2025-11-19,11-12,CR-20,Main Building,60,CLS-26,Data Science,FAC-27,Wednesday,40,1.0,0,0,94.68,38,36,9,1.03,0.51,0.48,6.81,62.5
2025-06-21,13-14,CR-19,Main Building,30,CLS-05,Software Engineering,FAC-08,Saturday,10,2.0,0,0,68.29,7,5,1,1.07,1.75,0.35,7.4,21.67
2025-08-08,14-15,CR-14,IT Building,80,CLS-28,Machine Learning,FAC-10,Friday,37,2.0,0,0,86.35,32,20,7,1.29,1.74,1.21,11.21,36.25
2025-06-13,15-16,CR-19,Main Building,30,CLS-32,Operating Systems,FAC-04,Friday,14,1.0,0,0,96.55,14,22,7,0.52,1.27,1.17,5.5,53.33
2025-10-18,16-17,CR-03,Main Building,40,CLS-46,Statistics,FAC-25,Saturday,30,3.0,1,0,77.47,23,6,20,0.46,0.04,0.3,1.77,8.19
2025-11-29,09-10,CR-11,Main Building,80,CLS-12,Python,FAC-09,Saturday,55,2.0,0,0,74.51,41,50,38,0.61,1.86,1.45,11.58,54.06
2025-12-28,15-16,CR-13,IT Building,40,CLS-39,Software Engineering,FAC-16,Sunday,28,1.0,1,0,85.58,24,18,29,0.19,0.23,0.36,1.02,15.59
2025-11-23,09-10,CR-14,IT Building,80,CLS-25,Statistics,FAC-18,Sunday,63,1.0,0,0,82.47,52,60,6,0.74,0.98,1.01,7.61,67.5
2025-07-09,11-12,CR-16,IT Building,60,CLS-19,Python,FAC-16,Wednesday,42,2.0,0,0,67.47,28,23,11,1.29,2.73,0.46,11.54,44.58
2025-12-13,13-14,CR-14,IT Building,80,CLS-12,DBMS,FAC-24,Saturday,60,2.0,1,1,97.63,59,49,37,0.95,0.04,0.47,2.95,10.2
2025-11-04,15-16,CR-01,Main Building,30,CLS-05,Web Development,FAC-06,Tuesday,19,3.0,1,0,78.81,15,4,6,0.44,0.32,0.39,1.38,9.81
2025-10-10,15-16,CR-18,IT Building,40,CLS-11,Machine Learning,FAC-03,Friday,21,1.0,0,0,66.12,14,22,6,0.99,0.78,0.68,5.89,40.0
2025-10-18,09-10,CR-08,Main Building,30,CLS-24,Statistics,FAC-19,Saturday,22,2.0,0,1,76.03,17,18,28,0.49,0.86,0.33,6.61,60.38
2025-06-29,09-10,CR-15,Main Building,30,CLS-02,Software Engineering,FAC-17,Sunday,26,2.0,0,1,80.52,21,4,26,2.4,0.79,2.38,14.6,62.76
2025-06-19,16-17,CR-13,IT Building,40,CLS-17,Web Development,FAC-18,Thursday,12,1.0,0,0,86.29,10,28,33,1.28,0.66,0.88,7.78,36.25
2025-10-10,11-12,CR-19,Main Building,30,CLS-29,Software Engineering,FAC-12,Friday,20,1.0,0,0,88.0,18,5,25,0.98,1.75,0.34,7.03,49.17
2025-06-07,12-13,CR-18,IT Building,40,CLS-03,Computer Networks,FAC-16,Saturday,18,1.5,1,0,77.51,14,17,12,0.34,0.31,0.45,1.66,7.89
2025-06-22,12-13,CR-20,Main Building,60,CLS-26,Machine Learning,FAC-25,Sunday,53,2.0,0,0,81.37,43,41,31,2.11,1.51,0.48,13.21,70.83
2025-11-20,12-13,CR-06,IT Building,80,CLS-39,Computer Networks,FAC-18,Thursday,73,2.0,0,0,88.69,65,62,37,1.92,0.63,0.75,13.45,80.31
2025-11-19,15-16,CR-02,Main Building,50,CLS-18,Python,FAC-19,Wednesday,32,1.0,1,0,74.05,24,23,5,0.55,0.07,0.07,1.04,16.01
2025-09-17,09-10,CR-12,IT Building,80,CLS-28,Python,FAC-16,Wednesday,73,2.0,1,0,76.74,56,34,31,0.79,0.26,0.06,2.06,11.69
2025-12-24,16-17,CR-18,IT Building,40,CLS-15,Artificial Intelligence,FAC-24,Wednesday,20,1.0,0,0,89.39,18,31,11,0.75,0.89,0.72,5.2,53.12
2025-08-14,08-09,CR-20,Main Building,60,CLS-27,Web Development,FAC-27,Thursday,51,1.5,0,1,72.98,37,24,16,0.95,0.54,1.6,9.3,63.86
2025-09-18,08-09,CR-09,Science Building,40,CLS-29,Software Engineering,FAC-10,Thursday,12,1.0,0,0,70.64,8,15,35,0.3,1.48,1.22,6.21,24.38
2025-08-26,09-10,CR-13,IT Building,40,CLS-10,Data Science,FAC-30,Tuesday,19,2.0,0,0,71.78,14,23,34,1.91,2.25,0.8,13.11,40.62
2025-10-18,10-11,CR-01,Main Building,30,CLS-33,Statistics,FAC-26,Saturday,13,1.0,0,0,94.81,12,21,22,0.38,1.97,1.33,6.26,47.5
2025-10-07,11-12,CR-20,Main Building,60,CLS-03,Computer Networks,FAC-05,Tuesday,28,1.5,0,0,88.84,25,57,33,0.58,1.38,0.38,7.88,55.0
2025-09-22,09-10,CR-14,IT Building,80,CLS-02,Statistics,FAC-27,Monday,20,1.0,0,0,77.86,16,39,7,1.18,1.08,0.66,7.91,27.19
2025-10-29,11-12,CR-12,IT Building,80,CLS-43,Statistics,FAC-21,Wednesday,68,1.0,0,0,66.57,45,25,14,0.73,0.74,1.12,7.85,50.0
2025-07-25,15-16,CR-14,IT Building,80,CLS-01,Artificial Intelligence,FAC-06,Friday,31,1.0,0,0,68.49,21,24,25,1.08,0.93,0.5,7.96,27.19
2025-08-25,08-09,CR-06,IT Building,80,CLS-24,Web Development,FAC-25,Monday,35,1.5,0,0,80.96,28,27,39,1.13,1.14,0.48,9.98,34.69
2025-06-25,14-15,CR-11,Main Building,80,CLS-42,Python,FAC-28,Wednesday,28,2.0,0,0,77.42,22,15,36,1.76,2.46,1.44,14.26,25.31
2025-09-15,14-15,CR-03,Main Building,40,CLS-31,Operating Systems,FAC-29,Monday,37,2.0,0,1,74.48,28,14,16,0.61,1.12,0.76,8.36,66.82
2025-10-25,16-17,CR-02,Main Building,50,CLS-35,Software Engineering,FAC-30,Saturday,10,3.0,0,0,82.14,8,42,9,1.8,3.81,0.79,15.92,33.0
2025-06-25,12-13,CR-03,Main Building,40,CLS-29,Web Development,FAC-14,Wednesday,24,3.0,0,0,83.49,20,26,39,0.95,1.42,0.36,11.28,53.75
2025-07-18,14-15,CR-13,IT Building,40,CLS-17,Software Engineering,FAC-14,Friday,27,2.0,0,1,75.08,20,21,37,1.93,0.62,0.74,12.62,55.0
2025-11-06,16-17,CR-15,Main Building,30,CLS-20,Software Engineering,FAC-13,Thursday,24,1.0,1,0,80.03,19,14,10,0.7,0.19,0.08,1.29,16.36
2025-08-20,08-09,CR-04,Science Building,30,CLS-08,Statistics,FAC-05,Wednesday,25,2.0,0,0,78.14,20,25,24,1.55,2.87,0.4,10.97,70.83
2025-10-01,13-14,CR-08,Main Building,30,CLS-45,Computer Networks,FAC-29,Wednesday,28,1.0,0,0,81.77,23,6,15,0.28,0.97,1.27,5.16,62.5
2025-06-21,14-15,CR-02,Main Building,50,CLS-15,Statistics,FAC-18,Saturday,45,3.0,0,0,83.28,37,33,20,1.49,1.5,1.07,13.9,72.0
2025-08-03,14-15,CR-05,Main Building,80,CLS-07,Software Engineering,FAC-19,Sunday,32,1.0,0,1,96.92,31,19,24,0.8,1.09,1.31,8.58,39.91
2025-06-13,08-09,CR-20,Main Building,60,CLS-42,Statistics,FAC-10,Friday,20,1.0,0,1,79.09,16,25,11,0.94,0.85,1.18,7.8,32.7
2025-09-05,14-15,CR-09,Science Building,40,CLS-48,Software Engineering,FAC-20,Friday,21,1.5,0,0,90.76,19,9,20,0.63,1.93,1.65,8.13,41.25
2025-12-20,14-15,CR-09,Science Building,40,CLS-11,Python,FAC-27,Saturday,33,1.0,0,0,76.42,25,29,31,0.47,0.5,0.81,5.99,65.0
2025-12-11,15-16,CR-11,Main Building,80,CLS-35,Python,FAC-19,Thursday,44,3.0,0,0,71.21,31,40,12,2.61,1.4,0.87,17.19,41.56
2025-12-18,16-17,CR-20,Main Building,60,CLS-02,Computer Networks,FAC-05,Thursday,27,3.0,0,0,80.86,22,34,24,1.62,1.25,1.0,13.92,41.67
2025-12-18,10-11,CR-06,IT Building,80,CLS-50,Computer Networks,FAC-11,Thursday,60,1.0,0,0,90.41,54,62,40,0.83,1.57,1.17,9.26,70.0
2025-08-25,13-14,CR-08,Main Building,30,CLS-04,Python,FAC-23,Monday,27,1.5,0,0,69.56,19,7,5,1.94,2.14,0.61,10.02,53.33
2025-07-09,12-13,CR-06,IT Building,80,CLS-49,Operating Systems,FAC-14,Wednesday,72,1.5,1,0,69.57,50,51,25,0.75,0.23,0.39,2.04,8.81
2025-08-20,09-10,CR-13,IT Building,40,CLS-02,Machine Learning,FAC-03,Wednesday,13,1.0,1,0,89.63,12,11,23,0.6,0.34,0.01,1.47,10.96
2025-10-07,12-13,CR-18,IT Building,40,CLS-34,Computer Networks,FAC-02,Tuesday,8,3.0,0,0,65.31,5,12,30,0.34,3.48,2.13,11.95,16.88
2025-10-29,16-17,CR-13,IT Building,40,CLS-31,Operating Systems,FAC-18,Wednesday,12,1.0,0,0,73.76,9,28,28,1.11,1.69,0.63,7.38,34.38
2025-12-19,08-09,CR-09,Science Building,40,CLS-29,Data Science,FAC-23,Friday,21,3.0,0,0,81.23,17,33,4,2.36,1.28,0.99,14.22,52.5
2025-07-08,09-10,CR-06,IT Building,80,CLS-04,DBMS,FAC-17,Tuesday,32,1.0,1,0,73.01,23,55,14,0.99,0.1,0.29,1.61,8.87
2025-11-26,14-15,CR-18,IT Building,40,CLS-04,Operating Systems,FAC-18,Wednesday,19,3.0,1,0,85.92,16,29,16,0.76,0.49,0.09,2.04,18.5
2025-07-15,12-13,CR-05,Main Building,80,CLS-08,Software Engineering,FAC-23,Tuesday,64,1.0,0,0,90.28,58,44,23,0.67,0.76,0.78,7.66,68.12
2025-12-22,12-13,CR-02,Main Building,50,CLS-03,Computer Networks,FAC-09,Monday,29,2.0,0,0,82.74,24,36,21,2.49,1.5,1.63,14.56,54.0
2025-12-07,10-11,CR-07,Main Building,30,CLS-05,Machine Learning,FAC-05,Sunday,12,1.0,1,0,77.05,9,13,24,0.39,0.35,0.47,1.49,8.71
2025-12-13,15-16,CR-20,Main Building,60,CLS-47,Machine Learning,FAC-15,Saturday,40,3.0,0,0,67.94,27,24,18,0.83,2.26,0.31,11.87,43.75
2025-11-13,10-11,CR-16,IT Building,60,CLS-11,Python,FAC-07,Thursday,47,2.0,0,0,73.34,34,13,30,1.41,0.54,0.85,11.48,47.92
2025-08-30,08-09,CR-18,IT Building,40,CLS-04,Machine Learning,FAC-20,Saturday,33,1.5,0,0,95.55,32,22,21,1.38,1.33,1.88,9.98,73.75
2025-11-30,11-12,CR-02,Main Building,50,CLS-25,Statistics,FAC-26,Sunday,24,1.0,1,1,90.9,22,39,9,0.2,0.07,0.34,1.41,20.65
2025-08-24,11-12,CR-10,Main Building,80,CLS-01,Python,FAC-28,Sunday,74,3.0,1,0,89.38,66,20,25,0.63,0.49,0.27,2.83,15.82
2025-10-08,12-13,CR-17,Main Building,50,CLS-05,Computer Networks,FAC-12,Wednesday,21,1.0,0,0,68.73,14,30,16,1.29,0.88,1.22,7.68,36.0
2025-08-07,14-15,CR-02,Main Building,50,CLS-35,DBMS,FAC-27,Thursday,44,1.0,1,0,84.67,37,37,38,0.46,0.18,0.18,1.49,21.15
2025-09-24,16-17,CR-04,Science Building,30,CLS-01,Artificial Intelligence,FAC-08,Wednesday,26,2.0,0,0,86.0,22,21,14,1.94,2.2,0.7,12.06,72.5
2025-10-07,16-17,CR-09,Science Building,40,CLS-35,Computer Networks,FAC-26,Tuesday,27,2.0,0,0,80.7,22,38,9,1.46,2.43,1.74,11.49,65.0
2025-12-13,08-09,CR-10,Main Building,80,CLS-21,Operating Systems,FAC-19,Saturday,60,1.0,0,0,78.51,47,47,28,1.37,0.74,1.49,9.69,58.75
2025-11-22,10-11,CR-09,Science Building,40,CLS-25,DBMS,FAC-02,Saturday,33,1.0,1,1,89.08,29,30,16,0.81,0.43,0.5,1.67,10.64
2025-07-23,16-17,CR-08,Main Building,30,CLS-38,Operating Systems,FAC-06,Wednesday,22,1.0,0,1,74.7,16,7,4,1.14,0.67,0.76,6.37,53.69
2025-11-13,16-17,CR-16,IT Building,60,CLS-02,Computer Networks,FAC-30,Thursday,22,2.0,0,0,84.51,19,42,32,1.38,2.11,2.44,13.26,41.25
2025-06-13,16-17,CR-07,Main Building,30,CLS-11,Data Science,FAC-04,Friday,7,3.0,0,0,66.84,5,9,7,1.83,3.52,1.57,15.19,20.0
2025-07-15,08-09,CR-01,Main Building,30,CLS-05,Software Engineering,FAC-13,Tuesday,20,1.5,0,0,75.96,15,5,29,0.52,2.2,1.16,7.59,41.67
2025-06-08,16-17,CR-20,Main Building,60,CLS-43,Software Engineering,FAC-30,Sunday,55,1.5,1,0,95.8,53,16,0,0.81,0.35,0.0,1.28,19.27
2025-12-27,12-13,CR-07,Main Building,30,CLS-24,Computer Networks,FAC-26,Saturday,8,1.0,0,0,95.06,8,21,9,0.47,0.93,0.9,4.65,37.5
2025-08-21,11-12,CR-03,Main Building,40,CLS-38,Software Engineering,FAC-25,Thursday,9,3.0,0,0,73.69,7,32,35,0.83,2.6,0.49,11.64,33.12
2025-11-12,10-11,CR-07,Main Building,30,CLS-21,Web Development,FAC-14,Wednesday,24,1.0,1,0,88.78,21,5,0,0.55,0.21,0.28,0.84,9.04
2025-12-15,08-09,CR-15,Main Building,30,CLS-49,Computer Networks,FAC-30,Monday,11,1.0,0,0,77.06,8,14,30,1.42,0.58,1.09,7.47,31.67
2025-12-08,14-15,CR-15,Main Building,30,CLS-05,Artificial Intelligence,FAC-01,Monday,28,1.0,0,0,71.07,20,25,12,0.62,1.58,0.36,5.76,70.83
2025-09-17,12-13,CR-03,Main Building,40,CLS-05,Python,FAC-29,Wednesday,28,1.5,0,0,91.79,26,11,5,1.51,1.96,0.43,9.27,55.62
2025-11-28,11-12,CR-10,Main Building,80,CLS-01,Operating Systems,FAC-18,Friday,36,1.0,0,1,92.42,33,46,39,0.3,0.53,0.72,7.56,50.13
2025-10-12,08-09,CR-12,IT Building,80,CLS-50,Software Engineering,FAC-25,Sunday,28,1.5,0,1,69.91,20,37,18,1.23,2.33,0.94,11.66,35.64
2025-09-05,16-17,CR-19,Main Building,30,CLS-37,Statistics,FAC-13,Friday,11,1.5,0,0,68.2,8,4,16,1.31,1.4,1.89,8.76,23.33
2025-07-30,16-17,CR-14,IT Building,80,CLS-36,Software Engineering,FAC-17,Wednesday,73,2.0,0,0,69.04,50,72,33,0.73,0.57,1.23,10.75,69.38
2025-11-22,15-16,CR-20,Main Building,60,CLS-05,Artificial Intelligence,FAC-01,Saturday,35,3.0,0,0,84.96,30,20,23,1.94,2.36,0.5,15.79,45.83
2025-09-25,09-10,CR-19,Main Building,30,CLS-30,Computer Networks,FAC-01,Thursday,28,2.0,0,0,79.69,22,4,30,2.5,2.59,2.26,15.38,58.33
2025-06-23,10-11,CR-14,IT Building,80,CLS-45,Artificial Intelligence,FAC-15,Monday,70,2.0,0,1,80.6,56,35,24,1.77,2.69,1.94,16.81,65.53
2025-06-21,16-17,CR-01,Main Building,30,CLS-49,Statistics,FAC-12,Saturday,10,1.0,0,0,95.97,10,14,16,0.32,0.52,1.08,4.21,36.67
2025-08-20,09-10,CR-15,Main Building,30,CLS-32,Operating Systems,FAC-10,Wednesday,28,1.0,1,0,75.92,21,19,9,0.27,0.26,0.22,0.71,14.73
2025-07-18,09-10,CR-04,Science Building,30,CLS-35,Software Engineering,FAC-05,Friday,14,1.0,0,1,81.91,11,16,30,1.09,1.08,0.56,7.28,43.66
2025-08-08,10-11,CR-06,IT Building,80,CLS-10,Statistics,FAC-16,Friday,37,2.0,0,0,89.48,33,69,3,1.95,2.17,0.78,12.83,52.5
2025-12-25,12-13,CR-12,IT Building,80,CLS-18,Data Science,FAC-04,Thursday,68,2.0,0,0,84.41,57,59,31,1.53,1.71,1.49,14.63,71.88
2025-12-31,08-09,CR-11,Main Building,80,CLS-28,Software Engineering,FAC-05,Wednesday,16,3.0,0,0,88.61,14,28,23,0.55,3.12,0.62,12.47,21.88
2025-10-06,08-09,CR-19,Main Building,30,CLS-02,Python,FAC-03,Monday,26,1.5,0,0,67.2,17,17,8,1.96,2.41,0.36,9.97,56.67
2025-06-14,15-16,CR-06,IT Building,80,CLS-14,Data Science,FAC-09,Saturday,70,3.0,0,0,81.02,57,76,10,2.53,3.83,1.99,21.89,77.19
2025-10-22,13-14,CR-09,Science Building,40,CLS-01,Python,FAC-03,Wednesday,23,2.0,1,1,76.68,18,17,10,0.6,0.16,0.45,1.62,15.92
2025-08-01,09-10,CR-05,Main Building,80,CLS-27,Machine Learning,FAC-13,Friday,76,2.0,0,0,75.72,58,73,4,0.91,0.58,2.09,10.8,77.19
2025-06-16,13-14,CR-18,IT Building,40,CLS-42,Python,FAC-03,Monday,11,2.0,0,0,79.86,9,17,29,0.98,1.68,2.09,9.87,27.5
2025-12-24,09-10,CR-03,Main Building,40,CLS-21,Data Science,FAC-14,Wednesday,10,2.0,0,0,77.33,8,20,28,1.0,0.94,1.62,8.98,27.5
2025-06-14,10-11,CR-07,Main Building,30,CLS-03,Python,FAC-15,Saturday,8,3.0,0,1,80.73,6,14,21,2.63,0.61,2.02,16.9,28.75
2025-10-02,12-13,CR-03,Main Building,40,CLS-33,Statistics,FAC-26,Thursday,17,2.0,1,0,94.24,16,24,14,0.73,0.46,0.17,1.78,15.44
2025-07-07,16-17,CR-15,Main Building,30,CLS-27,Statistics,FAC-18,Monday,24,1.0,0,0,81.61,20,8,19,0.27,0.51,0.55,4.31,56.67
2025-08-05,12-13,CR-16,IT Building,60,CLS-50,Machine Learning,FAC-14,Tuesday,17,2.0,1,1,70.84,12,18,30,0.03,0.45,0.0,1.4,4.97
2025-10-16,09-10,CR-07,Main Building,30,CLS-50,Machine Learning,FAC-02,Thursday,14,1.0,0,0,89.29,13,15,24,0.44,1.87,1.37,6.66,45.0
2025-10-22,14-15,CR-08,Main Building,30,CLS-44,Data Science,FAC-03,Wednesday,20,1.0,0,0,65.18,13,18,8,1.48,1.82,1.37,8.42,47.5
2025-10-13,11-12,CR-11,Main Building,80,CLS-10,Computer Networks,FAC-17,Monday,19,1.5,0,1,86.76,16,67,2,0.85,2.29,0.76,9.21,42.41
2025-09-23,11-12,CR-19,Main Building,30,CLS-36,DBMS,FAC-23,Tuesday,14,1.0,0,1,95.42,13,10,17,0.43,0.84,0.95,5.42,44.66
2025-07-16,13-14,CR-08,Main Building,30,CLS-25,Web Development,FAC-13,Wednesday,10,2.0,0,0,90.22,9,14,1,1.64,1.08,0.25,8.44,34.17
2025-09-23,15-16,CR-09,Science Building,40,CLS-46,Python,FAC-13,Tuesday,19,1.5,0,0,94.82,18,28,5,0.97,1.55,1.08,7.92,51.25
2025-09-02,14-15,CR-06,IT Building,80,CLS-14,Statistics,FAC-06,Tuesday,62,3.0,0,1,79.77,49,16,34,2.38,2.34,1.12,21.16,58.56
2025-12-14,13-14,CR-04,Science Building,30,CLS-03,Operating Systems,FAC-21,Sunday,28,1.0,1,0,69.89,20,25,19,0.65,0.34,0.38,1.37,9.24
2025-07-30,09-10,CR-03,Main Building,40,CLS-07,Operating Systems,FAC-25,Wednesday,24,1.5,0,1,81.62,20,7,9,1.81,2.37,1.66,11.58,45.85
2025-08-15,15-16,CR-13,IT Building,40,CLS-04,Data Science,FAC-06,Friday,28,1.0,0,1,97.44,27,29,14,0.59,0.8,0.8,6.31,72.64
2025-08-08,09-10,CR-06,IT Building,80,CLS-01,Machine Learning,FAC-22,Friday,24,1.0,0,0,66.88,16,57,3,1.47,1.38,0.95,8.63,32.81
2025-06-03,10-11,CR-14,IT Building,80,CLS-49,Python,FAC-03,Tuesday,36,1.0,0,0,66.06,24,35,22,1.02,1.57,0.77,9.12,33.44
2025-12-22,12-13,CR-15,Main Building,30,CLS-41,Statistics,FAC-11,Monday,7,1.5,0,0,89.99,6,19,3,0.65,0.94,0.53,5.52,30.83
2025-12-13,15-16,CR-07,Main Building,30,CLS-09,Operating Systems,FAC-20,Saturday,23,1.0,0,1,92.32,21,25,11,0.73,1.38,1.15,6.55,79.2
2025-07-30,09-10,CR-02,Main Building,50,CLS-01,Computer Networks,FAC-10,Wednesday,23,1.0,1,0,72.96,17,20,37,0.17,0.49,0.31,1.03,4.81
2025-08-11,13-14,CR-05,Main Building,80,CLS-03,DBMS,FAC-14,Monday,18,2.0,0,0,73.62,13,20,4,1.4,1.3,0.63,10.38,18.44
2025-10-17,12-13,CR-20,Main Building,60,CLS-07,DBMS,FAC-21,Friday,33,2.0,0,0,73.68,24,43,22,0.33,2.26,1.36,9.33,47.92
2025-08-28,11-12,CR-12,IT Building,80,CLS-44,Statistics,FAC-11,Thursday,25,1.0,0,0,68.11,17,21,2,1.19,0.53,0.56,6.89,22.5
2025-06-16,14-15,CR-16,IT Building,60,CLS-37,Statistics,FAC-01,Monday,53,1.0,0,1,94.39,50,36,35,1.15,0.61,1.28,9.66,79.85
2025-10-18,14-15,CR-15,Main Building,30,CLS-31,Web Development,FAC-02,Saturday,28,1.0,0,1,84.82,24,12,22,1.1,1.99,0.54,8.16,76.08
2025-12-01,11-12,CR-07,Main Building,30,CLS-37,Web Development,FAC-10,Monday,24,2.0,0,0,85.59,21,4,0,1.29,0.6,0.28,7.42,55.83
2025-09-09,15-16,CR-15,Main Building,30,CLS-25,Data Science,FAC-11,Tuesday,16,1.0,0,0,83.72,13,24,11,0.94,0.55,0.84,5.43,52.5
2025-12-30,08-09,CR-03,Main Building,40,CLS-32,DBMS,FAC-13,Tuesday,18,1.0,0,0,95.51,17,17,18,0.75,1.44,1.22,6.71,42.5
2025-06-28,15-16,CR-18,IT Building,40,CLS-17,Data Science,FAC-19,Saturday,9,2.0,0,1,93.31,8,15,14,1.13,2.72,0.79,11.16,31.11
2025-08-18,13-14,CR-04,Science Building,30,CLS-05,Python,FAC-24,Monday,7,2.0,0,0,74.25,5,25,1,0.37,2.49,1.19,6.86,33.33
2025-08-31,11-12,CR-01,Main Building,30,CLS-41,Software Engineering,FAC-18,Sunday,19,2.0,0,0,94.75,18,4,4,2.13,1.88,1.64,11.82,48.33
2025-06-30,09-10,CR-13,IT Building,40,CLS-26,Operating Systems,FAC-08,Monday,33,1.0,0,0,80.65,27,24,21,0.74,1.87,0.41,6.45,65.62
2025-09-25,13-14,CR-19,Main Building,30,CLS-36,Software Engineering,FAC-15,Thursday,16,3.0,0,0,81.44,13,6,5,1.51,2.32,0.63,11.72,37.5
2025-10-30,14-15,CR-10,Main Building,80,CLS-11,Computer Networks,FAC-02,Thursday,30,3.0,0,0,81.93,25,34,0,0.92,1.15,0.43,10.31,34.06
2025-11-25,10-11,CR-15,Main Building,30,CLS-24,Artificial Intelligence,FAC-17,Tuesday,11,1.0,0,0,85.68,9,18,28,1.16,1.52,0.84,7.78,37.5
2025-06-07,10-11,CR-01,Main Building,30,CLS-29,Machine Learning,FAC-03,Saturday,17,3.0,0,0,77.8,13,26,24,1.28,2.74,1.61,13.55,54.17
2025-10-19,08-09,CR-06,IT Building,80,CLS-13,Computer Networks,FAC-23,Sunday,26,1.0,1,1,85.8,22,33,4,0.3,0.01,0.44,1.23,13.08
2025-12-19,09-10,CR-17,Main Building,50,CLS-37,Operating Systems,FAC-24,Friday,10,2.0,0,1,72.49,7,13,27,2.34,2.29,1.97,15.69,19.64
2025-06-29,16-17,CR-14,IT Building,80,CLS-14,Software Engineering,FAC-12,Sunday,37,2.0,0,0,82.2,30,52,36,0.64,1.26,0.97,9.98,44.38
2025-12-09,15-16,CR-16,IT Building,60,CLS-11,Machine Learning,FAC-13,Tuesday,47,2.0,0,0,70.27,33,57,21,0.71,2.47,0.63,10.27,65.0
2025-07-31,15-16,CR-18,IT Building,40,CLS-49,Statistics,FAC-28,Thursday,14,1.0,0,0,97.21,14,15,32,0.66,0.68,0.96,6.07,35.62
2025-10-27,15-16,CR-06,IT Building,80,CLS-33,Web Development,FAC-11,Monday,72,1.0,0,0,94.91,68,29,10,1.23,1.43,0.64,8.86,72.81
2025-12-02,15-16,CR-06,IT Building,80,CLS-01,Python,FAC-06,Tuesday,51,1.0,0,0,87.41,45,28,40,1.16,1.95,0.58,10.0,50.94
2025-07-29,10-11,CR-05,Main Building,80,CLS-04,Web Development,FAC-03,Tuesday,33,1.0,0,0,65.61,22,39,8,0.93,1.56,1.24,7.96,32.81
2025-12-09,16-17,CR-04,Science Building,30,CLS-05,Computer Networks,FAC-12,Tuesday,24,2.0,1,0,81.92,20,26,0,0.33,0.43,0.24,0.93,21.64
2025-12-06,08-09,CR-05,Main Building,80,CLS-03,DBMS,FAC-02,Saturday,33,2.0,1,0,91.39,30,40,8,0.58,0.39,0.17,1.67,5.65
2025-09-21,15-16,CR-12,IT Building,80,CLS-09,Machine Learning,FAC-08,Sunday,39,2.0,0,0,83.02,32,28,32,0.73,1.69,0.97,10.9,38.75
2025-06-24,14-15,CR-11,Main Building,80,CLS-04,Computer Networks,FAC-09,Tuesday,41,1.0,0,0,73.8,30,56,38,1.46,0.74,1.23,9.55,45.62
2025-07-30,15-16,CR-15,Main Building,30,CLS-30,Artificial Intelligence,FAC-13,Wednesday,24,1.0,0,1,66.34,16,11,4,0.75,1.9,0.26,6.53,55.77
2025-11-23,08-09,CR-06,IT Building,80,CLS-39,Machine Learning,FAC-14,Sunday,59,3.0,1,0,84.4,50,72,19,0.5,0.44,0.04,2.69,14.81
2025-11-03,08-09,CR-06,IT Building,80,CLS-38,Software Engineering,FAC-07,Monday,23,3.0,0,0,87.08,20,43,34,2.84,3.38,0.37,21.26,32.19
2025-12-28,12-13,CR-03,Main Building,40,CLS-40,Computer Networks,FAC-13,Sunday,13,1.0,0,0,80.55,10,18,7,0.75,0.97,0.81,5.3,30.0
2025-09-16,15-16,CR-01,Main Building,30,CLS-33,Python,FAC-12,Tuesday,18,2.0,0,0,97.32,18,16,14,0.45,2.81,1.33,8.0,58.33
2025-12-10,08-09,CR-13,IT Building,40,CLS-15,Computer Networks,FAC-30,Wednesday,12,1.0,0,1,85.58,10,31,23,1.29,1.04,0.79,7.51,42.3
2025-08-17,12-13,CR-09,Science Building,40,CLS-20,Python,FAC-15,Sunday,38,1.5,0,0,95.54,36,25,38,1.7,0.72,0.44,9.58,83.12
2025-12-15,11-12,CR-08,Main Building,30,CLS-37,Computer Networks,FAC-12,Monday,6,1.0,1,1,79.12,5,16,5,0.1,0.31,0.07,0.68,4.24
2025-07-14,14-15,CR-05,Main Building,80,CLS-28,Machine Learning,FAC-03,Monday,34,1.0,0,0,75.45,26,64,8,1.1,1.23,1.47,8.38,44.38
2025-12-30,13-14,CR-18,IT Building,40,CLS-45,Artificial Intelligence,FAC-09,Tuesday,29,1.0,0,1,93.85,27,38,40,0.7,0.57,1.31,7.68,81.69
2025-06-11,16-17,CR-16,IT Building,60,CLS-39,Statistics,FAC-04,Wednesday,51,1.5,0,0,94.97,48,55,19,0.66,2.32,0.79,8.84,82.92
2025-12-28,09-10,CR-20,Main Building,60,CLS-37,Computer Networks,FAC-09,Sunday,26,1.0,0,0,97.22,25,24,8,0.6,1.93,0.32,6.57,41.25
2025-12-02,12-13,CR-15,Main Building,30,CLS-12,Artificial Intelligence,FAC-22,Tuesday,7,1.0,0,0,80.77,6,11,7,0.53,1.56,0.49,5.49,24.17
2025-08-06,11-12,CR-02,Main Building,50,CLS-45,DBMS,FAC-03,Wednesday,15,2.0,0,1,83.24,12,38,25,0.82,2.89,0.31,10.5,39.17
2025-12-02,12-13,CR-12,IT Building,80,CLS-30,Computer Networks,FAC-30,Tuesday,60,2.0,1,0,78.66,47,75,21,0.23,0.25,0.44,1.69,22.87
2025-09-11,12-13,CR-11,Main Building,80,CLS-13,Artificial Intelligence,FAC-08,Thursday,43,1.0,0,0,88.5,38,46,25,0.97,0.63,1.12,8.28,50.0
2025-09-07,16-17,CR-13,IT Building,40,CLS-05,Computer Networks,FAC-07,Sunday,36,1.0,0,0,73.25,26,17,21,0.77,1.03,1.32,6.76,59.38
2025-08-13,13-14,CR-01,Main Building,30,CLS-35,Python,FAC-19,Wednesday,16,3.0,0,0,69.18,11,20,2,1.81,1.0,2.19,12.57,44.17
2025-12-26,13-14,CR-06,IT Building,80,CLS-49,Computer Networks,FAC-20,Friday,25,1.0,0,1,81.11,20,60,25,1.41,1.28,0.86,10.12,41.31
2025-09-23,10-11,CR-04,Science Building,30,CLS-16,Python,FAC-15,Tuesday,14,1.0,0,0,84.08,12,28,22,1.11,0.66,1.28,6.52,53.33
2025-10-29,09-10,CR-09,Science Building,40,CLS-12,Computer Networks,FAC-04,Wednesday,37,3.0,0,0,90.94,34,22,34,1.29,0.85,1.99,13.12,77.5
2025-10-28,11-12,CR-08,Main Building,30,CLS-11,Computer Networks,FAC-27,Tuesday,9,1.0,0,0,94.04,8,10,22,1.36,1.94,1.33,8.11,28.33
2025-12-25,08-09,CR-15,Main Building,30,CLS-37,Computer Networks,FAC-08,Thursday,27,3.0,0,0,84.85,23,7,30,1.92,1.78,2.74,16.45,63.33
2025-11-22,08-09,CR-01,Main Building,30,CLS-35,Machine Learning,FAC-16,Saturday,22,3.0,0,0,81.61,18,8,29,1.53,3.99,1.61,16.34,51.67
2025-07-01,09-10,CR-12,IT Building,80,CLS-47,Software Engineering,FAC-15,Tuesday,21,2.0,0,0,91.86,19,32,13,2.0,2.47,1.84,14.06,27.81
2025-09-01,12-13,CR-06,IT Building,80,CLS-28,Software Engineering,FAC-26,Monday,45,1.0,0,0,73.39,33,18,7,1.33,1.84,0.49,8.97,36.56
2025-10-06,11-12,CR-06,IT Building,80,CLS-42,Python,FAC-23,Monday,49,1.5,0,0,86.33,42,40,28,1.2,0.6,1.55,10.5,51.88
2025-09-27,15-16,CR-05,Main Building,80,CLS-37,Computer Networks,FAC-13,Saturday,59,1.0,0,0,81.68,48,36,29,1.06,1.25,0.86,8.99,56.25
2025-06-01,09-10,CR-09,Science Building,40,CLS-04,Python,FAC-30,Sunday,32,2.0,1,0,70.24,22,15,28,0.2,0.49,0.08,1.25,19.22
2025-06-17,08-09,CR-12,IT Building,80,CLS-21,Software Engineering,FAC-22,Tuesday,18,1.0,0,0,73.89,13,73,11,0.99,1.42,0.44,7.64,35.0
2025-12-04,10-11,CR-03,Main Building,40,CLS-20,Data Science,FAC-11,Thursday,22,2.0,0,0,72.83,16,33,1,0.9,2.84,2.11,10.35,50.62
2025-11-02,12-13,CR-08,Main Building,30,CLS-37,Machine Learning,FAC-25,Sunday,12,3.0,0,1,88.03,11,24,22,0.48,1.96,1.79,10.69,50.02
2025-07-13,08-09,CR-07,Main Building,30,CLS-08,DBMS,FAC-13,Sunday,25,1.0,0,0,84.83,21,20,24,0.66,1.67,1.3,6.47,69.17
2025-09-09,10-11,CR-01,Main Building,30,CLS-39,Data Science,FAC-19,Tuesday,26,3.0,0,0,75.68,20,15,4,2.56,0.86,2.55,15.5,62.5
2025-12-02,13-14,CR-20,Main Building,60,CLS-23,DBMS,FAC-30,Tuesday,27,1.0,0,0,94.96,26,49,28,0.7,0.93,0.88,7.52,52.92
2025-07-29,11-12,CR-17,Main Building,50,CLS-39,Statistics,FAC-06,Tuesday,10,1.0,0,0,80.05,8,21,22,0.68,1.54,1.2,7.08,22.5
2025-07-28,10-11,CR-08,Main Building,30,CLS-28,Computer Networks,FAC-03,Monday,22,1.0,0,0,78.01,17,16,2,1.1,1.21,1.49,6.45,55.83
2025-06-13,16-17,CR-15,Main Building,30,CLS-03,Software Engineering,FAC-06,Friday,18,2.0,0,0,89.05,16,28,16,2.39,2.59,2.28,14.37,63.33
2025-12-24,10-11,CR-07,Main Building,30,CLS-25,Python,FAC-04,Wednesday,6,1.5,0,0,73.31,4,16,3,0.9,0.54,1.17,6.27,23.33
2025-08-30,16-17,CR-08,Main Building,30,CLS-36,Software Engineering,FAC-21,Saturday,11,2.0,0,0,81.67,9,25,25,1.43,2.94,2.3,12.27,43.33
2025-11-09,14-15,CR-09,Science Building,40,CLS-35,Web Development,FAC-25,Sunday,20,1.5,0,0,78.99,16,34,16,0.88,2.1,1.17,8.1,51.25
2025-07-04,10-11,CR-07,Main Building,30,CLS-14,Data Science,FAC-05,Friday,11,2.0,0,0,83.88,9,24,3,2.17,2.51,0.55,11.58,42.5
2025-12-11,12-13,CR-09,Science Building,40,CLS-10,Artificial Intelligence,FAC-18,Thursday,29,3.0,1,1,74.72,22,15,40,0.05,0.24,0.18,2.27,8.88
2025-08-30,14-15,CR-02,Main Building,50,CLS-25,Data Science,FAC-27,Saturday,31,1.0,0,0,73.3,23,31,15,1.12,1.65,0.56,7.28,50.0
2025-12-31,15-16,CR-08,Main Building,30,CLS-05,Machine Learning,FAC-18,Wednesday,7,1.0,0,0,73.13,5,12,3,0.26,0.85,0.42,3.95,22.5
2025-12-29,11-12,CR-01,Main Building,30,CLS-32,Artificial Intelligence,FAC-08,Monday,23,1.0,0,1,85.2,20,14,4,0.46,1.29,0.99,5.34,63.75
2025-11-16,09-10,CR-08,Main Building,30,CLS-50,Computer Networks,FAC-06,Sunday,18,2.0,0,1,91.28,16,13,21,1.22,1.63,1.4,10.86,55.23
2025-10-25,15-16,CR-12,IT Building,80,CLS-25,Machine Learning,FAC-11,Saturday,62,1.0,0,0,88.53,55,58,20,0.59,0.68,0.95,7.27,69.69
2025-08-04,09-10,CR-06,IT Building,80,CLS-41,Machine Learning,FAC-12,Monday,21,1.5,1,0,86.35,18,21,4,0.49,0.31,0.27,0.99,6.33
2025-11-20,13-14,CR-11,Main Building,80,CLS-28,Web Development,FAC-01,Thursday,52,2.0,0,1,89.41,46,60,37,1.84,1.84,1.78,16.18,69.78
2025-10-30,13-14,CR-15,Main Building,30,CLS-36,Operating Systems,FAC-12,Thursday,11,1.0,0,0,78.62,9,8,0,1.21,1.37,0.34,6.37,29.17
2025-08-04,10-11,CR-14,IT Building,80,CLS-11,Python,FAC-03,Monday,55,3.0,1,0,94.44,52,24,8,0.03,0.37,0.38,1.54,17.93
2025-06-23,10-11,CR-10,Main Building,80,CLS-05,DBMS,FAC-19,Monday,31,3.0,1,0,75.91,24,63,29,0.09,0.28,0.24,2.48,10.95
2025-11-13,15-16,CR-13,IT Building,40,CLS-03,Statistics,FAC-17,Thursday,23,1.0,0,0,68.45,16,33,31,1.02,1.61,1.21,7.91,50.62
2025-10-02,11-12,CR-03,Main Building,40,CLS-39,Data Science,FAC-05,Thursday,22,2.0,0,0,96.45,21,35,21,2.2,1.24,0.61,12.12,61.25
2025-11-26,16-17,CR-18,IT Building,40,CLS-40,Operating Systems,FAC-21,Wednesday,25,1.5,0,0,79.37,20,19,40,0.95,1.65,1.27,9.27,49.38
2025-11-23,12-13,CR-07,Main Building,30,CLS-08,Statistics,FAC-03,Sunday,26,3.0,0,0,68.46,18,13,6,2.61,1.58,2.92,17.49,55.83
2025-06-08,16-17,CR-19,Main Building,30,CLS-41,Artificial Intelligence,FAC-06,Sunday,13,1.0,0,0,68.89,9,9,3,1.45,0.64,0.54,6.33,30.0
2025-10-29,09-10,CR-12,IT Building,80,CLS-02,Artificial Intelligence,FAC-16,Wednesday,67,1.5,0,0,93.06,62,70,18,1.01,2.36,1.28,11.12,80.0
2025-10-01,08-09,CR-02,Main Building,50,CLS-01,Data Science,FAC-14,Wednesday,45,1.5,0,0,85.79,39,26,34,1.73,1.09,0.87,10.89,71.5
2025-11-18,14-15,CR-16,IT Building,60,CLS-26,Web Development,FAC-19,Tuesday,40,2.0,0,0,78.52,31,14,26,2.48,1.68,1.5,14.99,44.58
2025-12-26,11-12,CR-13,IT Building,40,CLS-23,Computer Networks,FAC-23,Friday,9,1.0,0,0,82.48,7,7,26,0.65,0.61,1.37,5.92,17.5
2025-08-02,13-14,CR-11,Main Building,80,CLS-45,DBMS,FAC-16,Saturday,28,1.0,0,0,90.63,25,46,36,1.03,1.11,0.57,8.54,37.81
2025-09-18,10-11,CR-15,Main Building,30,CLS-29,Machine Learning,FAC-04,Thursday,26,2.0,1,0,93.37,24,8,18,0.7,0.27,0.3,1.54,20.59
2025-07-28,13-14,CR-07,Main Building,30,CLS-04,Artificial Intelligence,FAC-19,Monday,20,2.0,0,0,71.39,14,15,11,0.72,2.15,2.3,9.0,47.5
2025-06-29,10-11,CR-17,Main Building,50,CLS-11,Operating Systems,FAC-14,Sunday,23,1.5,0,0,78.32,18,12,20,0.61,1.8,1.77,8.48,33.0
2025-11-05,12-13,CR-17,Main Building,50,CLS-40,Software Engineering,FAC-27,Wednesday,46,3.0,0,1,82.71,38,32,22,2.32,0.99,1.21,17.38,80.54
2025-09-14,14-15,CR-08,Main Building,30,CLS-20,Artificial Intelligence,FAC-25,Sunday,14,3.0,0,0,77.86,11,13,22,1.66,3.75,2.65,16.77,38.33
2025-08-05,09-10,CR-10,Main Building,80,CLS-40,Machine Learning,FAC-13,Tuesday,52,2.0,0,0,76.8,40,43,16,0.9,2.04,2.28,12.04,50.94
2025-08-10,15-16,CR-10,Main Building,80,CLS-15,Statistics,FAC-29,Sunday,33,1.5,0,0,96.76,32,33,9,1.39,2.18,1.17,10.85,40.31
2025-07-28,08-09,CR-19,Main Building,30,CLS-22,Software Engineering,FAC-14,Monday,10,2.0,1,0,83.32,8,27,29,0.74,0.11,0.18,1.19,7.04
2025-10-26,16-17,CR-17,Main Building,50,CLS-38,Web Development,FAC-04,Sunday,25,1.0,0,0,77.01,19,43,28,1.45,1.17,1.19,8.51,50.0
2025-07-04,08-09,CR-06,IT Building,80,CLS-08,Operating Systems,FAC-25,Friday,18,1.5,0,0,83.87,15,56,12,1.82,1.45,1.9,11.75,31.56
2025-08-13,14-15,CR-12,IT Building,80,CLS-22,Operating Systems,FAC-26,Wednesday,53,1.0,0,0,72.08,38,43,0,0.34,1.84,1.31,7.22,49.06
2025-06-11,12-13,CR-09,Science Building,40,CLS-37,Computer Networks,FAC-28,Wednesday,17,1.5,0,0,77.62,13,20,36,1.89,1.36,1.19,11.23,36.88
2025-06-14,08-09,CR-05,Main Building,80,CLS-48,Artificial Intelligence,FAC-04,Saturday,24,3.0,0,0,79.72,19,71,21,1.8,2.15,0.38,15.38,40.0
2025-09-09,13-14,CR-17,Main Building,50,CLS-46,Statistics,FAC-13,Tuesday,22,1.0,0,0,84.44,19,47,30,0.42,0.51,0.56,5.82,52.0
2025-06-01,16-17,CR-14,IT Building,80,CLS-06,Statistics,FAC-20,Sunday,29,1.0,0,0,88.25,26,50,12,0.37,1.86,0.52,6.62,40.0
2025-08-06,13-14,CR-13,IT Building,40,CLS-25,DBMS,FAC-03,Wednesday,10,1.0,0,1,65.46,7,29,3,1.21,1.81,1.02,7.66,38.56
2025-08-15,10-11,CR-07,Main Building,30,CLS-27,Data Science,FAC-30,Friday,27,2.0,0,0,71.21,19,11,6,0.89,1.69,2.4,9.45,56.67
2025-08-19,15-16,CR-10,Main Building,80,CLS-12,Web Development,FAC-14,Tuesday,29,2.0,0,0,79.5,23,50,14,0.92,1.64,0.41,9.52,37.19
2025-11-17,15-16,CR-19,Main Building,30,CLS-27,Software Engineering,FAC-24,Monday,28,2.0,1,0,91.36,26,21,26,0.24,0.36,0.03,1.35,8.94
2025-10-20,13-14,CR-05,Main Building,80,CLS-37,Web Development,FAC-13,Monday,64,2.0,0,0,96.94,62,23,31,1.33,2.32,1.08,13.63,65.31
2025-09-21,12-13,CR-03,Main Building,40,CLS-30,Web Development,FAC-07,Sunday,9,1.0,0,0,71.08,6,9,9,0.8,0.75,1.48,5.97,16.88
2025-07-29,16-17,CR-12,IT Building,80,CLS-04,Data Science,FAC-06,Tuesday,68,2.0,0,0,85.67,58,66,25,1.46,2.16,0.51,12.97,75.0
2025-08-26,10-11,CR-15,Main Building,30,CLS-49,Artificial Intelligence,FAC-24,Tuesday,11,1.0,0,0,83.32,9,20,4,0.61,1.91,1.2,5.66,39.17
2025-11-07,11-12,CR-01,Main Building,30,CLS-09,Python,FAC-05,Friday,16,1.5,0,0,65.37,10,10,6,0.67,1.86,0.65,6.37,33.33
2025-06-03,11-12,CR-01,Main Building,30,CLS-15,DBMS,FAC-09,Tuesday,19,1.5,0,0,81.8,16,27,22,1.8,1.89,0.94,10.05,62.5
2025-07-02,14-15,CR-15,Main Building,30,CLS-24,Python,FAC-15,Wednesday,19,1.0,0,1,70.84,13,23,11,1.04,1.05,1.32,6.58,58.17
2025-08-20,11-12,CR-02,Main Building,50,CLS-12,Web Development,FAC-21,Wednesday,33,1.0,0,0,89.97,30,18,14,1.01,1.05,0.51,6.88,54.0
2025-12-06,16-17,CR-09,Science Building,40,CLS-32,Data Science,FAC-08,Saturday,8,1.0,0,0,72.42,6,8,8,0.49,0.75,1.22,5.42,16.25
2025-10-17,12-13,CR-15,Main Building,30,CLS-05,Statistics,FAC-26,Friday,6,1.0,0,0,72.56,4,9,21,0.91,1.18,0.97,6.24,17.5
2025-12-22,10-11,CR-10,Main Building,80,CLS-04,Artificial Intelligence,FAC-02,Monday,44,3.0,1,0,79.07,35,45,34,0.61,0.28,0.33,2.6,11.19
2025-12-16,09-10,CR-16,IT Building,60,CLS-42,Operating Systems,FAC-11,Tuesday,28,1.5,0,1,70.08,20,47,11,1.38,0.87,1.56,10.35,52.14
2025-06-13,14-15,CR-12,IT Building,80,CLS-41,Software Engineering,FAC-08,Friday,50,3.0,0,0,66.58,33,72,40,1.37,2.97,0.87,16.88,53.44
2025-07-08,13-14,CR-17,Main Building,50,CLS-05,Data Science,FAC-05,Tuesday,30,2.0,0,1,91.24,27,28,24,1.67,1.97,1.05,13.73,58.87
2025-10-15,12-13,CR-09,Science Building,40,CLS-33,Data Science,FAC-08,Wednesday,23,1.0,1,0,80.59,19,34,36,0.7,0.22,0.1,1.3,18.82
2025-06-20,10-11,CR-04,Science Building,30,CLS-09,Machine Learning,FAC-03,Friday,7,1.0,0,0,72.06,5,20,1,0.26,0.95,1.19,4.01,29.17
2025-07-31,13-14,CR-18,IT Building,40,CLS-27,Statistics,FAC-02,Thursday,29,1.0,0,0,96.65,28,37,18,0.88,1.88,1.13,7.62,75.62
2025-11-25,08-09,CR-08,Main Building,30,CLS-39,Data Science,FAC-12,Tuesday,9,2.0,0,1,88.84,8,12,22,0.44,1.05,0.27,6.32,34.13
2025-11-01,13-14,CR-04,Science Building,30,CLS-32,Machine Learning,FAC-06,Saturday,11,1.0,0,0,90.96,10,27,8,0.67,1.73,0.41,5.85,47.5
2025-08-03,11-12,CR-18,IT Building,40,CLS-30,Data Science,FAC-06,Sunday,8,1.0,0,0,70.72,6,15,7,0.68,1.11,0.69,5.31,20.62
2025-09-05,10-11,CR-13,IT Building,40,CLS-44,Artificial Intelligence,FAC-22,Friday,33,1.0,0,0,76.59,25,18,12,1.3,0.6,1.43,7.46,58.12
2025-12-07,08-09,CR-18,IT Building,40,CLS-13,DBMS,FAC-10,Sunday,17,1.0,0,0,97.55,17,25,32,0.36,0.94,0.72,5.72,47.5
2025-10-11,15-16,CR-17,Main Building,50,CLS-39,Statistics,FAC-30,Saturday,31,1.0,0,0,86.26,27,8,10,1.2,0.68,1.29,7.66,44.5
2025-06-03,13-14,CR-20,Main Building,60,CLS-44,Computer Networks,FAC-25,Tuesday,44,2.0,0,0,88.29,39,48,20,1.55,2.72,1.83,13.51,68.75
2025-07-19,15-16,CR-16,IT Building,60,CLS-17,Statistics,FAC-23,Saturday,23,1.5,0,0,81.3,19,19,38,0.35,2.41,0.48,8.02,31.67
2025-12-07,13-14,CR-14,IT Building,80,CLS-15,Web Development,FAC-06,Sunday,44,1.5,0,0,88.02,39,33,10,1.14,0.55,1.87,9.48,46.88
2025-08-31,10-11,CR-01,Main Building,30,CLS-27,Machine Learning,FAC-29,Sunday,18,1.0,0,0,72.56,13,8,25,0.4,1.05,0.57,5.51,39.17
2025-11-02,10-11,CR-01,Main Building,30,CLS-42,Artificial Intelligence,FAC-19,Sunday,11,1.0,0,0,81.72,9,7,2,1.46,1.36,1.36,7.25,28.33
2025-08-22,14-15,CR-07,Main Building,30,CLS-03,Data Science,FAC-19,Friday,16,1.0,1,1,93.2,15,16,7,0.47,0.43,0.15,1.6,13.25
2025-12-02,10-11,CR-14,IT Building,80,CLS-12,Statistics,FAC-24,Tuesday,34,2.0,0,0,69.25,24,67,24,2.17,1.97,2.25,14.85,43.44
2025-06-20,13-14,CR-09,Science Building,40,CLS-40,Software Engineering,FAC-01,Friday,28,2.0,0,0,85.65,24,12,12,2.04,1.2,1.5,11.84,52.5
2025-07-23,09-10,CR-08,Main Building,30,CLS-42,Software Engineering,FAC-25,Wednesday,7,1.0,0,1,88.39,6,21,27,0.42,1.72,1.01,6.36,39.61
2025-11-28,10-11,CR-03,Main Building,40,CLS-42,Machine Learning,FAC-06,Friday,35,1.0,0,0,68.57,24,10,23,0.88,0.63,1.46,7.05,51.25
2025-12-09,12-13,CR-17,Main Building,50,CLS-43,Machine Learning,FAC-23,Tuesday,33,2.0,0,0,66.28,22,41,26,1.95,1.81,1.08,12.97,53.5
2025-10-16,15-16,CR-13,IT Building,40,CLS-20,Python,FAC-04,Thursday,32,2.0,0,1,84.31,27,26,16,0.88,2.78,0.93,10.72,72.21
2025-06-15,14-15,CR-10,Main Building,80,CLS-20,Data Science,FAC-27,Sunday,69,2.0,0,0,79.84,55,61,11,1.47,0.75,2.35,12.41,70.62
2025-10-24,16-17,CR-16,IT Building,60,CLS-29,Software Engineering,FAC-16,Friday,27,3.0,0,1,77.78,21,29,24,1.9,2.3,2.16,18.32,44.16
2025-08-12,14-15,CR-10,Main Building,80,CLS-50,Machine Learning,FAC-20,Tuesday,43,2.0,0,0,66.83,29,49,11,0.89,2.55,0.43,10.66,42.5
2025-06-29,10-11,CR-14,IT Building,80,CLS-10,Data Science,FAC-03,Sunday,28,1.0,0,0,85.2,24,20,2,0.44,0.6,0.52,5.8,28.75
2025-08-12,10-11,CR-20,Main Building,60,CLS-17,Software Engineering,FAC-07,Tuesday,19,1.0,1,0,69.22,13,41,36,0.31,0.26,0.29,1.49,11.06
2025-11-27,09-10,CR-03,Main Building,40,CLS-31,Statistics,FAC-15,Thursday,12,3.0,0,1,85.09,10,23,36,1.38,2.16,1.39,15.31,39.27
2025-06-25,10-11,CR-17,Main Building,50,CLS-45,DBMS,FAC-04,Wednesday,45,1.0,0,0,92.79,42,34,27,0.54,0.51,1.06,6.49,80.0
2025-09-13,08-09,CR-06,IT Building,80,CLS-46,Python,FAC-02,Saturday,16,1.0,0,0,93.35,15,55,12,0.35,0.66,0.87,5.69,31.25
2025-10-18,14-15,CR-07,Main Building,30,CLS-07,Python,FAC-11,Saturday,26,1.0,0,0,85.1,22,12,7,0.59,1.58,0.99,5.62,65.0
2025-10-14,11-12,CR-18,IT Building,40,CLS-46,Python,FAC-30,Tuesday,19,2.0,1,0,92.54,18,32,39,0.42,0.29,0.44,1.84,8.13
2025-12-17,08-09,CR-02,Main Building,50,CLS-29,Computer Networks,FAC-18,Wednesday,37,1.0,0,0,93.5,35,22,14,0.71,0.81,1.22,6.22,63.5
2025-07-16,16-17,CR-07,Main Building,30,CLS-33,Statistics,FAC-29,Wednesday,18,2.0,0,0,94.85,17,19,13,0.7,0.56,0.3,6.05,58.33
2025-12-09,09-10,CR-17,Main Building,50,CLS-22,Machine Learning,FAC-29,Tuesday,44,3.0,0,0,85.54,38,32,29,2.07,1.59,1.13,16.46,73.0
2025-06-27,11-12,CR-14,IT Building,80,CLS-36,Web Development,FAC-25,Friday,22,1.0,0,0,66.92,15,31,32,1.41,0.83,1.5,9.1,23.75
2025-12-20,10-11,CR-07,Main Building,30,CLS-15,Statistics,FAC-05,Saturday,9,2.0,0,1,70.66,6,27,7,1.99,1.06,0.43,10.99,41.6
2025-07-18,15-16,CR-20,Main Building,60,CLS-47,Machine Learning,FAC-17,Friday,42,1.0,1,0,83.38,35,34,30,0.85,0.16,0.26,1.47,14.36
2025-06-25,08-09,CR-14,IT Building,80,CLS-49,Artificial Intelligence,FAC-27,Wednesday,53,1.0,0,1,81.02,43,24,17,0.69,1.84,0.46,8.72,51.3
2025-06-20,10-11,CR-15,Main Building,30,CLS-39,Operating Systems,FAC-14,Friday,9,1.5,0,0,86.7,8,15,18,0.59,1.28,1.91,6.7,32.5
2025-09-16,16-17,CR-08,Main Building,30,CLS-35,Web Development,FAC-12,Tuesday,27,1.5,0,0,73.14,20,26,26,1.42,1.98,1.03,9.77,71.67
2025-12-05,10-11,CR-13,IT Building,40,CLS-25,Artificial Intelligence,FAC-23,Friday,38,3.0,0,1,80.11,30,30,10,1.82,2.92,1.88,17.37,80.67
2025-08-30,09-10,CR-05,Main Building,80,CLS-21,Operating Systems,FAC-07,Saturday,35,2.0,0,1,94.0,33,32,21,1.05,1.25,0.73,11.32,44.89
2025-11-02,12-13,CR-14,IT Building,80,CLS-41,Python,FAC-25,Sunday,44,2.0,0,0,86.8,38,14,28,1.63,2.62,1.33,14.51,40.0
2025-08-08,15-16,CR-05,Main Building,80,CLS-49,Statistics,FAC-14,Friday,43,2.0,0,0,93.72,40,68,36,1.06,2.82,1.82,13.75,58.75
2025-11-06,14-15,CR-16,IT Building,60,CLS-02,Software Engineering,FAC-01,Thursday,47,3.0,0,0,82.59,39,28,31,0.63,2.57,1.12,12.72,60.42
2025-08-05,16-17,CR-12,IT Building,80,CLS-44,Statistics,FAC-28,Tuesday,52,1.0,0,0,66.73,35,21,32,1.44,1.46,1.35,10.12,39.38
2025-07-20,16-17,CR-10,Main Building,80,CLS-08,Computer Networks,FAC-15,Sunday,31,1.0,0,1,81.92,25,55,13,1.09,1.94,0.57,9.53,45.02
2025-10-27,16-17,CR-18,IT Building,40,CLS-07,Computer Networks,FAC-10,Monday,32,2.0,0,0,93.87,30,22,18,2.33,2.18,2.35,14.74,70.0
2025-08-20,08-09,CR-20,Main Building,60,CLS-11,Software Engineering,FAC-26,Wednesday,37,1.0,0,0,88.19,33,16,2,0.3,1.86,0.86,6.07,47.92
2025-07-12,14-15,CR-05,Main Building,80,CLS-30,Python,FAC-13,Saturday,41,1.0,0,1,80.19,33,19,1,0.96,0.72,0.84,8.14,43.91
2025-07-16,12-13,CR-18,IT Building,40,CLS-17,Artificial Intelligence,FAC-17,Wednesday,11,3.0,0,0,91.36,10,18,2,2.85,2.63,0.95,16.97,30.0
2025-08-24,15-16,CR-10,Main Building,80,CLS-43,Software Engineering,FAC-18,Sunday,31,2.0,0,0,95.5,30,45,6,1.99,1.94,1.82,13.79,42.19
2025-10-20,13-14,CR-14,IT Building,80,CLS-16,Python,FAC-05,Monday,75,1.5,0,0,77.16,58,18,0,1.5,0.58,0.93,10.08,60.0
2025-07-25,08-09,CR-12,IT Building,80,CLS-47,Computer Networks,FAC-25,Friday,59,1.5,0,1,78.41,46,57,13,0.54,0.55,0.48,8.34,63.04
2025-08-31,14-15,CR-10,Main Building,80,CLS-07,Software Engineering,FAC-09,Sunday,65,2.0,0,0,97.61,63,49,27,1.03,2.0,2.36,13.39,74.38
2025-09-23,08-09,CR-17,Main Building,50,CLS-49,Operating Systems,FAC-30,Tuesday,11,2.0,0,1,70.51,8,37,10,1.86,2.39,0.45,12.59,34.99
2025-11-12,08-09,CR-01,Main Building,30,CLS-08,DBMS,FAC-14,Wednesday,17,2.0,0,0,66.1,11,11,8,0.45,0.62,1.0,5.86,36.67
2025-08-15,12-13,CR-09,Science Building,40,CLS-09,Statistics,FAC-20,Friday,38,1.0,0,0,81.81,31,23,21,0.92,0.9,1.39,7.08,72.5
2025-09-17,16-17,CR-13,IT Building,40,CLS-24,Data Science,FAC-10,Wednesday,38,1.0,0,0,74.91,28,14,7,0.91,1.11,0.59,6.34,61.25
2025-08-22,13-14,CR-20,Main Building,60,CLS-39,Computer Networks,FAC-28,Friday,42,1.0,0,0,69.33,29,20,11,1.27,1.99,0.66,8.99,44.58
2025-07-17,09-10,CR-20,Main Building,60,CLS-01,Artificial Intelligence,FAC-08,Thursday,25,2.0,1,0,88.71,22,37,1,0.39,0.45,0.28,1.06,7.62
2025-08-18,15-16,CR-13,IT Building,40,CLS-20,Software Engineering,FAC-10,Monday,29,3.0,0,0,79.86,23,20,38,2.03,3.83,2.44,19.54,55.62
2025-09-20,13-14,CR-06,IT Building,80,CLS-07,DBMS,FAC-18,Saturday,30,1.0,0,0,80.53,24,22,8,0.64,1.55,1.28,7.37,29.38
2025-08-13,13-14,CR-12,IT Building,80,CLS-14,Machine Learning,FAC-06,Wednesday,60,3.0,0,0,89.13,53,12,15,2.97,1.45,2.66,20.98,53.44
2025-09-09,10-11,CR-06,IT Building,80,CLS-06,Machine Learning,FAC-30,Tuesday,61,3.0,0,0,89.23,54,30,40,0.54,3.26,1.71,16.1,60.0
2025-09-27,15-16,CR-06,IT Building,80,CLS-28,Web Development,FAC-18,Saturday,57,2.0,1,0,74.65,43,56,35,0.66,0.32,0.1,2.24,11.35
2025-11-20,13-14,CR-18,IT Building,40,CLS-21,Data Science,FAC-06,Thursday,26,2.0,0,0,83.79,22,28,8,2.22,2.82,1.44,13.58,58.75
2025-11-30,13-14,CR-04,Science Building,30,CLS-26,Machine Learning,FAC-17,Sunday,16,1.5,0,1,89.88,14,6,14,1.02,1.99,0.61,8.78,42.4
2025-08-26,08-09,CR-17,Main Building,50,CLS-41,Python,FAC-12,Tuesday,29,2.0,0,0,65.6,19,35,29,1.88,2.59,1.15,13.26,46.0
2025-08-18,12-13,CR-16,IT Building,60,CLS-15,Artificial Intelligence,FAC-21,Monday,25,1.0,0,0,79.78,20,37,33,1.31,1.66,0.61,9.18,40.42
2025-12-05,12-13,CR-04,Science Building,30,CLS-30,Machine Learning,FAC-12,Friday,24,1.0,1,1,83.59,20,18,6,0.16,0.15,0.45,0.61,24.29
2025-11-02,11-12,CR-02,Main Building,50,CLS-22,DBMS,FAC-16,Sunday,42,2.0,0,0,87.71,37,19,7,2.47,2.42,2.37,15.47,65.0
2025-10-14,11-12,CR-14,IT Building,80,CLS-06,Machine Learning,FAC-23,Tuesday,28,1.0,1,1,65.67,18,35,27,0.67,0.23,0.17,1.55,9.0
2025-10-08,16-17,CR-06,IT Building,80,CLS-36,Machine Learning,FAC-12,Wednesday,66,1.0,0,1,93.46,62,72,12,1.32,0.53,1.01,9.15,82.68
2025-12-29,16-17,CR-14,IT Building,80,CLS-12,Artificial Intelligence,FAC-22,Monday,20,1.0,0,0,92.46,18,68,19,0.64,1.91,0.47,6.99,38.12
2025-09-13,13-14,CR-07,Main Building,30,CLS-21,DBMS,FAC-16,Saturday,22,1.0,0,1,86.87,19,22,27,1.09,0.88,0.66,7.46,68.48
2025-09-17,15-16,CR-07,Main Building,30,CLS-19,Web Development,FAC-28,Wednesday,18,1.5,0,0,75.86,14,18,23,1.18,0.62,0.62,7.52,50.0
2025-09-05,10-11,CR-19,Main Building,30,CLS-26,Statistics,FAC-30,Friday,8,1.0,0,0,81.03,6,16,4,0.36,1.76,1.15,5.16,28.33
2025-10-29,12-13,CR-13,IT Building,40,CLS-41,Computer Networks,FAC-09,Wednesday,36,1.0,0,1,96.03,35,7,2,0.94,1.4,1.47,7.63,72.67
2025-10-15,16-17,CR-11,Main Building,80,CLS-31,DBMS,FAC-19,Wednesday,17,2.0,0,0,86.19,15,32,6,0.32,2.31,2.29,9.65,24.06
2025-11-28,09-10,CR-18,IT Building,40,CLS-39,Computer Networks,FAC-22,Friday,24,1.0,0,0,87.15,21,24,24,1.49,0.64,1.08,8.25,54.38
2025-08-10,16-17,CR-17,Main Building,50,CLS-20,Statistics,FAC-25,Sunday,39,2.0,0,0,74.35,29,17,35,1.69,2.02,0.6,12.72,52.0
2025-09-03,15-16,CR-11,Main Building,80,CLS-41,Statistics,FAC-12,Wednesday,64,2.0,0,1,69.23,44,26,37,0.85,2.59,0.99,13.44,51.68
2025-07-07,09-10,CR-15,Main Building,30,CLS-48,Statistics,FAC-15,Monday,23,2.0,1,0,81.11,19,8,9,0.94,0.11,0.19,1.9,14.01
2025-07-19,15-16,CR-03,Main Building,40,CLS-30,Python,FAC-30,Saturday,18,3.0,0,1,94.75,17,25,16,2.77,3.22,0.88,20.04,55.05
2025-12-25,09-10,CR-09,Science Building,40,CLS-14,Computer Networks,FAC-16,Thursday,32,3.0,0,1,65.82,21,31,33,1.31,1.0,2.2,14.39,61.38
2025-07-17,11-12,CR-01,Main Building,30,CLS-14,Software Engineering,FAC-17,Thursday,16,3.0,0,1,92.61,15,7,24,0.93,2.01,2.09,12.97,45.82
2025-08-02,15-16,CR-18,IT Building,40,CLS-06,Web Development,FAC-30,Saturday,18,2.0,0,0,79.17,14,16,6,1.24,0.66,1.15,8.4,36.25
2025-09-22,15-16,CR-19,Main Building,30,CLS-04,Artificial Intelligence,FAC-11,Monday,10,2.0,0,0,78.65,8,22,6,1.2,2.26,2.37,10.3,38.33
2025-07-27,13-14,CR-03,Main Building,40,CLS-41,Artificial Intelligence,FAC-24,Sunday,24,2.0,0,0,73.81,18,6,20,1.24,2.49,1.62,11.35,37.5
2025-07-20,10-11,CR-13,IT Building,40,CLS-02,Machine Learning,FAC-04,Sunday,26,1.0,0,0,71.16,19,6,15,0.89,1.29,1.35,6.78,39.38
2025-10-15,10-11,CR-19,Main Building,30,CLS-31,Web Development,FAC-05,Wednesday,26,3.0,0,0,80.26,21,7,7,1.02,1.31,2.65,11.25,58.33
2025-12-03,14-15,CR-02,Main Building,50,CLS-37,Python,FAC-23,Wednesday,43,1.0,0,0,71.18,31,39,7,1.22,1.21,0.69,7.23,66.0
2025-06-11,12-13,CR-11,Main Building,80,CLS-04,Data Science,FAC-10,Wednesday,29,2.0,0,0,76.92,22,63,4,2.17,1.88,1.87,14.16,40.31
2025-08-27,16-17,CR-16,IT Building,60,CLS-14,Computer Networks,FAC-25,Wednesday,37,1.0,0,0,65.82,24,22,22,0.72,1.84,0.59,7.51,39.17
2025-10-09,14-15,CR-19,Main Building,30,CLS-16,DBMS,FAC-12,Thursday,13,3.0,0,0,74.01,10,26,0,1.08,2.64,1.46,11.45,46.67
2025-11-08,13-14,CR-18,IT Building,40,CLS-21,Computer Networks,FAC-03,Saturday,19,2.0,0,0,87.25,17,21,5,0.71,2.83,0.85,8.89,45.0
2025-11-14,13-14,CR-13,IT Building,40,CLS-25,DBMS,FAC-19,Friday,23,2.0,0,0,69.95,16,28,7,0.45,1.91,0.51,7.0,47.5
2025-06-26,14-15,CR-10,Main Building,80,CLS-16,Computer Networks,FAC-22,Thursday,55,1.0,1,0,74.29,41,42,30,0.6,0.41,0.38,1.59,12.68
2025-09-25,08-09,CR-06,IT Building,80,CLS-35,Statistics,FAC-14,Thursday,65,2.0,0,0,73.66,48,12,21,0.8,2.91,0.27,11.64,48.75
2025-08-03,12-13,CR-06,IT Building,80,CLS-34,Machine Learning,FAC-13,Sunday,67,1.0,0,0,96.26,64,64,4,0.68,1.16,1.13,7.72,80.0
2025-06-09,09-10,CR-20,Main Building,60,CLS-45,Operating Systems,FAC-11,Monday,52,1.0,0,1,84.39,44,49,19,0.65,1.33,1.16,7.82,79.87
2025-08-07,08-09,CR-12,IT Building,80,CLS-08,Python,FAC-07,Thursday,58,2.0,0,0,86.92,50,29,31,0.73,1.58,0.69,10.74,55.94
2025-07-25,08-09,CR-09,Science Building,40,CLS-10,Operating Systems,FAC-14,Friday,14,1.5,0,1,83.1,12,12,16,0.45,0.55,0.34,5.55,35.8
2025-11-21,12-13,CR-15,Main Building,30,CLS-08,Software Engineering,FAC-25,Friday,24,1.0,0,0,68.57,16,10,29,0.89,1.2,1.44,7.22,48.33
2025-06-06,14-15,CR-19,Main Building,30,CLS-03,Computer Networks,FAC-16,Friday,18,1.0,1,1,96.18,17,24,30,0.78,0.3,0.23,1.58,6.94
2025-07-15,10-11,CR-17,Main Building,50,CLS-35,Web Development,FAC-20,Tuesday,42,1.5,0,0,84.9,36,29,7,1.26,0.96,0.33,8.05,68.5
2025-11-28,11-12,CR-11,Main Building,80,CLS-35,Operating Systems,FAC-05,Friday,70,1.5,0,0,96.19,67,46,12,0.8,1.39,0.45,8.97,77.19
2025-06-06,14-15,CR-18,IT Building,40,CLS-36,Machine Learning,FAC-26,Friday,11,3.0,0,0,94.26,10,8,12,2.26,1.08,1.81,14.66,23.75
2025-08-18,11-12,CR-19,Main Building,30,CLS-33,Software Engineering,FAC-29,Monday,8,2.0,0,0,75.32,6,21,15,0.65,2.65,1.16,8.29,32.5
2025-09-22,13-14,CR-17,Main Building,50,CLS-15,DBMS,FAC-07,Monday,35,1.0,0,0,77.64,27,7,16,1.34,1.04,1.44,8.19,44.0
2025-06-25,11-12,CR-01,Main Building,30,CLS-39,Python,FAC-20,Wednesday,9,1.0,0,1,96.23,9,24,27,0.43,0.77,1.33,6.02,47.01
2025-06-06,10-11,CR-18,IT Building,40,CLS-09,Computer Networks,FAC-05,Friday,19,1.0,0,0,91.38,17,22,4,0.42,0.67,1.4,4.6,45.62
2025-11-15,10-11,CR-08,Main Building,30,CLS-06,Statistics,FAC-02,Saturday,26,1.0,0,0,89.79,23,8,0,0.99,1.65,0.79,6.23,64.17
2025-08-08,12-13,CR-03,Main Building,40,CLS-02,Python,FAC-23,Friday,30,1.5,1,1,73.06,22,23,6,0.73,0.21,0.49,1.86,9.02
2025-09-04,11-12,CR-18,IT Building,40,CLS-42,Machine Learning,FAC-02,Thursday,27,1.5,1,1,76.53,21,25,6,0.92,0.47,0.12,1.55,23.65
2025-07-07,12-13,CR-18,IT Building,40,CLS-30,Python,FAC-19,Monday,31,2.0,0,0,95.28,30,15,24,1.26,2.36,1.3,11.64,65.62
2025-08-05,14-15,CR-07,Main Building,30,CLS-12,Data Science,FAC-12,Tuesday,8,1.5,0,0,72.52,6,9,9,0.6,1.35,1.57,6.87,22.5
2025-06-04,12-13,CR-07,Main Building,30,CLS-12,Computer Networks,FAC-04,Wednesday,9,2.0,0,0,74.32,7,5,6,1.33,0.61,2.09,8.96,21.67
2025-08-18,14-15,CR-17,Main Building,50,CLS-28,Machine Learning,FAC-23,Monday,34,1.0,0,0,97.67,33,7,9,0.76,0.52,0.46,6.03,53.0
2025-10-18,14-15,CR-15,Main Building,30,CLS-45,Data Science,FAC-02,Saturday,10,3.0,0,0,91.0,9,23,10,0.95,3.17,2.14,12.98,41.67
2025-12-17,11-12,CR-13,IT Building,40,CLS-27,Data Science,FAC-03,Wednesday,26,1.0,0,0,75.65,20,7,0,0.93,0.72,0.82,5.73,41.88
2025-08-26,15-16,CR-16,IT Building,60,CLS-39,Artificial Intelligence,FAC-01,Tuesday,15,1.0,0,0,92.71,14,17,21,0.99,0.79,0.98,7.35,24.58
2025-12-22,08-09,CR-01,Main Building,30,CLS-30,DBMS,FAC-20,Monday,20,1.0,0,0,81.7,16,24,14,0.75,0.68,0.77,5.03,60.0
2025-07-14,10-11,CR-03,Main Building,40,CLS-07,DBMS,FAC-18,Monday,34,1.5,0,0,95.54,32,38,30,0.91,2.02,1.18,9.03,83.75
2025-06-20,14-15,CR-16,IT Building,60,CLS-10,Data Science,FAC-04,Friday,13,3.0,0,0,88.23,11,54,17,0.97,3.8,1.71,14.48,36.25
2025-12-08,14-15,CR-04,Science Building,30,CLS-32,Machine Learning,FAC-19,Monday,11,2.0,0,0,68.31,8,4,14,1.77,0.52,1.32,9.94,23.33
2025-08-05,12-13,CR-08,Main Building,30,CLS-27,Python,FAC-05,Tuesday,13,3.0,0,0,71.36,9,8,5,1.98,3.93,1.53,16.17,29.17
2025-09-01,10-11,CR-03,Main Building,40,CLS-42,Computer Networks,FAC-01,Monday,12,1.0,0,0,81.36,10,23,5,1.41,1.83,1.23,8.23,33.12
2025-07-07,08-09,CR-19,Main Building,30,CLS-18,Web Development,FAC-24,Monday,20,3.0,0,0,74.78,15,16,19,1.75,1.28,1.47,13.42,50.83
2025-06-06,11-12,CR-06,IT Building,80,CLS-27,Artificial Intelligence,FAC-11,Friday,22,1.0,0,0,94.57,21,64,5,0.77,0.53,1.33,6.67,39.69
2025-11-14,15-16,CR-20,Main Building,60,CLS-20,Software Engineering,FAC-01,Friday,55,1.0,0,0,70.75,39,53,22,1.03,0.54,0.75,7.17,70.83
2025-10-28,16-17,CR-12,IT Building,80,CLS-08,Computer Networks,FAC-02,Tuesday,24,1.0,0,1,94.87,23,26,20,1.34,0.86,0.35,8.66,37.42
2025-10-16,09-10,CR-06,IT Building,80,CLS-28,Software Engineering,FAC-29,Thursday,41,3.0,1,0,85.7,35,64,16,0.34,0.34,0.02,2.17,12.87
2025-09-18,16-17,CR-14,IT Building,80,CLS-09,DBMS,FAC-15,Thursday,40,1.0,0,1,72.01,29,46,19,1.32,0.59,0.52,8.74,46.3
2025-06-07,16-17,CR-08,Main Building,30,CLS-29,Software Engineering,FAC-03,Saturday,24,1.0,0,0,97.95,24,19,9,0.79,1.55,0.48,6.34,75.83
2025-11-06,10-11,CR-03,Main Building,40,CLS-28,Web Development,FAC-02,Thursday,9,1.5,0,1,75.38,7,18,25,1.7,1.71,0.93,11.0,30.02
2025-12-04,10-11,CR-07,Main Building,30,CLS-21,DBMS,FAC-09,Thursday,23,1.0,0,0,83.4,19,12,14,0.97,0.75,0.75,5.77,57.5
2025-06-11,16-17,CR-06,IT Building,80,CLS-08,DBMS,FAC-19,Wednesday,49,1.5,0,0,90.12,44,67,11,1.09,2.38,0.76,9.96,62.19
2025-07-08,08-09,CR-06,IT Building,80,CLS-05,Data Science,FAC-07,Tuesday,63,2.0,0,0,78.72,50,13,22,2.02,1.87,1.48,14.88,50.94
2025-08-24,08-09,CR-07,Main Building,30,CLS-49,DBMS,FAC-01,Sunday,7,1.0,0,1,73.93,5,20,12,1.5,0.96,1.36,7.83,32.66
2025-08-14,14-15,CR-15,Main Building,30,CLS-16,Statistics,FAC-04,Thursday,25,1.0,0,1,87.32,22,20,18,0.68,1.32,1.3,6.56,78.28
2025-10-24,09-10,CR-04,Science Building,30,CLS-17,Machine Learning,FAC-13,Friday,6,1.0,0,0,66.39,4,16,18,1.0,1.78,0.73,6.44,23.33
2025-12-10,10-11,CR-08,Main Building,30,CLS-09,Operating Systems,FAC-07,Wednesday,20,2.0,0,1,89.42,18,28,18,1.66,1.44,0.57,11.11,74.69
2025-12-07,08-09,CR-13,IT Building,40,CLS-01,Software Engineering,FAC-26,Sunday,31,1.0,0,1,87.63,27,11,35,0.27,0.82,0.34,5.98,62.05
2025-08-06,14-15,CR-08,Main Building,30,CLS-03,Python,FAC-01,Wednesday,25,3.0,0,1,83.82,21,12,21,2.33,0.89,2.56,17.49,65.81
2025-09-20,09-10,CR-04,Science Building,30,CLS-47,DBMS,FAC-15,Saturday,8,1.0,0,0,97.06,8,14,2,0.35,1.85,0.41,4.8,31.67
2025-11-17,16-17,CR-12,IT Building,80,CLS-45,Web Development,FAC-11,Monday,48,1.0,0,0,77.97,37,31,1,1.31,1.86,0.88,9.4,44.38
2025-07-19,12-13,CR-01,Main Building,30,CLS-05,Artificial Intelligence,FAC-07,Saturday,16,3.0,0,0,92.48,15,17,13,0.58,3.34,1.57,11.56,51.67
2025-06-08,15-16,CR-11,Main Building,80,CLS-25,Statistics,FAC-20,Sunday,54,1.0,0,1,79.87,43,46,25,0.78,1.26,1.43,9.47,59.28
2025-07-08,08-09,CR-04,Science Building,30,CLS-04,Software Engineering,FAC-05,Tuesday,14,2.0,1,0,70.95,10,8,22,0.72,0.41,0.34,1.61,10.48
2025-06-24,16-17,CR-05,Main Building,80,CLS-09,DBMS,FAC-17,Tuesday,44,2.0,0,0,85.03,37,31,25,1.52,2.65,2.1,14.11,44.38
2025-07-07,08-09,CR-17,Main Building,50,CLS-23,Software Engineering,FAC-29,Monday,14,1.5,0,0,93.7,13,15,29,1.01,2.12,0.71,8.94,27.0
2025-07-29,13-14,CR-07,Main Building,30,CLS-27,Web Development,FAC-06,Tuesday,13,1.0,0,0,65.13,8,4,9,0.87,0.65,1.19,5.54,23.33
2025-06-23,10-11,CR-20,Main Building,60,CLS-07,Software Engineering,FAC-05,Monday,47,2.0,0,0,67.87,32,44,7,0.89,2.45,0.59,9.65,58.33
2025-11-23,14-15,CR-03,Main Building,40,CLS-41,Data Science,FAC-26,Sunday,28,1.0,0,1,86.36,24,7,18,1.4,1.52,1.26,8.98,55.37
2025-09-10,09-10,CR-02,Main Building,50,CLS-04,Operating Systems,FAC-20,Wednesday,21,1.0,0,0,94.52,20,34,26,1.14,1.46,1.08,7.95,47.0
2025-06-07,08-09,CR-03,Main Building,40,CLS-09,Software Engineering,FAC-08,Saturday,24,1.0,0,0,78.67,19,7,5,0.31,1.68,1.1,5.73,40.0
2025-12-03,10-11,CR-07,Main Building,30,CLS-09,Statistics,FAC-24,Wednesday,26,1.5,0,0,76.09,20,6,4,0.77,2.25,1.64,7.9,55.0
2025-06-08,12-13,CR-18,IT Building,40,CLS-46,Artificial Intelligence,FAC-01,Sunday,23,2.0,0,0,81.99,19,26,14,0.54,1.04,1.73,7.98,51.88
2025-12-26,12-13,CR-10,Main Building,80,CLS-25,Python,FAC-29,Friday,35,2.0,0,0,96.35,34,68,26,2.06,1.44,2.02,14.45,53.12
2025-07-27,12-13,CR-13,IT Building,40,CLS-02,Machine Learning,FAC-20,Sunday,10,1.0,0,0,76.6,8,29,31,0.46,0.55,0.73,5.3,33.12
2025-12-02,11-12,CR-10,Main Building,80,CLS-32,Data Science,FAC-09,Tuesday,31,1.0,0,0,71.81,22,22,31,1.46,0.54,1.23,9.31,27.5
2025-09-13,16-17,CR-06,IT Building,80,CLS-11,Artificial Intelligence,FAC-25,Saturday,22,2.0,1,0,75.61,17,70,11,0.04,0.46,0.07,0.97,8.25
2025-06-01,16-17,CR-13,IT Building,40,CLS-27,Computer Networks,FAC-30,Sunday,19,2.0,0,0,67.15,13,14,17,0.36,0.79,0.41,6.11,33.12
2025-06-20,15-16,CR-14,IT Building,80,CLS-35,Operating Systems,FAC-17,Friday,70,3.0,0,1,90.1,63,49,30,1.59,1.7,1.4,18.31,79.18
2025-06-21,10-11,CR-19,Main Building,30,CLS-04,DBMS,FAC-12,Saturday,6,1.0,0,0,75.55,5,20,9,0.73,1.42,1.03,5.82,29.17
2025-10-07,15-16,CR-10,Main Building,80,CLS-10,Data Science,FAC-08,Tuesday,36,3.0,0,0,80.9,29,51,3,1.35,3.95,2.51,17.8,43.12
2025-08-18,14-15,CR-13,IT Building,40,CLS-36,Data Science,FAC-04,Monday,12,1.0,0,0,73.9,9,22,38,0.38,1.03,0.75,5.74,30.62
2025-12-06,13-14,CR-06,IT Building,80,CLS-23,Web Development,FAC-19,Saturday,66,1.0,0,0,65.55,43,47,18,1.27,1.04,0.98,9.29,55.0
2025-11-12,09-10,CR-04,Science Building,30,CLS-07,Statistics,FAC-16,Wednesday,12,2.0,0,0,96.36,12,20,4,2.5,1.43,0.92,12.1,46.67
2025-09-27,11-12,CR-01,Main Building,30,CLS-43,Computer Networks,FAC-08,Saturday,15,1.0,0,1,93.33,14,13,16,1.5,1.44,1.24,8.46,53.08
2025-10-07,10-11,CR-03,Main Building,40,CLS-34,Software Engineering,FAC-09,Tuesday,26,3.0,0,1,83.95,22,7,25,2.54,2.91,0.31,19.17,50.06
2025-12-16,08-09,CR-12,IT Building,80,CLS-07,Machine Learning,FAC-02,Tuesday,27,1.0,0,0,76.11,21,51,12,0.43,0.85,1.38,6.79,35.62
2025-11-16,12-13,CR-03,Main Building,40,CLS-47,Data Science,FAC-08,Sunday,35,1.0,0,0,82.63,29,9,19,0.52,0.75,0.55,5.19,60.0
2025-11-04,16-17,CR-14,IT Building,80,CLS-01,DBMS,FAC-16,Tuesday,25,1.0,1,1,81.58,20,61,3,0.27,0.47,0.23,1.33,7.35
2025-06-16,11-12,CR-04,Science Building,30,CLS-39,Operating Systems,FAC-18,Monday,24,2.0,0,0,75.85,18,6,2,1.72,1.2,1.53,10.11,50.0
2025-12-24,12-13,CR-02,Main Building,50,CLS-01,DBMS,FAC-10,Wednesday,40,3.0,0,0,90.48,36,13,31,2.8,1.41,1.17,18.56,60.5
2025-12-09,09-10,CR-19,Main Building,30,CLS-30,Software Engineering,FAC-14,Tuesday,7,3.0,1,0,94.75,7,24,24,0.09,0.07,0.25,1.23,8.11
2025-07-10,13-14,CR-20,Main Building,60,CLS-49,Python,FAC-24,Thursday,44,1.0,0,1,68.52,30,50,18,0.68,0.72,1.05,7.7,65.41
2025-11-10,15-16,CR-17,Main Building,50,CLS-22,Artificial Intelligence,FAC-30,Monday,10,2.0,0,0,93.26,9,20,28,0.51,2.22,1.17,8.59,23.5
2025-08-27,11-12,CR-11,Main Building,80,CLS-34,Data Science,FAC-23,Wednesday,23,1.0,0,0,71.8,17,68,33,0.75,0.61,1.12,7.37,37.19
2025-12-08,08-09,CR-16,IT Building,60,CLS-09,Operating Systems,FAC-20,Monday,15,2.0,0,0,69.0,10,16,26,2.2,1.73,1.54,13.51,19.17
2025-06-28,14-15,CR-01,Main Building,30,CLS-36,Software Engineering,FAC-04,Saturday,25,1.5,0,0,83.79,21,10,21,0.97,0.89,1.55,7.54,60.83
2025-10-31,14-15,CR-09,Science Building,40,CLS-31,Operating Systems,FAC-25,Friday,11,2.0,0,0,75.12,8,27,14,1.32,1.62,1.84,10.41,31.88
2025-06-11,15-16,CR-14,IT Building,80,CLS-36,Machine Learning,FAC-29,Wednesday,73,1.0,0,0,85.57,62,13,35,1.06,1.57,0.62,9.54,62.19
2025-09-02,13-14,CR-15,Main Building,30,CLS-33,Python,FAC-01,Tuesday,11,2.0,0,0,75.15,8,10,25,2.47,2.54,0.62,13.11,28.33
2025-12-14,10-11,CR-07,Main Building,30,CLS-26,Data Science,FAC-06,Sunday,9,1.5,0,0,65.18,6,16,19,0.32,0.99,0.45,5.4,28.33
2025-11-19,14-15,CR-18,IT Building,40,CLS-23,Operating Systems,FAC-09,Wednesday,20,2.0,0,0,89.31,18,30,28,0.74,1.5,1.39,9.03,52.5
2025-11-22,13-14,CR-03,Main Building,40,CLS-28,Statistics,FAC-23,Saturday,11,1.0,0,0,91.74,10,15,5,1.3,1.86,0.89,7.29,28.12
2025-08-22,08-09,CR-04,Science Building,30,CLS-27,Web Development,FAC-27,Friday,10,1.5,0,0,83.65,8,19,29,0.69,1.36,1.36,7.47,35.83
2025-06-03,11-12,CR-07,Main Building,30,CLS-24,Python,FAC-27,Tuesday,26,2.0,0,0,73.48,19,13,27,0.37,0.53,0.3,5.79,58.33
2025-07-25,09-10,CR-20,Main Building,60,CLS-35,DBMS,FAC-19,Friday,20,1.0,0,0,97.56,20,41,4,0.63,0.69,0.93,5.52,42.08
2025-07-27,08-09,CR-01,Main Building,30,CLS-20,Machine Learning,FAC-24,Sunday,19,2.0,0,0,93.31,18,14,27,1.78,1.24,1.51,11.56,56.67
2025-07-29,08-09,CR-05,Main Building,80,CLS-07,Artificial Intelligence,FAC-30,Tuesday,20,1.5,0,0,87.0,17,61,18,1.77,2.24,1.26,12.2,35.0
2025-09-12,11-12,CR-08,Main Building,30,CLS-43,Statistics,FAC-28,Friday,16,1.0,0,1,79.19,13,6,2,1.05,1.73,0.26,6.92,39.52
2025-06-05,09-10,CR-09,Science Building,40,CLS-32,Computer Networks,FAC-09,Thursday,32,1.0,0,1,72.43,23,33,7,0.85,0.7,0.74,6.35,67.67
2025-08-03,16-17,CR-11,Main Building,80,CLS-21,Machine Learning,FAC-05,Sunday,50,3.0,0,0,70.85,35,75,21,1.25,1.81,2.98,16.12,56.25
2025-12-24,09-10,CR-05,Main Building,80,CLS-15,Statistics,FAC-12,Wednesday,64,2.0,0,1,72.94,47,24,21,1.41,1.92,0.75,13.63,55.74
2025-07-10,14-15,CR-02,Main Building,50,CLS-49,Statistics,FAC-15,Thursday,20,1.0,1,0,89.97,18,8,9,0.31,0.46,0.33,1.45,5.85
2025-08-14,14-15,CR-12,IT Building,80,CLS-50,Web Development,FAC-14,Thursday,65,1.5,0,0,91.99,60,16,22,0.76,1.18,1.89,9.92,61.25
2025-06-17,15-16,CR-04,Science Building,30,CLS-02,Operating Systems,FAC-07,Tuesday,7,3.0,0,0,70.44,5,7,11,0.37,2.09,2.45,9.63,18.33
2025-09-07,12-13,CR-16,IT Building,60,CLS-35,DBMS,FAC-16,Sunday,54,2.0,0,0,82.6,45,15,31,0.48,1.97,2.0,10.74,62.5
2025-08-21,12-13,CR-08,Main Building,30,CLS-34,Python,FAC-25,Thursday,11,1.5,0,0,68.08,7,13,16,0.55,0.52,1.29,5.83,28.33
2025-08-23,15-16,CR-06,IT Building,80,CLS-25,Python,FAC-06,Saturday,52,1.0,0,0,97.41,51,62,33,0.33,1.85,1.27,8.45,67.19
2025-09-12,10-11,CR-15,Main Building,30,CLS-12,Software Engineering,FAC-17,Friday,15,1.0,0,0,75.37,11,17,8,1.47,0.93,1.36,7.38,41.67
2025-07-05,08-09,CR-15,Main Building,30,CLS-42,Computer Networks,FAC-22,Saturday,12,1.0,0,0,83.59,10,26,6,0.4,1.3,0.7,4.84,46.67
2025-08-26,11-12,CR-18,IT Building,40,CLS-26,Operating Systems,FAC-14,Tuesday,30,1.0,0,1,91.14,27,14,13,1.2,1.87,0.27,7.99,66.73
2025-09-19,16-17,CR-16,IT Building,60,CLS-39,Python,FAC-14,Friday,54,2.0,0,0,67.68,37,42,33,0.3,2.07,1.67,10.26,63.75
2025-09-09,11-12,CR-06,IT Building,80,CLS-04,Artificial Intelligence,FAC-25,Tuesday,39,3.0,0,0,97.57,38,12,22,1.34,1.66,1.97,15.11,39.38
2025-12-19,08-09,CR-17,Main Building,50,CLS-39,Data Science,FAC-16,Friday,22,2.0,0,0,85.95,19,27,38,2.18,1.73,0.74,13.83,42.0
2025-09-24,14-15,CR-09,Science Building,40,CLS-50,Python,FAC-11,Wednesday,14,2.0,1,0,70.6,10,32,28,0.0,0.36,0.06,0.97,4.55
2025-09-30,16-17,CR-20,Main Building,60,CLS-30,Operating Systems,FAC-23,Tuesday,33,1.0,0,0,83.49,28,36,4,0.75,1.51,0.32,6.23,50.0
2025-10-29,08-09,CR-08,Main Building,30,CLS-34,Web Development,FAC-05,Wednesday,11,1.5,0,0,69.09,8,27,26,1.12,1.17,0.77,7.6,42.5
2025-07-04,15-16,CR-07,Main Building,30,CLS-12,Python,FAC-23,Friday,11,1.0,1,0,67.15,7,19,3,0.97,0.34,0.21,1.29,4.4
2025-06-20,15-16,CR-12,IT Building,80,CLS-42,Operating Systems,FAC-14,Friday,54,1.0,0,0,88.16,48,66,10,1.2,1.67,0.85,8.95,65.62
2025-06-15,12-13,CR-06,IT Building,80,CLS-40,Software Engineering,FAC-12,Sunday,23,1.0,0,1,95.58,22,63,36,1.0,0.8,1.4,9.23,45.63
2025-06-09,13-14,CR-06,IT Building,80,CLS-07,Computer Networks,FAC-19,Monday,16,1.0,0,0,95.19,15,35,1,1.49,1.81,1.5,9.31,25.0
2025-07-17,14-15,CR-19,Main Building,30,CLS-36,Python,FAC-04,Thursday,14,1.0,1,0,92.16,13,12,15,0.23,0.05,0.49,0.77,14.82
2025-06-16,14-15,CR-18,IT Building,40,CLS-02,Machine Learning,FAC-15,Monday,22,3.0,0,0,74.77,16,11,25,2.64,0.51,0.31,14.41,36.88
2025-07-20,15-16,CR-02,Main Building,50,CLS-22,Python,FAC-02,Sunday,28,2.0,0,0,87.76,25,18,26,1.52,0.69,0.62,10.11,46.5
2025-12-31,15-16,CR-06,IT Building,80,CLS-17,Web Development,FAC-13,Wednesday,52,1.0,0,0,77.81,40,32,36,0.48,1.69,0.77,8.26,47.5
2025-08-11,15-16,CR-14,IT Building,80,CLS-16,Software Engineering,FAC-01,Monday,50,1.0,0,0,68.0,34,62,20,0.41,0.86,1.32,6.96,51.25
2025-08-06,08-09,CR-06,IT Building,80,CLS-23,Statistics,FAC-24,Wednesday,55,3.0,0,0,95.51,53,25,38,2.52,1.67,1.0,19.93,57.5
2025-07-27,11-12,CR-05,Main Building,80,CLS-30,Data Science,FAC-25,Sunday,47,1.0,0,0,97.78,46,32,36,0.41,0.57,1.12,7.43,53.12
2025-07-01,14-15,CR-08,Main Building,30,CLS-23,Python,FAC-10,Tuesday,24,3.0,0,0,92.46,22,8,26,2.58,2.87,2.87,19.7,61.67
2025-09-19,14-15,CR-15,Main Building,30,CLS-26,Artificial Intelligence,FAC-27,Friday,11,1.5,0,1,96.94,11,24,9,1.73,1.12,0.59,9.14,51.64
2025-07-23,15-16,CR-09,Science Building,40,CLS-40,Statistics,FAC-12,Wednesday,8,1.5,1,0,83.09,7,38,34,0.45,0.44,0.05,1.6,8.5
2025-12-26,08-09,CR-14,IT Building,80,CLS-48,Operating Systems,FAC-12,Friday,64,1.5,0,0,68.13,44,17,34,0.81,1.27,1.34,10.08,46.56
2025-06-03,09-10,CR-19,Main Building,30,CLS-11,Statistics,FAC-02,Tuesday,11,1.0,0,0,70.22,8,28,26,1.33,1.17,1.4,7.32,43.33
2025-08-16,11-12,CR-20,Main Building,60,CLS-03,Web Development,FAC-09,Saturday,46,2.0,0,1,69.68,32,23,11,0.26,1.83,0.49,8.37,56.98
2025-08-29,11-12,CR-08,Main Building,30,CLS-14,Data Science,FAC-01,Friday,11,1.0,0,0,77.93,9,5,4,0.99,0.91,0.47,5.38,26.67
2025-12-25,13-14,CR-11,Main Building,80,CLS-23,Python,FAC-04,Thursday,55,2.0,0,0,95.97,53,48,21,0.96,2.14,0.43,11.44,64.69
2025-12-21,08-09,CR-08,Main Building,30,CLS-26,Statistics,FAC-17,Sunday,23,3.0,0,0,73.0,17,26,25,2.38,2.35,2.8,18.31,64.17
2025-07-24,11-12,CR-08,Main Building,30,CLS-13,Data Science,FAC-10,Thursday,13,1.5,0,1,79.82,10,17,4,1.96,2.42,0.83,10.97,41.21
2025-10-16,08-09,CR-12,IT Building,80,CLS-37,Software Engineering,FAC-21,Thursday,30,1.0,0,0,94.24,28,46,5,1.31,0.82,1.03,8.43,40.62
2025-07-12,08-09,CR-15,Main Building,30,CLS-50,Artificial Intelligence,FAC-25,Saturday,25,1.5,0,1,93.21,23,23,19,1.95,1.38,0.36,10.08,79.47
2025-06-15,09-10,CR-05,Main Building,80,CLS-16,Operating Systems,FAC-13,Sunday,28,1.0,0,0,89.72,25,51,37,0.96,1.17,0.64,7.9,39.38
2025-09-04,12-13,CR-06,IT Building,80,CLS-05,Python,FAC-13,Thursday,27,2.0,0,0,89.98,24,38,28,1.47,2.69,1.47,13.68,34.38
2025-08-27,09-10,CR-19,Main Building,30,CLS-09,Data Science,FAC-13,Wednesday,20,1.0,1,0,72.86,15,7,15,0.85,0.28,0.1,0.87,9.17
2025-12-02,14-15,CR-05,Main Building,80,CLS-28,Web Development,FAC-16,Tuesday,36,1.0,1,1,92.87,33,63,16,0.45,0.36,0.05,1.87,20.28
2025-07-07,08-09,CR-20,Main Building,60,CLS-28,Machine Learning,FAC-15,Monday,26,1.0,0,1,78.07,20,46,10,1.48,1.71,0.45,8.85,50.13
2025-10-15,12-13,CR-11,Main Building,80,CLS-09,Web Development,FAC-02,Wednesday,28,1.0,1,0,86.46,24,20,22,0.76,0.37,0.25,1.35,8.84
2025-08-24,13-14,CR-01,Main Building,30,CLS-21,Machine Learning,FAC-09,Sunday,12,2.0,0,0,91.76,11,22,20,1.23,0.81,1.52,9.38,45.83
2025-06-27,12-13,CR-08,Main Building,30,CLS-43,Python,FAC-17,Friday,20,1.5,0,0,95.71,19,24,4,1.0,1.16,1.96,7.85,67.5
2025-08-06,15-16,CR-20,Main Building,60,CLS-09,Artificial Intelligence,FAC-23,Wednesday,28,3.0,0,0,93.49,26,14,32,1.14,2.12,1.39,14.29,38.33
2025-10-18,11-12,CR-09,Science Building,40,CLS-41,Artificial Intelligence,FAC-23,Saturday,37,2.0,0,1,71.25,26,17,0,1.48,0.56,1.97,10.4,63.19
2025-10-17,15-16,CR-16,IT Building,60,CLS-03,Computer Networks,FAC-16,Friday,52,1.5,0,0,84.17,44,22,15,1.34,0.6,0.62,8.91,64.17
2025-12-11,10-11,CR-19,Main Building,30,CLS-38,Software Engineering,FAC-14,Thursday,17,1.0,0,1,85.71,15,5,5,0.96,1.42,0.94,6.64,45.71
2025-12-01,16-17,CR-10,Main Building,80,CLS-28,Web Development,FAC-02,Monday,72,2.0,0,1,74.01,53,57,33,0.8,0.84,2.16,12.36,72.68
2025-12-30,16-17,CR-06,IT Building,80,CLS-50,Artificial Intelligence,FAC-23,Tuesday,43,2.0,0,0,70.85,30,63,11,2.21,2.36,1.73,15.29,47.81
2025-06-05,16-17,CR-09,Science Building,40,CLS-26,Operating Systems,FAC-05,Thursday,29,2.0,0,0,78.43,23,25,13,0.84,2.95,2.04,10.97,58.75
2025-12-17,13-14,CR-12,IT Building,80,CLS-06,Statistics,FAC-13,Wednesday,26,2.0,0,0,90.04,23,35,22,0.92,1.57,0.67,10.03,32.5
2025-06-03,09-10,CR-18,IT Building,40,CLS-12,Artificial Intelligence,FAC-24,Tuesday,33,2.0,1,0,68.66,23,16,19,0.72,0.13,0.41,2.04,12.44
2025-10-20,14-15,CR-07,Main Building,30,CLS-38,Web Development,FAC-29,Monday,11,2.0,0,0,91.04,10,9,25,1.96,1.37,1.27,11.46,32.5
2025-07-12,11-12,CR-09,Science Building,40,CLS-06,Web Development,FAC-19,Saturday,26,1.0,0,0,84.63,22,6,38,1.47,0.99,1.4,8.76,45.0
2025-11-27,14-15,CR-13,IT Building,40,CLS-11,Operating Systems,FAC-02,Thursday,12,1.5,0,0,85.24,10,22,21,0.73,1.05,0.45,7.1,32.5
2025-12-29,08-09,CR-19,Main Building,30,CLS-24,Computer Networks,FAC-07,Monday,11,1.0,0,0,68.76,8,24,1,0.68,1.64,1.01,5.71,40.0
2025-06-05,11-12,CR-20,Main Building,60,CLS-05,Python,FAC-24,Thursday,17,2.0,0,0,87.12,15,32,12,0.64,1.68,1.71,9.03,32.08
2025-10-16,10-11,CR-05,Main Building,80,CLS-11,Web Development,FAC-27,Thursday,45,1.0,0,1,65.93,30,40,24,0.27,0.69,0.56,6.72,47.74
2025-11-25,08-09,CR-14,IT Building,80,CLS-02,Software Engineering,FAC-05,Tuesday,45,1.5,1,0,69.55,31,53,25,0.67,0.3,0.15,1.19,8.41
2025-06-29,14-15,CR-02,Main Building,50,CLS-31,Computer Networks,FAC-28,Sunday,18,1.5,0,0,65.45,12,40,22,0.39,1.28,0.52,6.82,38.0
2025-06-03,08-09,CR-19,Main Building,30,CLS-21,DBMS,FAC-15,Tuesday,11,1.0,0,0,83.06,9,6,14,0.54,1.02,1.02,4.9,27.5
2025-12-29,14-15,CR-05,Main Building,80,CLS-15,Machine Learning,FAC-07,Monday,71,1.0,0,0,93.41,66,13,39,1.19,1.33,0.7,10.16,65.94
2025-08-06,12-13,CR-03,Main Building,40,CLS-28,Web Development,FAC-05,Wednesday,38,1.0,1,0,66.3,25,30,22,0.99,0.33,0.34,1.5,12.0
2025-12-27,12-13,CR-04,Science Building,30,CLS-48,DBMS,FAC-15,Saturday,11,1.5,0,0,66.25,7,20,11,1.31,1.47,0.44,7.85,34.17
2025-10-01,14-15,CR-02,Main Building,50,CLS-28,DBMS,FAC-26,Wednesday,26,2.0,0,0,83.15,22,46,2,1.18,0.68,1.86,8.97,56.0
2025-12-27,12-13,CR-14,IT Building,80,CLS-05,Operating Systems,FAC-11,Saturday,70,1.0,0,1,88.19,62,68,1,1.02,1.27,0.79,8.53,87.36
2025-12-31,15-16,CR-20,Main Building,60,CLS-40,Statistics,FAC-07,Wednesday,23,1.0,1,0,96.06,22,11,10,0.59,0.16,0.22,1.38,5.97
2025-07-27,15-16,CR-10,Main Building,80,CLS-18,Web Development,FAC-03,Sunday,65,1.5,0,0,91.59,60,46,22,0.53,1.09,1.44,9.3,70.62
2025-09-18,13-14,CR-07,Main Building,30,CLS-33,Computer Networks,FAC-19,Thursday,14,1.5,0,0,69.3,10,9,11,1.58,0.64,0.27,7.42,32.5
2025-08-15,16-17,CR-12,IT Building,80,CLS-48,DBMS,FAC-13,Friday,69,3.0,0,0,94.64,65,17,17,1.85,1.73,0.89,16.58,66.25
2025-11-24,15-16,CR-06,IT Building,80,CLS-13,Software Engineering,FAC-14,Monday,62,2.0,0,0,97.72,61,13,0,2.46,2.09,1.25,15.79,61.25
2025-10-31,13-14,CR-08,Main Building,30,CLS-33,Artificial Intelligence,FAC-21,Friday,16,1.5,1,0,81.21,13,9,2,0.68,0.05,0.16,1.09,8.69
2025-08-11,11-12,CR-11,Main Building,80,CLS-50,Statistics,FAC-20,Monday,17,3.0,0,1,90.9,15,40,30,1.59,1.67,0.48,15.33,31.76
2025-08-07,14-15,CR-02,Main Building,50,CLS-20,Operating Systems,FAC-28,Thursday,36,2.0,0,0,83.16,30,21,29,0.86,2.04,2.45,11.33,55.5
2025-10-08,16-17,CR-09,Science Building,40,CLS-18,DBMS,FAC-15,Wednesday,9,1.5,1,0,80.61,7,11,34,0.97,0.39,0.45,1.69,6.51
2025-11-14,13-14,CR-14,IT Building,80,CLS-17,Computer Networks,FAC-28,Friday,45,1.0,1,0,76.01,34,41,25,0.99,0.05,0.03,2.06,11.89
2025-12-25,09-10,CR-12,IT Building,80,CLS-43,Web Development,FAC-29,Thursday,60,1.0,0,0,90.61,54,16,3,0.92,1.7,0.99,8.53,55.62
2025-07-09,15-16,CR-16,IT Building,60,CLS-45,Data Science,FAC-19,Wednesday,19,1.0,0,0,75.38,14,30,2,0.95,1.3,1.28,7.0,30.0
2025-11-26,15-16,CR-18,IT Building,40,CLS-25,Python,FAC-10,Wednesday,15,1.0,0,0,90.19,14,8,21,0.37,1.67,0.71,5.85,31.25
2025-06-10,11-12,CR-08,Main Building,30,CLS-29,Web Development,FAC-30,Tuesday,19,2.0,0,0,66.3,13,10,0,1.07,2.03,0.52,8.27,40.83
2025-09-10,15-16,CR-15,Main Building,30,CLS-43,DBMS,FAC-01,Wednesday,18,1.5,1,0,75.88,14,21,29,0.39,0.37,0.3,1.4,7.39
2025-12-06,10-11,CR-14,IT Building,80,CLS-27,Operating Systems,FAC-30,Saturday,52,2.0,0,0,87.16,45,14,32,1.13,1.72,2.48,13.16,46.56
2025-09-24,16-17,CR-17,Main Building,50,CLS-28,Artificial Intelligence,FAC-07,Wednesday,42,3.0,0,1,74.63,31,9,24,2.35,3.17,1.05,19.71,55.82
2025-07-23,14-15,CR-07,Main Building,30,CLS-20,Data Science,FAC-23,Wednesday,22,2.0,0,1,67.69,15,28,15,0.28,1.57,1.17,7.35,68.76
2025-06-07,13-14,CR-11,Main Building,80,CLS-02,Web Development,FAC-19,Saturday,24,1.0,0,0,73.46,18,19,16,1.36,1.24,1.0,8.85,22.81
2025-11-13,16-17,CR-14,IT Building,80,CLS-49,Machine Learning,FAC-18,Thursday,71,1.5,1,0,68.16,48,15,26,0.38,0.47,0.29,2.21,10.79
2025-07-18,08-09,CR-03,Main Building,40,CLS-26,Data Science,FAC-19,Friday,37,2.0,0,0,95.04,35,18,37,0.87,1.76,2.41,10.79,76.88
2025-10-27,10-11,CR-17,Main Building,50,CLS-40,Machine Learning,FAC-22,Monday,46,3.0,0,0,70.69,33,38,7,2.23,2.65,2.12,17.4,68.5
2025-10-22,10-11,CR-14,IT Building,80,CLS-45,Artificial Intelligence,FAC-29,Wednesday,65,1.0,0,0,87.58,57,23,29,0.52,1.13,0.49,7.46,60.62
2025-12-06,08-09,CR-18,IT Building,40,CLS-28,Web Development,FAC-20,Saturday,16,1.0,0,1,65.27,10,24,10,1.46,1.15,1.46,8.54,35.93
2025-12-01,16-17,CR-08,Main Building,30,CLS-06,DBMS,FAC-11,Monday,15,2.0,1,1,71.63,11,26,0,0.79,0.39,0.06,1.19,10.76
2025-10-23,14-15,CR-15,Main Building,30,CLS-02,Computer Networks,FAC-20,Thursday,11,1.0,0,0,95.1,10,21,14,0.49,1.42,1.48,5.55,42.5
2025-07-19,08-09,CR-12,IT Building,80,CLS-17,Statistics,FAC-17,Saturday,26,1.0,0,1,71.22,19,47,15,0.88,1.69,0.44,8.29,39.37
2025-11-26,10-11,CR-03,Main Building,40,CLS-30,Software Engineering,FAC-04,Wednesday,21,1.5,0,0,86.77,18,30,40,0.82,1.18,1.41,8.86,52.5
2025-09-05,12-13,CR-08,Main Building,30,CLS-44,Machine Learning,FAC-11,Friday,26,2.0,0,0,70.15,18,7,12,2.03,0.66,0.69,10.27,50.83
2025-11-14,12-13,CR-19,Main Building,30,CLS-47,Data Science,FAC-29,Friday,26,2.0,0,0,86.65,23,4,6,2.17,1.13,0.99,10.76,60.83
2025-09-23,08-09,CR-04,Science Building,30,CLS-31,Python,FAC-30,Tuesday,25,1.0,0,0,91.77,23,5,14,1.22,0.72,0.83,6.69,61.67
2025-06-13,11-12,CR-01,Main Building,30,CLS-33,Software Engineering,FAC-02,Friday,22,2.0,0,0,90.57,20,9,12,1.01,2.08,0.36,8.32,57.5
2025-07-09,16-17,CR-06,IT Building,80,CLS-39,Computer Networks,FAC-18,Wednesday,27,2.0,0,0,92.41,25,53,1,1.05,1.2,2.14,10.43,40.0
2025-11-17,08-09,CR-15,Main Building,30,CLS-10,Software Engineering,FAC-17,Monday,27,2.0,0,1,66.65,18,9,20,1.14,1.43,0.89,9.93,58.38
2025-11-09,12-13,CR-03,Main Building,40,CLS-05,Computer Networks,FAC-18,Sunday,8,1.5,0,0,67.11,5,30,7,1.5,1.55,1.83,9.34,28.12
2025-07-14,15-16,CR-13,IT Building,40,CLS-26,Data Science,FAC-01,Monday,25,1.0,0,0,75.33,19,7,15,0.97,1.25,0.86,6.47,40.0
2025-11-07,09-10,CR-15,Main Building,30,CLS-04,Data Science,FAC-30,Friday,19,1.0,1,0,89.94,17,12,8,0.45,0.48,0.13,0.95,8.69
2025-12-23,14-15,CR-06,IT Building,80,CLS-42,Web Development,FAC-11,Tuesday,49,2.0,0,0,87.53,43,22,11,2.37,2.16,2.21,15.8,47.19
2025-06-03,12-13,CR-05,Main Building,80,CLS-20,Data Science,FAC-22,Tuesday,72,1.0,0,0,84.8,61,14,37,0.45,1.3,0.54,8.41,61.56
2025-06-24,10-11,CR-08,Main Building,30,CLS-30,Artificial Intelligence,FAC-08,Tuesday,6,1.0,0,0,89.54,5,22,14,0.91,1.12,0.59,6.01,30.83
2025-09-12,08-09,CR-08,Main Building,30,CLS-40,Computer Networks,FAC-21,Friday,20,1.0,0,0,72.06,14,11,12,1.47,0.71,0.38,6.84,44.17
2025-08-21,10-11,CR-10,Main Building,80,CLS-03,Artificial Intelligence,FAC-12,Thursday,30,2.0,0,0,68.7,21,76,5,1.54,2.45,1.08,12.38,43.44
2025-11-27,16-17,CR-15,Main Building,30,CLS-24,Web Development,FAC-22,Thursday,6,1.0,0,0,69.96,4,20,17,0.83,1.52,1.29,6.56,26.67
2025-07-08,09-10,CR-12,IT Building,80,CLS-46,Statistics,FAC-15,Tuesday,47,1.0,0,0,80.14,38,47,25,0.99,0.9,1.06,8.49,50.31
2025-09-14,10-11,CR-07,Main Building,30,CLS-09,DBMS,FAC-14,Sunday,7,1.5,0,0,73.32,5,23,24,1.92,1.47,0.83,10.16,31.67
2025-11-07,16-17,CR-14,IT Building,80,CLS-19,Statistics,FAC-03,Friday,24,1.0,0,0,70.99,17,74,11,0.56,1.75,1.02,7.23,39.06
2025-07-05,08-09,CR-09,Science Building,40,CLS-12,Statistics,FAC-17,Saturday,20,1.0,0,0,69.0,14,14,0,0.26,1.26,1.5,5.09,35.0
2025-09-07,14-15,CR-13,IT Building,40,CLS-05,Operating Systems,FAC-30,Sunday,26,2.0,0,0,87.93,23,18,22,0.94,2.69,2.01,10.88,54.37
2025-09-05,10-11,CR-19,Main Building,30,CLS-48,Statistics,FAC-26,Friday,23,1.0,0,0,72.47,17,28,17,0.84,1.14,0.61,5.97,65.83
2025-12-06,15-16,CR-13,IT Building,40,CLS-36,Software Engineering,FAC-15,Saturday,30,1.5,0,1,70.68,21,17,23,1.58,2.48,1.61,11.86,57.5
2025-09-20,08-09,CR-10,Main Building,80,CLS-08,DBMS,FAC-09,Saturday,49,1.0,0,1,72.18,35,44,38,0.42,1.33,1.01,8.44,53.44
2025-06-25,13-14,CR-07,Main Building,30,CLS-39,Software Engineering,FAC-24,Wednesday,12,3.0,0,0,88.28,11,8,4,2.12,1.52,1.16,13.05,34.17
2025-09-12,08-09,CR-01,Main Building,30,CLS-01,Machine Learning,FAC-10,Friday,15,1.0,1,0,72.02,11,16,4,0.37,0.14,0.04,1.16,14.37
2025-12-03,09-10,CR-10,Main Building,80,CLS-48,DBMS,FAC-28,Wednesday,18,3.0,0,1,92.39,17,21,13,2.6,1.27,0.43,17.57,26.3
2025-06-05,11-12,CR-17,Main Building,50,CLS-37,Operating Systems,FAC-11,Thursday,19,2.0,0,0,77.98,15,15,2,0.39,1.07,2.03,7.41,30.0
2025-10-30,16-17,CR-14,IT Building,80,CLS-42,Artificial Intelligence,FAC-27,Thursday,58,1.5,0,0,91.55,53,29,18,0.61,1.17,0.48,8.51,58.75
2025-06-03,13-14,CR-20,Main Building,60,CLS-46,Data Science,FAC-02,Tuesday,45,1.0,0,0,90.26,41,23,1,1.3,1.71,0.27,8.45,60.83
2025-10-24,15-16,CR-14,IT Building,80,CLS-28,Statistics,FAC-26,Friday,22,2.0,0,1,71.16,16,63,8,1.72,1.44,2.46,13.97,42.18
2025-10-24,16-17,CR-02,Main Building,50,CLS-42,Artificial Intelligence,FAC-13,Friday,44,1.0,0,0,71.65,32,37,23,1.33,0.98,1.49,8.68,66.5
2025-08-02,08-09,CR-15,Main Building,30,CLS-40,Computer Networks,FAC-14,Saturday,9,2.0,0,1,70.2,6,14,15,1.41,2.48,1.22,11.49,29.58
2025-12-13,12-13,CR-01,Main Building,30,CLS-20,DBMS,FAC-26,Saturday,15,1.5,0,0,79.04,12,26,5,1.31,0.61,1.72,7.64,51.67
2025-08-21,11-12,CR-03,Main Building,40,CLS-43,DBMS,FAC-16,Thursday,29,2.0,0,0,86.39,25,12,0,1.16,0.54,1.58,8.02,54.38
2025-06-14,15-16,CR-16,IT Building,60,CLS-32,DBMS,FAC-21,Saturday,22,1.0,0,0,71.33,16,12,14,1.07,0.58,0.64,6.9,25.0
2025-09-16,09-10,CR-19,Main Building,30,CLS-49,Data Science,FAC-02,Tuesday,10,2.0,0,1,69.93,7,27,26,1.56,2.15,1.87,12.48,45.5
2025-12-02,09-10,CR-19,Main Building,30,CLS-13,Software Engineering,FAC-16,Tuesday,12,1.0,0,0,67.6,8,10,9,0.78,1.92,0.52,5.99,28.33
2025-12-05,10-11,CR-10,Main Building,80,CLS-20,Web Development,FAC-28,Friday,44,1.0,0,1,73.47,32,12,17,0.38,1.41,1.1,8.02,38.71
2025-06-07,15-16,CR-18,IT Building,40,CLS-27,Data Science,FAC-25,Saturday,15,1.0,0,0,81.05,12,36,26,0.42,0.93,1.08,5.79,45.0
2025-08-22,09-10,CR-20,Main Building,60,CLS-05,Operating Systems,FAC-21,Friday,14,2.0,0,0,85.23,12,14,30,1.44,2.21,1.68,12.49,20.83
2025-11-25,11-12,CR-06,IT Building,80,CLS-35,Statistics,FAC-12,Tuesday,21,1.0,0,0,90.69,19,36,16,0.56,1.52,1.38,7.66,29.06
2025-06-10,09-10,CR-18,IT Building,40,CLS-23,Software Engineering,FAC-01,Tuesday,19,1.0,0,0,77.73,15,12,20,1.22,1.59,0.32,7.13,35.62
2025-12-31,15-16,CR-09,Science Building,40,CLS-18,Statistics,FAC-13,Wednesday,29,1.0,0,1,96.92,28,13,25,1.26,0.66,0.4,7.76,62.91
2025-10-04,15-16,CR-01,Main Building,30,CLS-04,Web Development,FAC-01,Saturday,24,1.0,0,0,84.62,20,14,28,0.68,0.55,0.93,5.65,61.67
2025-08-19,09-10,CR-18,IT Building,40,CLS-18,Python,FAC-25,Tuesday,15,2.0,1,1,91.46,14,15,11,0.92,0.38,0.41,1.77,9.98
2025-11-22,11-12,CR-19,Main Building,30,CLS-25,Computer Networks,FAC-25,Saturday,11,3.0,1,0,72.14,8,11,16,0.26,0.1,0.38,1.36,6.17
2025-12-28,16-17,CR-18,IT Building,40,CLS-26,Web Development,FAC-21,Sunday,30,2.0,0,0,94.09,28,6,9,1.69,1.47,1.21,10.87,56.25
2025-09-09,13-14,CR-06,IT Building,80,CLS-39,Artificial Intelligence,FAC-03,Tuesday,73,1.5,0,0,67.49,49,38,13,0.31,1.89,1.02,9.25,57.81
2025-12-02,11-12,CR-11,Main Building,80,CLS-47,Computer Networks,FAC-05,Tuesday,28,1.0,0,1,74.15,21,71,19,0.84,1.21,0.74,8.7,45.46
2025-06-06,16-17,CR-17,Main Building,50,CLS-04,Computer Networks,FAC-16,Friday,12,2.0,1,1,92.08,11,42,30,0.45,0.3,0.45,1.54,5.13
2025-07-14,08-09,CR-04,Science Building,30,CLS-39,Statistics,FAC-03,Monday,23,3.0,1,0,95.01,22,11,2,0.65,0.04,0.07,1.24,8.19
2025-11-22,10-11,CR-13,IT Building,40,CLS-25,Machine Learning,FAC-04,Saturday,18,2.0,0,1,70.14,13,27,35,1.67,2.34,2.18,14.05,43.53
2025-07-12,14-15,CR-08,Main Building,30,CLS-12,Machine Learning,FAC-04,Saturday,25,2.0,0,0,76.84,19,13,14,2.31,1.94,1.91,13.14,58.33
2025-12-22,10-11,CR-05,Main Building,80,CLS-02,Artificial Intelligence,FAC-08,Monday,54,1.5,1,0,81.17,44,72,30,0.03,0.03,0.27,1.31,24.58
2025-09-02,12-13,CR-10,Main Building,80,CLS-31,Python,FAC-28,Tuesday,50,2.0,1,0,88.82,44,37,5,0.81,0.21,0.37,2.19,12.31
2025-06-17,12-13,CR-13,IT Building,40,CLS-48,Machine Learning,FAC-27,Tuesday,27,2.0,0,0,78.33,21,23,26,1.78,2.41,2.48,13.41,53.75
2025-12-20,15-16,CR-13,IT Building,40,CLS-27,Data Science,FAC-28,Saturday,21,1.0,0,0,70.47,15,30,0,0.51,1.54,1.4,5.33,46.88
2025-09-02,11-12,CR-01,Main Building,30,CLS-09,Computer Networks,FAC-03,Tuesday,23,1.0,0,0,78.02,18,15,15,0.47,0.93,0.82,4.91,57.5
2025-12-26,16-17,CR-15,Main Building,30,CLS-01,DBMS,FAC-30,Friday,18,2.0,0,0,89.29,16,14,29,0.27,1.85,2.04,8.04,51.67
2025-12-26,08-09,CR-13,IT Building,40,CLS-16,Python,FAC-13,Friday,20,1.0,0,0,73.79,15,29,2,1.0,1.5,1.07,6.17,46.25
2025-07-04,16-17,CR-03,Main Building,40,CLS-42,Computer Networks,FAC-09,Friday,34,1.0,0,1,92.59,31,13,0,1.2,0.98,0.38,6.8,73.41
2025-10-29,08-09,CR-19,Main Building,30,CLS-08,Data Science,FAC-02,Wednesday,13,2.0,0,0,67.37,9,15,4,0.46,1.96,0.37,6.71,35.0
2025-06-06,12-13,CR-11,Main Building,80,CLS-11,DBMS,FAC-25,Friday,76,1.5,0,1,74.71,57,71,38,1.59,1.99,0.68,13.65,79.83
2025-06-29,10-11,CR-13,IT Building,40,CLS-03,Python,FAC-20,Sunday,30,2.0,0,0,89.05,27,14,29,1.93,1.49,0.72,12.24,59.38
2025-08-29,15-16,CR-10,Main Building,80,CLS-43,Artificial Intelligence,FAC-09,Friday,67,1.0,1,1,86.11,58,29,2,0.17,0.34,0.21,1.43,21.83
2025-11-02,12-13,CR-10,Main Building,80,CLS-22,DBMS,FAC-17,Sunday,21,1.0,0,0,84.52,18,27,35,1.17,1.27,1.27,9.35,25.31
2025-10-31,14-15,CR-12,IT Building,80,CLS-41,Artificial Intelligence,FAC-17,Friday,29,1.0,0,0,69.98,20,62,25,1.29,1.9,0.42,9.58,38.12
2025-07-11,10-11,CR-20,Main Building,60,CLS-44,Artificial Intelligence,FAC-05,Friday,19,1.5,0,0,81.11,15,12,20,0.7,2.01,1.51,8.9,23.75
2025-11-27,14-15,CR-13,IT Building,40,CLS-01,DBMS,FAC-26,Thursday,21,1.0,0,0,80.08,17,25,34,0.66,0.74,0.46,5.95,47.5
2025-09-17,08-09,CR-15,Main Building,30,CLS-01,Web Development,FAC-15,Wednesday,26,1.0,0,0,86.84,23,4,4,0.94,0.68,0.39,5.43,60.83
2025-07-21,13-14,CR-03,Main Building,40,CLS-24,Software Engineering,FAC-12,Monday,8,1.0,0,0,88.49,7,6,4,0.32,1.34,0.36,4.42,16.88
2025-09-21,11-12,CR-03,Main Building,40,CLS-28,Operating Systems,FAC-26,Sunday,11,1.0,0,0,94.82,10,28,33,1.38,1.55,1.41,8.79,36.25
2025-09-21,08-09,CR-12,IT Building,80,CLS-09,Data Science,FAC-09,Sunday,35,1.0,0,0,83.8,29,53,19,0.63,0.83,0.66,7.05,43.75
2025-09-22,12-13,CR-02,Main Building,50,CLS-46,Computer Networks,FAC-09,Monday,33,1.0,0,0,85.74,28,36,37,0.47,0.89,0.84,6.71,60.0
2025-06-14,13-14,CR-15,Main Building,30,CLS-08,Statistics,FAC-30,Saturday,8,3.0,1,1,95.46,8,24,18,0.75,0.33,0.29,1.59,10.41
2025-12-08,12-13,CR-13,IT Building,40,CLS-38,DBMS,FAC-14,Monday,18,1.5,0,1,81.1,15,21,12,0.58,2.29,0.68,7.9,48.54
2025-11-30,15-16,CR-09,Science Building,40,CLS-41,Software Engineering,FAC-15,Sunday,20,2.0,0,0,70.8,14,35,3,1.09,0.57,0.56,7.23,48.12
2025-12-15,10-11,CR-08,Main Building,30,CLS-48,Operating Systems,FAC-28,Monday,21,3.0,1,0,70.72,15,21,8,0.05,0.33,0.42,1.44,9.53
2025-06-02,09-10,CR-19,Main Building,30,CLS-12,Data Science,FAC-01,Monday,25,1.0,0,0,72.04,18,11,6,0.66,0.73,1.03,5.19,54.17
2025-07-19,10-11,CR-20,Main Building,60,CLS-45,Operating Systems,FAC-07,Saturday,55,1.0,0,1,78.86,43,34,18,1.02,1.64,0.93,9.26,71.47
2025-07-18,16-17,CR-05,Main Building,80,CLS-21,DBMS,FAC-25,Friday,26,3.0,0,0,74.87,19,60,39,1.24,3.01,1.93,17.03,36.56
2025-10-30,10-11,CR-09,Science Building,40,CLS-11,Operating Systems,FAC-16,Thursday,37,1.0,0,0,70.89,26,20,34,0.72,1.2,0.77,7.03,61.25
2025-08-26,10-11,CR-02,Main Building,50,CLS-09,DBMS,FAC-22,Tuesday,21,1.0,0,0,87.44,18,23,0,1.37,0.7,0.56,7.14,38.5
2025-06-17,14-15,CR-20,Main Building,60,CLS-13,DBMS,FAC-25,Tuesday,23,2.0,0,0,82.91,19,17,13,2.05,0.59,2.46,12.01,30.83
2025-08-16,15-16,CR-03,Main Building,40,CLS-39,Statistics,FAC-17,Saturday,12,2.0,0,0,74.66,9,27,20,0.64,2.48,2.4,9.77,33.75
2025-06-22,13-14,CR-09,Science Building,40,CLS-45,Artificial Intelligence,FAC-05,Sunday,36,1.5,0,0,78.65,28,26,27,1.92,2.15,1.09,11.52,68.75
2025-10-24,09-10,CR-07,Main Building,30,CLS-36,DBMS,FAC-04,Friday,6,1.0,1,0,83.44,5,13,7,0.06,0.35,0.03,1.15,3.83
2025-07-10,10-11,CR-14,IT Building,80,CLS-41,Data Science,FAC-30,Thursday,24,1.5,0,0,91.96,22,71,13,1.69,0.97,0.82,10.83,42.81
2025-07-23,09-10,CR-14,IT Building,80,CLS-47,Software Engineering,FAC-23,Wednesday,18,1.5,0,0,74.48,13,73,1,1.29,1.1,0.35,8.3,35.0
2025-12-23,15-16,CR-01,Main Building,30,CLS-14,Software Engineering,FAC-12,Tuesday,7,1.0,0,0,65.08,5,14,19,0.38,1.69,1.45,5.92,24.17
2025-08-20,10-11,CR-20,Main Building,60,CLS-33,Web Development,FAC-05,Wednesday,52,1.0,0,0,69.85,36,49,30,0.94,0.72,1.01,7.26,65.42
2025-12-20,12-13,CR-02,Main Building,50,CLS-09,Operating Systems,FAC-09,Saturday,11,2.0,1,0,95.8,11,37,23,0.2,0.38,0.01,1.1,8.82
2025-09-18,15-16,CR-14,IT Building,80,CLS-09,Artificial Intelligence,FAC-19,Thursday,75,1.0,0,0,76.63,57,13,2,0.47,1.06,0.77,6.9,57.5
2025-08-02,14-15,CR-07,Main Building,30,CLS-33,Artificial Intelligence,FAC-21,Saturday,18,3.0,0,0,74.92,13,27,2,2.06,3.72,1.35,15.84,55.0
2025-08-12,15-16,CR-09,Science Building,40,CLS-21,Statistics,FAC-16,Tuesday,28,2.0,0,0,93.18,26,19,37,1.54,1.64,0.59,11.11,60.62
2025-11-26,15-16,CR-19,Main Building,30,CLS-35,Web Development,FAC-27,Wednesday,25,3.0,0,0,79.84,20,23,29,1.02,3.8,2.68,15.47,69.17
2025-11-28,16-17,CR-14,IT Building,80,CLS-03,Statistics,FAC-24,Friday,55,1.0,0,0,72.43,40,48,38,0.76,1.82,0.91,8.98,52.5
2025-11-27,11-12,CR-05,Main Building,80,CLS-27,Computer Networks,FAC-10,Thursday,29,1.0,0,0,76.03,22,44,24,0.51,1.7,1.03,7.29,34.38
2025-06-26,10-11,CR-04,Science Building,30,CLS-11,Software Engineering,FAC-19,Thursday,28,2.0,1,0,76.03,21,25,27,0.96,0.26,0.2,1.78,27.36
2025-08-24,12-13,CR-18,IT Building,40,CLS-22,DBMS,FAC-09,Sunday,8,1.0,1,0,82.21,7,17,28,0.78,0.17,0.09,1.75,5.49
2025-11-26,10-11,CR-05,Main Building,80,CLS-13,Statistics,FAC-17,Wednesday,61,1.0,0,0,88.52,54,34,40,1.35,1.06,0.34,9.95,61.25
2025-07-12,13-14,CR-13,IT Building,40,CLS-46,Operating Systems,FAC-24,Saturday,24,2.0,0,0,96.63,23,38,32,1.23,2.06,1.75,11.09,66.88
2025-10-13,10-11,CR-05,Main Building,80,CLS-14,Operating Systems,FAC-17,Monday,57,2.0,1,0,89.92,51,19,21,0.8,0.28,0.24,2.27,15.97
2025-08-14,09-10,CR-13,IT Building,40,CLS-34,Python,FAC-13,Thursday,30,1.0,1,0,68.76,21,22,36,0.08,0.17,0.16,1.16,15.55
2025-09-11,12-13,CR-15,Main Building,30,CLS-48,Statistics,FAC-20,Thursday,23,3.0,0,0,70.52,16,4,24,2.94,1.81,0.54,17.7,43.33
2025-11-21,13-14,CR-17,Main Building,50,CLS-28,Operating Systems,FAC-20,Friday,27,2.0,0,0,81.3,22,41,15,2.22,2.72,0.27,13.27,53.5
2025-06-01,15-16,CR-05,Main Building,80,CLS-13,Computer Networks,FAC-26,Sunday,23,1.0,0,0,66.29,15,30,26,1.31,1.8,1.0,9.59,23.44
2025-06-22,14-15,CR-13,IT Building,40,CLS-09,Python,FAC-04,Sunday,21,1.0,0,0,83.96,18,34,32,1.27,1.68,1.36,8.77,55.0
2025-09-13,12-13,CR-11,Main Building,80,CLS-32,Software Engineering,FAC-13,Saturday,36,1.0,0,0,97.87,35,57,6,0.4,1.77,0.87,6.89,50.62
2025-07-15,12-13,CR-16,IT Building,60,CLS-28,Web Development,FAC-01,Tuesday,12,1.0,0,1,77.79,9,37,21,1.02,0.58,0.88,7.36,31.79
2025-12-25,14-15,CR-17,Main Building,50,CLS-09,Web Development,FAC-22,Thursday,13,1.0,0,0,79.07,10,31,22,1.42,1.14,0.7,8.01,30.5
2025-08-05,13-14,CR-04,Science Building,30,CLS-10,Data Science,FAC-29,Tuesday,14,3.0,0,0,79.54,11,6,24,1.68,2.71,2.45,15.89,32.5
2025-10-10,15-16,CR-10,Main Building,80,CLS-01,Data Science,FAC-26,Friday,70,3.0,0,0,82.61,58,64,34,1.18,2.8,2.22,17.68,74.38
2025-09-18,08-09,CR-17,Main Building,50,CLS-50,DBMS,FAC-27,Thursday,30,3.0,0,0,83.42,25,11,28,0.41,1.09,1.03,9.78,43.0
2025-06-06,11-12,CR-14,IT Building,80,CLS-13,Python,FAC-29,Friday,55,1.0,0,0,65.61,36,39,32,1.19,0.9,0.64,8.73,45.94
2025-11-12,14-15,CR-02,Main Building,50,CLS-12,Python,FAC-26,Wednesday,31,2.0,0,1,82.42,26,46,34,0.74,2.71,0.44,11.44,65.34
2025-11-03,12-13,CR-03,Main Building,40,CLS-14,Web Development,FAC-22,Monday,26,1.0,0,0,85.32,22,10,38,0.62,1.13,1.13,6.9,47.5
2025-09-30,15-16,CR-19,Main Building,30,CLS-32,Data Science,FAC-27,Tuesday,14,1.0,0,1,97.12,14,12,3,1.37,1.01,1.5,7.47,48.26
2025-09-08,12-13,CR-17,Main Building,50,CLS-01,Web Development,FAC-11,Monday,12,1.5,0,0,67.01,8,31,31,0.67,1.35,1.53,8.25,27.5
2025-08-16,16-17,CR-01,Main Building,30,CLS-37,Artificial Intelligence,FAC-16,Saturday,26,2.0,0,1,85.6,22,12,21,0.78,1.76,2.33,10.22,67.11
2025-08-26,16-17,CR-02,Main Building,50,CLS-09,Computer Networks,FAC-01,Tuesday,20,2.0,0,0,97.41,19,24,9,1.84,0.66,0.33,10.12,40.5
2025-11-14,08-09,CR-08,Main Building,30,CLS-06,Artificial Intelligence,FAC-30,Friday,22,2.0,0,0,70.56,16,20,8,1.89,0.96,1.4,10.66,56.67
2025-11-04,08-09,CR-15,Main Building,30,CLS-13,Web Development,FAC-05,Tuesday,7,1.0,0,1,96.18,7,27,14,0.26,1.2,0.28,4.54,45.99
2025-09-29,12-13,CR-18,IT Building,40,CLS-28,Operating Systems,FAC-12,Monday,27,1.0,0,0,94.99,26,10,32,0.9,0.61,0.39,6.66,55.0
2025-09-17,12-13,CR-17,Main Building,50,CLS-47,Data Science,FAC-07,Wednesday,10,2.0,0,0,87.87,9,45,20,2.2,1.42,0.35,11.86,36.0
2025-12-19,16-17,CR-13,IT Building,40,CLS-45,Software Engineering,FAC-26,Friday,38,1.0,0,1,97.15,37,32,10,0.27,1.92,0.71,6.16,92.84
2025-12-14,11-12,CR-06,IT Building,80,CLS-28,Python,FAC-24,Sunday,57,1.0,1,1,83.66,48,60,39,0.64,0.37,0.09,1.89,10.52
2025-09-16,15-16,CR-10,Main Building,80,CLS-34,DBMS,FAC-04,Tuesday,70,1.5,0,0,96.65,68,61,25,1.37,2.19,1.2,12.26,82.81
2025-07-17,11-12,CR-03,Main Building,40,CLS-24,Machine Learning,FAC-26,Thursday,24,3.0,0,0,84.21,20,38,9,2.63,3.84,2.11,19.59,61.25
2025-08-15,10-11,CR-13,IT Building,40,CLS-24,Artificial Intelligence,FAC-19,Friday,17,1.5,0,1,83.11,14,7,26,0.26,0.58,0.6,5.7,38.19
2025-07-31,10-11,CR-15,Main Building,30,CLS-47,Data Science,FAC-08,Thursday,26,1.5,0,0,75.06,20,23,16,0.88,1.34,0.42,6.83,69.17
2025-10-27,08-09,CR-05,Main Building,80,CLS-11,DBMS,FAC-16,Monday,59,3.0,0,0,66.4,39,16,27,2.1,2.38,1.47,19.19,41.56
2025-08-20,12-13,CR-18,IT Building,40,CLS-41,Operating Systems,FAC-02,Wednesday,29,2.0,0,0,79.11,23,34,37,1.69,2.88,2.14,14.27,64.38
2025-08-22,12-13,CR-03,Main Building,40,CLS-41,Operating Systems,FAC-14,Friday,23,1.0,0,0,79.06,18,10,34,1.06,0.77,0.95,7.33,40.0
2025-10-17,08-09,CR-15,Main Building,30,CLS-48,DBMS,FAC-15,Friday,22,1.0,0,1,95.61,21,6,10,0.76,2.0,0.97,7.17,62.46
2025-06-15,16-17,CR-19,Main Building,30,CLS-20,Artificial Intelligence,FAC-17,Sunday,25,3.0,1,0,66.39,17,9,12,0.59,0.14,0.02,1.45,17.4
2025-07-24,16-17,CR-09,Science Building,40,CLS-36,Software Engineering,FAC-15,Thursday,21,1.0,0,0,91.29,19,15,1,0.61,0.79,1.47,5.67,45.0
2025-11-23,15-16,CR-13,IT Building,40,CLS-06,Data Science,FAC-08,Sunday,26,1.5,1,0,76.93,20,17,7,0.6,0.3,0.28,1.37,18.32
2025-12-19,08-09,CR-11,Main Building,80,CLS-48,Machine Learning,FAC-18,Friday,72,3.0,0,0,78.32,56,31,36,2.62,1.13,1.75,20.36,62.19
2025-11-13,16-17,CR-17,Main Building,50,CLS-42,Computer Networks,FAC-28,Thursday,16,2.0,0,0,96.37,15,38,0,1.66,2.54,1.72,11.62,41.5
2025-09-11,14-15,CR-20,Main Building,60,CLS-03,Machine Learning,FAC-02,Thursday,41,2.0,0,0,80.97,33,39,9,1.83,1.07,0.26,10.86,57.5
2025-10-29,16-17,CR-05,Main Building,80,CLS-25,Software Engineering,FAC-20,Wednesday,73,1.0,0,0,76.32,56,67,19,1.46,1.54,0.75,9.94,73.44
2025-11-03,15-16,CR-02,Main Building,50,CLS-16,Artificial Intelligence,FAC-02,Monday,36,1.5,0,0,70.6,25,39,39,0.44,2.31,2.0,9.26,57.0
2025-09-14,16-17,CR-08,Main Building,30,CLS-13,Artificial Intelligence,FAC-12,Sunday,28,1.5,0,0,70.42,20,18,7,0.35,1.16,1.06,5.5,65.0
2025-12-07,09-10,CR-06,IT Building,80,CLS-43,DBMS,FAC-04,Sunday,36,1.0,0,0,71.63,26,52,28,1.22,1.57,1.04,9.15,40.62
2025-11-21,08-09,CR-12,IT Building,80,CLS-09,Machine Learning,FAC-17,Friday,46,2.0,0,0,77.78,36,47,17,2.3,2.92,0.64,15.54,48.44
2025-08-07,08-09,CR-10,Main Building,80,CLS-24,Software Engineering,FAC-18,Thursday,29,1.0,0,0,68.01,20,20,19,0.8,1.37,0.9,7.4,25.0
2025-10-02,08-09,CR-04,Science Building,30,CLS-49,Data Science,FAC-30,Thursday,13,2.0,0,0,75.92,10,10,12,1.47,2.9,0.71,10.64,33.33
2025-10-16,15-16,CR-04,Science Building,30,CLS-21,Computer Networks,FAC-27,Thursday,23,2.0,0,0,67.19,15,22,20,1.49,0.76,0.3,8.94,55.83
2025-09-21,15-16,CR-20,Main Building,60,CLS-29,Software Engineering,FAC-02,Sunday,21,1.0,1,0,70.66,15,49,17,0.56,0.35,0.1,1.06,8.11
2025-10-10,12-13,CR-09,Science Building,40,CLS-27,Operating Systems,FAC-19,Friday,33,1.0,0,0,85.24,28,33,27,0.76,1.48,1.49,7.62,73.12
2025-08-16,08-09,CR-03,Main Building,40,CLS-28,DBMS,FAC-05,Saturday,27,1.0,0,0,95.95,26,37,32,0.26,1.83,0.33,5.85,71.88
2025-11-17,11-12,CR-04,Science Building,30,CLS-23,Statistics,FAC-16,Monday,17,1.5,1,0,68.71,12,23,29,0.73,0.47,0.31,1.47,15.29
2025-07-08,15-16,CR-08,Main Building,30,CLS-07,Software Engineering,FAC-13,Tuesday,23,3.0,1,0,88.62,20,26,1,0.76,0.13,0.02,1.53,10.11
2025-12-30,09-10,CR-11,Main Building,80,CLS-36,Artificial Intelligence,FAC-30,Tuesday,61,2.0,0,0,95.19,58,41,14,0.57,1.84,1.58,10.54,67.19
2025-07-15,12-13,CR-03,Main Building,40,CLS-25,Artificial Intelligence,FAC-03,Tuesday,25,1.0,1,0,82.94,21,21,37,0.1,0.16,0.03,0.77,12.07
2025-09-08,08-09,CR-15,Main Building,30,CLS-14,Web Development,FAC-10,Monday,18,3.0,0,0,83.53,15,16,5,2.16,2.36,1.44,14.83,50.83
2025-12-04,09-10,CR-12,IT Building,80,CLS-48,Statistics,FAC-12,Thursday,50,1.0,1,0,77.78,39,74,17,0.84,0.11,0.37,1.6,19.23
2025-11-04,09-10,CR-14,IT Building,80,CLS-05,Operating Systems,FAC-01,Tuesday,37,1.0,0,0,74.81,28,21,32,0.84,0.64,0.31,7.91,32.81
2025-11-18,09-10,CR-13,IT Building,40,CLS-37,Software Engineering,FAC-03,Tuesday,28,3.0,0,0,68.68,19,20,19,0.76,2.26,2.59,12.5,48.12
2025-08-10,15-16,CR-13,IT Building,40,CLS-45,Python,FAC-23,Sunday,26,1.0,0,0,67.4,18,37,28,0.96,1.34,1.31,7.88,56.88
2025-08-13,08-09,CR-05,Main Building,80,CLS-38,Data Science,FAC-18,Wednesday,41,1.0,1,0,97.87,40,37,1,0.51,0.17,0.09,1.32,16.86
2025-09-17,13-14,CR-01,Main Building,30,CLS-37,Statistics,FAC-13,Wednesday,28,3.0,0,0,83.33,23,21,28,2.52,2.27,2.77,18.64,75.0
2025-07-19,14-15,CR-13,IT Building,40,CLS-29,Operating Systems,FAC-04,Saturday,27,2.0,0,0,85.73,23,32,27,2.14,0.87,2.17,12.68,63.12
2025-06-20,08-09,CR-05,Main Building,80,CLS-21,Computer Networks,FAC-30,Friday,31,1.0,0,0,71.26,22,29,8,1.41,0.55,0.83,8.2,29.69
2025-07-05,11-12,CR-09,Science Building,40,CLS-40,Statistics,FAC-18,Saturday,9,1.0,0,0,75.34,7,33,35,1.08,1.76,0.7,7.87,33.75
2025-07-27,14-15,CR-16,IT Building,60,CLS-23,Statistics,FAC-24,Sunday,13,1.0,0,0,90.87,12,48,4,1.37,1.16,0.54,7.33,35.0
2025-08-23,10-11,CR-10,Main Building,80,CLS-18,Computer Networks,FAC-04,Saturday,33,1.0,0,1,78.59,26,33,13,1.15,0.66,0.59,8.25,38.16
2025-08-29,09-10,CR-15,Main Building,30,CLS-20,Computer Networks,FAC-30,Friday,17,1.5,0,0,92.31,16,16,26,0.29,1.85,1.88,7.07,53.33
2025-06-14,09-10,CR-18,IT Building,40,CLS-25,DBMS,FAC-16,Saturday,32,1.0,0,0,72.82,23,10,36,1.12,1.96,1.45,8.85,49.37
2025-10-28,13-14,CR-13,IT Building,40,CLS-40,Artificial Intelligence,FAC-12,Tuesday,26,3.0,0,0,69.89,18,37,28,2.18,3.04,2.1,18.15,56.88
2025-09-05,12-13,CR-03,Main Building,40,CLS-20,Statistics,FAC-02,Friday,8,1.0,0,0,76.09,6,6,11,0.46,1.37,0.85,5.24,15.0
2025-12-08,13-14,CR-11,Main Building,80,CLS-05,DBMS,FAC-27,Monday,75,3.0,0,0,76.18,57,44,35,1.06,1.24,0.98,14.95,67.19
2025-09-11,15-16,CR-05,Main Building,80,CLS-12,Software Engineering,FAC-30,Thursday,50,1.0,0,0,68.13,34,50,30,0.68,0.55,0.48,7.17,47.5
2025-12-11,11-12,CR-08,Main Building,30,CLS-05,Web Development,FAC-30,Thursday,17,1.0,0,0,87.05,15,15,21,1.15,1.37,1.45,7.78,50.0
2025-10-02,12-13,CR-19,Main Building,30,CLS-13,Data Science,FAC-12,Thursday,8,1.0,0,1,65.71,5,18,16,1.17,1.94,1.33,8.06,32.6
2025-10-29,13-14,CR-07,Main Building,30,CLS-05,Data Science,FAC-28,Wednesday,28,1.0,0,0,70.69,20,22,10,1.0,1.57,0.65,6.41,68.33
2025-08-13,11-12,CR-15,Main Building,30,CLS-32,Computer Networks,FAC-14,Wednesday,9,2.0,0,0,82.8,7,26,16,1.8,1.55,2.17,11.13,39.17
2025-12-23,13-14,CR-17,Main Building,50,CLS-04,Python,FAC-04,Tuesday,44,1.5,0,0,83.4,37,26,13,1.92,2.26,0.96,11.75,68.5
2025-10-28,09-10,CR-11,Main Building,80,CLS-06,Machine Learning,FAC-09,Tuesday,30,1.5,0,1,74.62,22,64,10,0.66,1.57,0.45,8.32,46.41
2025-12-22,08-09,CR-16,IT Building,60,CLS-36,Machine Learning,FAC-18,Monday,41,1.0,0,1,97.05,40,51,25,1.16,1.02,0.37,8.36,77.04
2025-08-21,14-15,CR-10,Main Building,80,CLS-09,Artificial Intelligence,FAC-25,Thursday,45,3.0,0,0,82.05,37,12,9,0.84,2.38,2.55,14.8,38.44
2025-09-18,11-12,CR-08,Main Building,30,CLS-47,Machine Learning,FAC-12,Thursday,14,1.0,1,0,82.85,12,4,12,0.93,0.47,0.26,1.63,3.67
2025-07-18,11-12,CR-02,Main Building,50,CLS-12,Software Engineering,FAC-14,Friday,31,2.0,1,0,75.09,23,8,20,0.46,0.09,0.32,1.32,14.42
2025-07-06,10-11,CR-10,Main Building,80,CLS-48,Machine Learning,FAC-04,Sunday,34,3.0,0,0,71.52,24,63,26,1.57,3.61,1.81,18.23,42.19
2025-10-01,08-09,CR-04,Science Building,30,CLS-21,Machine Learning,FAC-09,Wednesday,16,2.0,0,1,87.49,14,8,0,1.01,1.93,1.26,9.02,44.24
2025-09-11,14-15,CR-08,Main Building,30,CLS-14,Software Engineering,FAC-05,Thursday,10,1.0,0,0,81.28,8,5,1,0.62,0.99,1.45,5.23,24.17
2025-08-21,11-12,CR-19,Main Building,30,CLS-09,Data Science,FAC-22,Thursday,11,1.0,0,0,71.03,8,8,20,0.64,1.26,1.33,6.45,26.67
2025-06-08,09-10,CR-20,Main Building,60,CLS-49,Python,FAC-28,Sunday,16,1.0,0,0,93.26,15,43,19,0.64,1.09,0.7,6.22,36.67
2025-07-24,11-12,CR-19,Main Building,30,CLS-07,DBMS,FAC-08,Thursday,26,1.0,0,0,92.48,24,20,12,0.31,0.96,1.1,4.49,76.67
2025-06-30,11-12,CR-06,IT Building,80,CLS-16,Statistics,FAC-09,Monday,37,3.0,0,0,82.82,31,54,8,0.79,2.01,1.63,13.17,45.94
2025-07-26,12-13,CR-06,IT Building,80,CLS-33,Computer Networks,FAC-10,Saturday,65,3.0,0,1,94.74,62,68,27,0.97,3.54,2.02,18.52,86.13
2025-07-15,12-13,CR-19,Main Building,30,CLS-33,Computer Networks,FAC-14,Tuesday,12,1.0,0,0,73.49,9,27,25,0.73,1.03,0.72,6.08,45.0
2025-10-28,13-14,CR-08,Main Building,30,CLS-28,Operating Systems,FAC-21,Tuesday,27,1.5,1,0,75.5,20,12,21,0.62,0.08,0.42,1.34,16.31
2025-11-11,13-14,CR-06,IT Building,80,CLS-40,Operating Systems,FAC-27,Tuesday,30,1.0,0,0,93.14,28,54,11,0.56,0.53,1.02,6.73,43.12
2025-09-07,14-15,CR-12,IT Building,80,CLS-22,Statistics,FAC-28,Sunday,20,1.0,0,0,80.11,16,32,23,0.96,1.85,1.46,9.16,25.0
2025-12-19,11-12,CR-17,Main Building,50,CLS-04,Statistics,FAC-30,Friday,36,1.5,0,0,67.77,24,24,30,0.53,1.97,1.0,8.59,48.0
2025-12-18,13-14,CR-08,Main Building,30,CLS-16,Computer Networks,FAC-28,Thursday,24,2.0,0,0,79.72,19,13,28,0.94,2.02,0.67,9.03,58.33
2025-09-22,12-13,CR-13,IT Building,40,CLS-28,Artificial Intelligence,FAC-22,Monday,15,1.0,0,1,67.11,10,32,8,0.66,0.85,1.36,6.26,45.32
2025-12-14,16-17,CR-11,Main Building,80,CLS-48,DBMS,FAC-05,Sunday,34,1.0,1,0,66.81,23,75,37,0.18,0.27,0.24,1.34,6.53
2025-06-27,13-14,CR-16,IT Building,60,CLS-06,Data Science,FAC-21,Friday,41,3.0,1,0,73.8,30,21,40,0.34,0.32,0.44,1.74,12.22
2025-07-28,13-14,CR-09,Science Building,40,CLS-14,Web Development,FAC-14,Monday,25,1.0,0,0,71.08,18,21,36,1.3,0.68,0.52,7.61,46.88
2025-06-07,14-15,CR-04,Science Building,30,CLS-26,Software Engineering,FAC-05,Saturday,15,2.0,0,1,67.56,10,24,7,2.41,2.7,1.95,15.19,50.7
2025-12-10,16-17,CR-03,Main Building,40,CLS-27,Machine Learning,FAC-12,Wednesday,35,1.0,1,1,95.8,34,11,6,0.22,0.42,0.34,1.17,25.08
2025-11-15,11-12,CR-15,Main Building,30,CLS-06,Python,FAC-08,Saturday,6,1.5,0,0,76.43,5,8,12,1.61,1.02,0.83,8.34,19.17
2025-06-16,15-16,CR-06,IT Building,80,CLS-50,Python,FAC-04,Monday,33,2.0,0,0,68.56,23,73,35,2.35,1.23,1.42,15.15,44.38
2025-11-30,08-09,CR-18,IT Building,40,CLS-09,Computer Networks,FAC-24,Sunday,16,2.0,0,0,76.06,12,14,7,2.0,2.64,1.23,12.45,31.25
2025-08-13,14-15,CR-07,Main Building,30,CLS-38,Web Development,FAC-26,Wednesday,20,1.5,0,0,77.48,15,24,8,1.56,2.33,1.57,10.02,57.5
2025-07-07,10-11,CR-13,IT Building,40,CLS-45,Web Development,FAC-12,Monday,32,1.5,0,0,77.79,25,12,29,1.26,2.16,0.58,9.65,54.38
2025-07-06,12-13,CR-01,Main Building,30,CLS-14,Computer Networks,FAC-27,Sunday,24,1.0,0,0,90.89,22,25,3,1.0,1.84,0.46,6.73,75.83
2025-07-17,14-15,CR-13,IT Building,40,CLS-46,Web Development,FAC-19,Thursday,22,1.0,0,0,65.63,14,34,1,0.39,1.99,0.6,5.37,47.5
2025-09-14,16-17,CR-08,Main Building,30,CLS-14,Artificial Intelligence,FAC-08,Sunday,25,1.0,0,0,97.19,24,16,3,0.48,1.04,1.19,5.34,73.33
2025-07-14,13-14,CR-19,Main Building,30,CLS-02,Machine Learning,FAC-13,Monday,28,1.0,0,1,82.49,23,12,23,1.3,0.85,0.8,8.31,73.01
2025-12-12,09-10,CR-07,Main Building,30,CLS-15,DBMS,FAC-09,Friday,14,1.0,0,0,70.13,10,19,21,0.99,0.88,0.67,6.11,40.83
2025-12-22,11-12,CR-09,Science Building,40,CLS-35,Machine Learning,FAC-10,Monday,9,3.0,0,1,68.03,6,22,5,2.14,2.0,2.63,16.88,31.37
2025-06-19,14-15,CR-16,IT Building,60,CLS-39,DBMS,FAC-02,Thursday,16,1.0,0,0,87.92,14,15,25,0.26,1.43,0.37,6.29,23.75
2025-06-03,12-13,CR-19,Main Building,30,CLS-42,Statistics,FAC-22,Tuesday,27,1.0,0,0,72.83,20,13,20,0.8,1.78,0.46,6.68,60.83
2025-07-12,08-09,CR-05,Main Building,80,CLS-34,Software Engineering,FAC-27,Saturday,72,1.5,0,0,73.76,53,63,34,1.03,1.92,0.91,11.65,69.38
2025-06-09,09-10,CR-20,Main Building,60,CLS-39,Python,FAC-08,Monday,30,1.0,0,0,72.46,22,25,32,1.07,0.75,0.32,7.28,37.92
2025-12-08,13-14,CR-10,Main Building,80,CLS-36,Web Development,FAC-29,Monday,25,1.0,0,0,68.99,17,37,4,1.41,1.33,1.25,8.94,27.5
2025-09-17,08-09,CR-16,IT Building,60,CLS-37,Machine Learning,FAC-16,Wednesday,49,1.0,0,1,81.33,40,33,3,1.43,1.62,1.16,9.1,66.23
2025-12-19,15-16,CR-04,Science Building,30,CLS-45,Machine Learning,FAC-26,Friday,21,1.0,0,0,66.53,14,26,3,0.94,1.2,1.41,6.09,56.67
2025-10-28,12-13,CR-01,Main Building,30,CLS-09,Web Development,FAC-29,Tuesday,20,2.0,0,0,78.57,16,20,17,0.8,0.82,2.18,8.06,56.67
2025-12-23,09-10,CR-10,Main Building,80,CLS-06,Machine Learning,FAC-05,Tuesday,69,2.0,0,0,83.42,58,52,8,2.19,2.58,0.88,14.96,70.62
2025-10-03,09-10,CR-20,Main Building,60,CLS-14,Computer Networks,FAC-16,Friday,44,1.0,0,0,95.2,42,27,27,0.76,1.09,0.63,7.38,63.75
2025-07-19,09-10,CR-08,Main Building,30,CLS-36,Machine Learning,FAC-02,Saturday,26,1.5,0,1,80.2,21,7,21,0.69,1.25,1.65,7.97,66.25
2025-07-02,12-13,CR-06,IT Building,80,CLS-16,Data Science,FAC-04,Wednesday,38,1.0,0,0,80.48,31,42,5,1.34,0.58,1.36,8.5,42.19
2025-08-25,11-12,CR-11,Main Building,80,CLS-04,Computer Networks,FAC-20,Monday,58,1.5,1,0,72.23,42,61,4,0.68,0.29,0.28,1.9,12.97
2025-08-04,13-14,CR-11,Main Building,80,CLS-11,Artificial Intelligence,FAC-06,Monday,64,2.0,0,0,91.77,59,21,0,0.74,2.51,1.15,10.33,61.88
2025-07-06,13-14,CR-10,Main Building,80,CLS-32,Machine Learning,FAC-30,Sunday,61,1.5,0,1,71.23,43,47,33,1.58,0.68,1.15,12.3,60.15
2025-08-31,14-15,CR-13,IT Building,40,CLS-39,Web Development,FAC-17,Sunday,26,2.0,0,0,84.84,22,7,23,1.5,1.51,1.22,10.75,45.63
2025-06-28,13-14,CR-14,IT Building,80,CLS-29,Artificial Intelligence,FAC-22,Saturday,74,1.5,0,0,72.48,54,58,32,1.05,2.41,1.74,12.31,68.75
2025-08-15,10-11,CR-06,IT Building,80,CLS-29,Machine Learning,FAC-15,Friday,25,1.5,0,0,82.75,21,58,25,1.62,1.13,1.09,11.04,37.81
2025-09-02,08-09,CR-09,Science Building,40,CLS-25,Python,FAC-16,Tuesday,8,2.0,0,0,96.97,8,24,17,1.76,0.88,0.55,9.97,30.0
2025-06-29,11-12,CR-01,Main Building,30,CLS-25,Software Engineering,FAC-21,Sunday,19,3.0,0,0,74.75,14,5,25,0.31,3.8,0.72,10.8,39.17
2025-11-27,16-17,CR-15,Main Building,30,CLS-50,Machine Learning,FAC-29,Thursday,6,1.0,1,0,65.32,4,17,17,0.24,0.12,0.21,0.5,6.76
2025-11-20,12-13,CR-04,Science Building,30,CLS-32,Data Science,FAC-18,Thursday,10,1.0,0,0,83.32,8,9,6,0.55,0.58,1.42,4.59,27.5
2025-10-07,09-10,CR-04,Science Building,30,CLS-23,Data Science,FAC-05,Tuesday,13,1.0,0,0,71.16,9,9,5,0.5,1.21,0.86,5.32,30.0
2025-10-21,10-11,CR-10,Main Building,80,CLS-01,Software Engineering,FAC-09,Tuesday,46,1.0,0,1,72.54,33,36,22,0.78,1.34,1.36,8.82,50.19
2025-10-30,12-13,CR-02,Main Building,50,CLS-01,Web Development,FAC-03,Thursday,12,2.0,0,0,75.76,9,35,38,0.55,1.72,1.93,9.63,31.0
2025-12-23,09-10,CR-08,Main Building,30,CLS-24,Machine Learning,FAC-23,Tuesday,9,1.0,0,0,65.59,6,28,10,0.29,1.22,0.62,4.21,38.33
2025-07-20,13-14,CR-15,Main Building,30,CLS-10,Data Science,FAC-25,Sunday,26,2.0,0,0,92.89,24,4,25,1.6,1.63,1.17,10.88,63.33
2025-09-20,12-13,CR-04,Science Building,30,CLS-41,Artificial Intelligence,FAC-16,Saturday,23,1.0,0,0,94.46,22,20,7,1.5,0.77,0.4,6.76,71.67
2025-06-08,10-11,CR-18,IT Building,40,CLS-02,Machine Learning,FAC-01,Sunday,36,1.0,0,1,69.74,25,24,21,1.08,1.49,1.31,8.49,65.33
2025-06-20,13-14,CR-05,Main Building,80,CLS-49,Software Engineering,FAC-25,Friday,74,1.0,1,0,85.22,63,48,30,0.69,0.26,0.24,2.26,19.75
2025-12-22,15-16,CR-10,Main Building,80,CLS-47,Data Science,FAC-18,Monday,18,1.0,0,1,86.29,16,40,1,0.95,1.47,1.02,8.25,31.81
2025-12-11,13-14,CR-16,IT Building,60,CLS-36,Python,FAC-22,Thursday,26,1.5,0,1,82.15,21,16,9,1.44,1.4,0.67,10.27,35.5
2025-12-28,15-16,CR-09,Science Building,40,CLS-16,Computer Networks,FAC-20,Sunday,26,1.0,0,0,65.05,17,26,22,0.95,1.39,1.47,7.21,48.12
2025-10-05,13-14,CR-19,Main Building,30,CLS-37,Web Development,FAC-23,Sunday,6,2.0,0,0,71.66,4,22,28,0.41,2.43,0.81,7.55,28.33
2025-12-06,08-09,CR-14,IT Building,80,CLS-39,Computer Networks,FAC-19,Saturday,56,1.0,1,0,85.09,48,57,9,0.69,0.24,0.44,1.19,16.08
2025-12-23,16-17,CR-14,IT Building,80,CLS-01,Computer Networks,FAC-03,Tuesday,62,1.0,0,0,94.57,59,65,29,1.33,0.75,0.28,8.91,75.62
2025-08-01,11-12,CR-15,Main Building,30,CLS-49,Web Development,FAC-12,Friday,20,1.0,0,0,67.97,14,14,4,0.61,1.96,0.95,6.14,46.67
2025-09-22,14-15,CR-03,Main Building,40,CLS-15,Computer Networks,FAC-22,Monday,25,1.0,0,1,79.95,20,9,8,0.64,1.91,1.31,7.11,47.27
2025-11-10,08-09,CR-17,Main Building,50,CLS-18,DBMS,FAC-16,Monday,35,2.0,0,0,92.84,32,47,39,1.4,2.47,0.65,12.44,71.5
2025-09-10,12-13,CR-09,Science Building,40,CLS-20,Operating Systems,FAC-25,Wednesday,34,1.5,0,0,74.6,25,6,34,1.64,1.48,0.32,10.12,50.62
2025-08-12,10-11,CR-08,Main Building,30,CLS-48,Data Science,FAC-29,Tuesday,14,1.0,0,0,90.18,13,20,0,0.46,1.45,0.36,4.56,49.17
2025-12-14,08-09,CR-09,Science Building,40,CLS-06,Operating Systems,FAC-23,Sunday,12,1.0,0,0,72.47,9,27,15,0.41,1.92,1.14,6.12,33.75
2025-09-10,09-10,CR-11,Main Building,80,CLS-35,Artificial Intelligence,FAC-11,Wednesday,45,1.0,0,0,89.47,40,61,11,0.87,1.21,0.39,7.12,56.56
2025-12-31,15-16,CR-19,Main Building,30,CLS-25,Python,FAC-06,Wednesday,14,1.0,0,0,97.25,14,5,7,1.25,1.12,0.44,6.45,39.17
2025-12-13,11-12,CR-08,Main Building,30,CLS-43,Data Science,FAC-20,Saturday,16,2.0,0,0,90.92,15,15,5,0.52,0.97,0.73,6.32,50.0
2025-07-27,09-10,CR-11,Main Building,80,CLS-41,Software Engineering,FAC-30,Sunday,67,1.0,0,0,75.37,50,40,2,0.36,1.2,1.19,7.01,59.38
2025-08-11,08-09,CR-05,Main Building,80,CLS-39,Computer Networks,FAC-13,Monday,27,2.0,0,1,72.31,20,23,28,0.74,2.87,2.4,13.4,28.89
2025-10-03,12-13,CR-06,IT Building,80,CLS-39,Data Science,FAC-27,Friday,24,1.0,0,0,76.23,18,64,29,0.65,1.93,1.24,8.22,36.88
2025-10-17,10-11,CR-04,Science Building,30,CLS-23,DBMS,FAC-19,Friday,11,1.5,0,1,88.89,10,10,15,0.58,2.32,1.7,8.2,40.48
2025-12-31,08-09,CR-13,IT Building,40,CLS-15,Data Science,FAC-27,Wednesday,19,3.0,0,0,86.68,16,13,14,2.05,0.83,1.13,13.27,38.12
2025-10-29,10-11,CR-17,Main Building,50,CLS-03,Web Development,FAC-18,Wednesday,32,1.0,0,0,97.76,31,9,26,1.1,1.6,0.52,7.9,51.0
2025-06-25,08-09,CR-04,Science Building,30,CLS-37,DBMS,FAC-21,Wednesday,13,1.0,0,1,73.21,10,11,15,0.54,0.79,0.97,5.42,39.79
2025-06-22,08-09,CR-01,Main Building,30,CLS-04,Python,FAC-06,Sunday,28,2.0,1,0,75.83,21,17,3,0.82,0.09,0.23,1.43,14.2
2025-07-18,13-14,CR-13,IT Building,40,CLS-46,Web Development,FAC-23,Friday,23,1.0,0,0,66.84,15,28,38,1.47,1.69,0.86,8.96,45.62
2025-08-19,08-09,CR-15,Main Building,30,CLS-38,Statistics,FAC-26,Tuesday,10,1.0,0,0,67.86,7,28,11,0.99,1.64,0.49,6.62,40.83
2025-12-04,11-12,CR-05,Main Building,80,CLS-48,DBMS,FAC-03,Thursday,40,2.0,1,0,90.35,36,71,34,0.8,0.44,0.47,2.42,18.49
2025-08-12,13-14,CR-13,IT Building,40,CLS-19,Operating Systems,FAC-24,Tuesday,17,3.0,0,0,78.38,13,6,7,1.81,3.27,2.17,15.64,28.12
2025-11-05,12-13,CR-12,IT Building,80,CLS-13,Statistics,FAC-23,Wednesday,74,1.0,0,0,73.66,55,75,27,0.53,1.56,0.36,7.89,75.0
2025-09-16,14-15,CR-11,Main Building,80,CLS-04,Artificial Intelligence,FAC-06,Tuesday,58,1.5,1,0,89.47,52,20,8,0.69,0.13,0.13,2.08,5.94
2025-10-26,10-11,CR-18,IT Building,40,CLS-06,Artificial Intelligence,FAC-16,Sunday,25,1.0,0,0,93.92,23,9,9,1.32,1.95,0.98,8.18,48.75
2025-07-04,11-12,CR-03,Main Building,40,CLS-44,Machine Learning,FAC-13,Friday,23,2.0,0,0,94.99,22,7,24,2.07,2.74,0.28,12.95,45.63
2025-11-09,15-16,CR-14,IT Building,80,CLS-14,Artificial Intelligence,FAC-08,Sunday,24,1.0,0,0,91.34,22,27,34,0.41,1.09,0.59,7.08,29.06
2025-08-31,10-11,CR-03,Main Building,40,CLS-09,Computer Networks,FAC-27,Sunday,28,2.0,1,0,74.62,21,38,23,0.12,0.4,0.0,1.05,14.15
2025-10-06,09-10,CR-03,Main Building,40,CLS-19,Data Science,FAC-20,Monday,17,1.0,0,0,84.44,14,7,15,0.57,0.89,0.86,5.38,30.62
2025-09-25,13-14,CR-08,Main Building,30,CLS-37,Software Engineering,FAC-19,Thursday,28,1.0,0,0,86.54,24,10,4,0.4,0.76,0.56,4.4,68.33
2025-08-06,14-15,CR-12,IT Building,80,CLS-39,Software Engineering,FAC-28,Wednesday,40,1.5,0,0,84.77,34,28,30,0.67,1.48,0.38,8.92,40.62
2025-12-11,16-17,CR-09,Science Building,40,CLS-07,Operating Systems,FAC-22,Thursday,25,1.0,1,0,66.15,17,32,21,0.47,0.2,0.07,1.56,14.06
2025-08-27,11-12,CR-17,Main Building,50,CLS-09,Python,FAC-04,Wednesday,16,3.0,0,0,96.78,15,31,22,2.54,2.12,2.28,17.9,38.0
2025-07-12,14-15,CR-13,IT Building,40,CLS-19,Data Science,FAC-14,Saturday,22,3.0,0,0,69.23,15,10,9,1.66,1.48,0.69,11.98,34.38
2025-10-03,10-11,CR-09,Science Building,40,CLS-21,Artificial Intelligence,FAC-08,Friday,38,3.0,0,0,88.07,33,29,25,1.5,2.36,0.65,13.95,80.0
2025-08-20,14-15,CR-20,Main Building,60,CLS-31,Computer Networks,FAC-09,Wednesday,45,1.5,0,0,69.61,31,46,27,1.27,2.47,0.42,10.83,57.92
2025-07-11,10-11,CR-09,Science Building,40,CLS-37,Web Development,FAC-23,Friday,19,3.0,0,0,67.38,13,25,26,2.66,2.34,1.37,17.9,40.0
2025-11-08,10-11,CR-11,Main Building,80,CLS-01,Computer Networks,FAC-19,Saturday,24,2.0,0,0,75.22,18,61,34,0.92,1.26,2.24,11.73,35.94
2025-08-25,09-10,CR-05,Main Building,80,CLS-44,Python,FAC-28,Monday,42,3.0,0,0,91.36,38,65,31,0.96,2.66,1.52,15.59,55.94
2025-07-16,11-12,CR-11,Main Building,80,CLS-45,Python,FAC-20,Wednesday,44,2.0,0,0,90.82,40,46,8,0.95,2.11,2.23,11.57,51.88
2025-06-19,10-11,CR-19,Main Building,30,CLS-08,Web Development,FAC-14,Thursday,27,1.0,0,0,82.03,22,8,25,0.68,1.51,1.44,6.84,61.67
2025-07-21,12-13,CR-16,IT Building,60,CLS-30,Software Engineering,FAC-28,Monday,56,3.0,1,0,81.03,45,27,22,0.47,0.33,0.05,2.25,26.44
2025-12-03,15-16,CR-05,Main Building,80,CLS-24,Machine Learning,FAC-28,Wednesday,49,1.0,1,0,87.11,43,70,1,0.01,0.1,0.34,1.06,10.02
2025-11-14,16-17,CR-05,Main Building,80,CLS-06,Web Development,FAC-15,Friday,51,2.0,0,0,90.23,46,36,28,2.14,1.23,2.34,15.7,54.37
2025-11-13,10-11,CR-02,Main Building,50,CLS-37,Web Development,FAC-11,Thursday,14,2.0,0,0,84.69,12,32,28,0.53,2.91,0.53,9.49,34.0
2025-06-04,14-15,CR-07,Main Building,30,CLS-27,DBMS,FAC-22,Wednesday,10,3.0,0,0,73.41,7,10,0,2.49,2.67,2.55,16.33,25.83
2025-06-29,09-10,CR-05,Main Building,80,CLS-10,Python,FAC-27,Sunday,76,3.0,0,1,95.42,73,49,32,0.35,3.5,0.88,15.93,91.26
2025-07-03,14-15,CR-09,Science Building,40,CLS-50,Software Engineering,FAC-07,Thursday,14,3.0,0,0,93.01,13,34,36,0.63,2.53,2.69,13.52,45.62
2025-09-06,08-09,CR-17,Main Building,50,CLS-11,Software Engineering,FAC-20,Saturday,35,1.5,1,0,91.55,32,20,24,0.74,0.46,0.22,1.66,5.95
2025-08-25,12-13,CR-20,Main Building,60,CLS-19,Computer Networks,FAC-29,Monday,50,1.0,0,1,70.71,35,32,26,0.31,0.87,0.43,6.31,60.76
2025-12-01,08-09,CR-04,Science Building,30,CLS-13,Data Science,FAC-09,Monday,25,1.0,0,1,66.28,17,10,11,0.29,1.75,0.99,5.91,53.13
2025-11-15,08-09,CR-03,Main Building,40,CLS-07,Artificial Intelligence,FAC-10,Saturday,20,1.0,0,0,76.82,15,9,34,1.37,0.61,1.48,7.85,33.75
2025-06-13,11-12,CR-17,Main Building,50,CLS-47,Software Engineering,FAC-19,Friday,12,1.0,0,0,87.41,10,10,18,1.2,1.14,1.33,7.75,20.0
2025-06-16,12-13,CR-08,Main Building,30,CLS-05,Artificial Intelligence,FAC-13,Monday,18,2.0,0,0,69.97,13,25,6,0.88,0.73,0.72,6.85,53.33
2025-12-31,13-14,CR-07,Main Building,30,CLS-34,Machine Learning,FAC-09,Wednesday,22,2.0,0,0,67.58,15,13,14,1.21,1.83,2.27,10.37,48.33
2025-08-21,13-14,CR-17,Main Building,50,CLS-04,DBMS,FAC-02,Thursday,10,1.0,0,1,97.92,10,27,24,1.19,1.96,1.23,9.02,32.19
2025-06-29,15-16,CR-15,Main Building,30,CLS-36,Web Development,FAC-02,Sunday,8,2.0,0,0,86.34,7,18,25,1.04,1.18,1.55,8.73,32.5
2025-11-16,09-10,CR-13,IT Building,40,CLS-39,Software Engineering,FAC-23,Sunday,25,2.0,1,0,95.81,24,36,6,0.03,0.38,0.36,1.11,15.58
2025-06-28,13-14,CR-17,Main Building,50,CLS-25,Computer Networks,FAC-26,Saturday,43,1.5,0,0,71.74,31,43,36,1.2,2.03,1.82,11.47,68.0
2025-09-29,14-15,CR-15,Main Building,30,CLS-23,Statistics,FAC-24,Monday,28,2.0,0,0,91.06,25,9,13,0.69,2.0,1.0,8.06,70.0
2025-06-17,15-16,CR-02,Main Building,50,CLS-47,Artificial Intelligence,FAC-28,Tuesday,11,1.0,0,0,96.68,11,30,12,0.72,0.51,0.6,5.17,31.5
2025-08-05,13-14,CR-18,IT Building,40,CLS-05,Statistics,FAC-12,Tuesday,21,1.0,0,0,68.94,14,29,15,0.38,0.62,0.99,4.9,44.38
2025-09-02,11-12,CR-08,Main Building,30,CLS-38,Statistics,FAC-25,Tuesday,22,1.0,0,0,93.45,21,16,12,0.78,1.87,0.87,6.22,65.83
2025-11-16,10-11,CR-04,Science Building,30,CLS-30,Operating Systems,FAC-11,Sunday,23,1.0,0,0,78.16,18,21,26,1.19,0.61,0.36,6.55,62.5
2025-08-08,14-15,CR-14,IT Building,80,CLS-36,Operating Systems,FAC-20,Friday,71,1.0,0,0,91.08,65,12,9,1.4,1.08,1.0,9.88,64.69
2025-12-19,16-17,CR-11,Main Building,80,CLS-14,Data Science,FAC-29,Friday,68,1.5,0,0,81.52,55,61,27,1.97,2.16,1.85,14.32,70.62
2025-10-30,16-17,CR-08,Main Building,30,CLS-17,Artificial Intelligence,FAC-03,Thursday,26,1.0,1,0,73.76,19,9,10,0.21,0.47,0.01,0.72,7.58
2025-10-11,13-14,CR-10,Main Building,80,CLS-28,Machine Learning,FAC-08,Saturday,16,3.0,0,0,96.86,15,36,0,0.66,3.37,1.01,12.07,25.31
2025-10-16,15-16,CR-05,Main Building,80,CLS-47,Python,FAC-21,Thursday,45,3.0,0,1,84.32,38,33,30,1.21,2.8,0.29,16.26,52.7
2025-09-29,15-16,CR-04,Science Building,30,CLS-08,Software Engineering,FAC-10,Monday,10,1.0,0,0,67.12,7,24,16,0.37,1.13,1.27,5.1,37.5
2025-09-08,11-12,CR-01,Main Building,30,CLS-50,Statistics,FAC-02,Monday,6,1.5,0,0,83.95,5,6,1,1.59,1.08,0.97,8.03,17.5
2025-12-29,10-11,CR-09,Science Building,40,CLS-10,DBMS,FAC-10,Monday,29,1.0,0,0,82.29,24,9,22,0.42,0.54,0.44,4.95,50.62
2025-12-07,15-16,CR-15,Main Building,30,CLS-31,Machine Learning,FAC-25,Sunday,25,3.0,1,0,71.26,18,7,21,0.34,0.04,0.1,1.54,13.92
2025-11-09,15-16,CR-04,Science Building,30,CLS-25,Artificial Intelligence,FAC-23,Sunday,25,1.5,0,0,95.07,24,16,24,0.28,1.81,0.92,6.81,73.33
2025-09-25,14-15,CR-10,Main Building,80,CLS-03,Statistics,FAC-20,Thursday,62,2.0,0,1,72.38,45,42,12,2.16,1.73,2.1,16.81,59.04
2025-08-08,08-09,CR-01,Main Building,30,CLS-40,Artificial Intelligence,FAC-05,Friday,11,3.0,0,0,78.4,9,25,12,2.96,3.2,2.91,19.34,43.33
2025-11-22,13-14,CR-07,Main Building,30,CLS-50,Operating Systems,FAC-20,Saturday,12,2.0,0,0,89.93,11,6,18,2.23,2.91,0.98,13.67,32.5
2025-06-20,12-13,CR-08,Main Building,30,CLS-40,Python,FAC-15,Friday,6,1.0,1,0,91.36,5,19,21,0.21,0.27,0.09,1.02,4.9
2025-06-13,09-10,CR-11,Main Building,80,CLS-32,Statistics,FAC-04,Friday,21,1.0,0,0,69.82,15,17,4,1.04,1.39,0.4,7.31,19.38
2025-09-10,10-11,CR-14,IT Building,80,CLS-01,Python,FAC-17,Wednesday,18,1.0,0,0,75.76,14,38,16,0.95,0.78,1.25,7.5,25.0
2025-09-28,13-14,CR-20,Main Building,60,CLS-30,Software Engineering,FAC-30,Sunday,25,1.0,0,0,89.68,22,41,32,0.6,0.53,0.93,6.24,44.58
2025-11-30,11-12,CR-12,IT Building,80,CLS-32,Machine Learning,FAC-20,Sunday,27,1.0,0,1,96.57,26,63,30,0.74,1.13,1.46,9.07,49.48
2025-12-27,12-13,CR-13,IT Building,40,CLS-16,Software Engineering,FAC-30,Saturday,21,2.0,0,0,83.57,18,21,9,2.44,2.22,2.26,14.48,46.88
2025-06-06,11-12,CR-03,Main Building,40,CLS-32,Data Science,FAC-27,Friday,29,1.5,0,0,88.08,26,15,33,1.54,1.08,0.78,9.5,58.12
2025-07-07,12-13,CR-13,IT Building,40,CLS-35,Artificial Intelligence,FAC-09,Monday,35,2.0,0,0,83.57,29,14,18,0.81,2.54,0.5,9.71,63.12
2025-06-01,08-09,CR-02,Main Building,50,CLS-45,Data Science,FAC-01,Sunday,44,1.5,1,0,92.37,41,12,19,0.6,0.09,0.27,1.3,20.25
2025-09-05,08-09,CR-11,Main Building,80,CLS-06,Statistics,FAC-01,Friday,51,3.0,0,0,76.6,39,38,9,0.42,3.95,0.34,12.79,48.44
2025-10-05,09-10,CR-13,IT Building,40,CLS-42,DBMS,FAC-24,Sunday,9,2.0,1,0,86.86,8,21,20,0.37,0.32,0.18,1.62,10.39
2025-11-15,11-12,CR-13,IT Building,40,CLS-39,DBMS,FAC-26,Saturday,8,1.0,0,0,87.79,7,8,37,0.39,1.49,0.6,6.27,18.12
2025-06-14,16-17,CR-20,Main Building,60,CLS-38,DBMS,FAC-03,Saturday,47,1.5,0,0,65.95,31,55,0,0.98,1.37,1.07,8.11,61.67
2025-12-25,12-13,CR-18,IT Building,40,CLS-03,Data Science,FAC-17,Thursday,28,1.0,0,0,75.4,21,10,21,0.33,1.53,0.96,6.24,45.62
2025-10-18,10-11,CR-20,Main Building,60,CLS-44,Python,FAC-20,Saturday,26,1.0,0,0,76.53,20,49,28,1.13,1.31,0.84,8.75,45.42
2025-09-15,14-15,CR-03,Main Building,40,CLS-16,Computer Networks,FAC-13,Monday,13,2.0,1,0,86.78,11,38,5,0.29,0.07,0.08,1.09,6.31
2025-07-06,14-15,CR-17,Main Building,50,CLS-05,Artificial Intelligence,FAC-28,Sunday,46,1.0,0,0,86.1,40,36,0,1.34,1.11,0.46,7.56,78.0
2025-08-28,11-12,CR-03,Main Building,40,CLS-06,Python,FAC-12,Thursday,29,2.0,0,0,94.06,27,6,39,1.62,2.65,0.28,12.55,54.38
2025-09-19,15-16,CR-07,Main Building,30,CLS-39,Operating Systems,FAC-20,Friday,22,1.0,0,0,68.54,15,21,18,0.37,1.57,0.34,4.41,55.0
2025-07-02,12-13,CR-05,Main Building,80,CLS-43,Computer Networks,FAC-20,Wednesday,30,1.5,0,0,75.25,23,15,6,1.77,0.84,0.87,10.06,26.25
2025-09-12,15-16,CR-14,IT Building,80,CLS-31,Machine Learning,FAC-17,Friday,47,1.5,0,0,90.55,43,39,26,0.3,1.85,1.68,9.32,52.5
2025-07-31,14-15,CR-18,IT Building,40,CLS-34,Artificial Intelligence,FAC-01,Thursday,10,2.0,1,0,67.55,7,16,29,0.26,0.05,0.16,0.85,8.72
2025-07-15,10-11,CR-06,IT Building,80,CLS-28,Computer Networks,FAC-14,Tuesday,44,2.0,1,1,93.88,41,13,36,0.35,0.28,0.22,2.27,7.71
2025-11-12,14-15,CR-03,Main Building,40,CLS-26,Artificial Intelligence,FAC-06,Wednesday,13,2.0,1,1,74.77,10,6,29,0.63,0.21,0.03,1.68,7.22
2025-12-24,13-14,CR-19,Main Building,30,CLS-35,Machine Learning,FAC-05,Wednesday,16,1.0,0,0,81.15,13,19,14,1.27,0.65,0.34,6.36,48.33
2025-07-09,14-15,CR-11,Main Building,80,CLS-39,Operating Systems,FAC-13,Wednesday,34,1.0,0,0,88.89,30,59,34,0.96,1.2,1.36,8.74,46.56
2025-06-07,13-14,CR-01,Main Building,30,CLS-05,Web Development,FAC-04,Saturday,20,1.0,0,0,90.3,18,19,17,1.26,1.72,1.05,7.96,60.83
2025-10-28,11-12,CR-19,Main Building,30,CLS-05,Data Science,FAC-19,Tuesday,17,3.0,0,0,95.56,16,6,17,0.32,0.68,2.89,8.72,45.0
2025-10-15,15-16,CR-03,Main Building,40,CLS-42,Machine Learning,FAC-27,Wednesday,17,2.0,0,0,74.15,13,9,23,2.22,1.47,0.52,12.08,30.0
2025-12-16,08-09,CR-01,Main Building,30,CLS-46,Statistics,FAC-06,Tuesday,14,1.0,0,0,88.15,12,20,30,1.48,1.16,0.9,7.56,46.67
2025-09-23,16-17,CR-16,IT Building,60,CLS-23,Operating Systems,FAC-02,Tuesday,52,1.0,1,0,82.22,43,18,37,0.54,0.26,0.0,1.66,9.73
2025-07-02,09-10,CR-05,Main Building,80,CLS-22,Python,FAC-03,Wednesday,57,2.0,0,0,71.76,41,75,17,2.26,2.82,2.45,16.75,61.87
2025-07-14,08-09,CR-13,IT Building,40,CLS-43,Statistics,FAC-12,Monday,12,1.0,0,0,95.99,12,18,26,0.59,1.26,0.47,5.95,33.75
2025-11-02,11-12,CR-04,Science Building,30,CLS-41,Software Engineering,FAC-01,Sunday,18,1.0,0,0,93.09,17,19,20,0.79,1.64,0.37,6.28,58.33
2025-07-21,08-09,CR-05,Main Building,80,CLS-17,Data Science,FAC-29,Monday,40,2.0,1,0,66.33,27,29,16,0.75,0.21,0.5,2.39,10.67
2025-10-25,15-16,CR-12,IT Building,80,CLS-16,Operating Systems,FAC-26,Saturday,63,2.0,0,0,91.97,58,53,31,2.31,1.24,2.39,16.14,70.94
2025-12-18,09-10,CR-09,Science Building,40,CLS-20,Computer Networks,FAC-22,Thursday,38,2.0,0,0,70.01,27,37,16,0.43,1.58,2.11,8.97,73.75
2025-06-13,14-15,CR-18,IT Building,40,CLS-32,DBMS,FAC-12,Friday,28,1.0,0,0,89.08,25,20,16,0.51,1.92,0.33,6.09,59.38
2025-08-24,09-10,CR-09,Science Building,40,CLS-25,Computer Networks,FAC-29,Sunday,25,2.0,1,0,94.64,24,28,32,0.3,0.25,0.21,1.37,9.97
2025-12-09,12-13,CR-17,Main Building,50,CLS-13,Web Development,FAC-18,Tuesday,24,2.0,0,1,71.37,17,34,40,0.71,0.97,1.35,9.76,45.46
2025-09-15,15-16,CR-07,Main Building,30,CLS-28,Computer Networks,FAC-27,Monday,15,2.0,0,0,91.33,14,8,0,1.53,2.73,1.68,11.25,41.67
2025-11-17,15-16,CR-16,IT Building,60,CLS-24,Software Engineering,FAC-16,Monday,12,2.0,0,0,79.83,10,24,10,1.8,0.67,2.18,11.65,22.5
2025-12-15,14-15,CR-20,Main Building,60,CLS-36,DBMS,FAC-22,Monday,53,1.0,0,0,90.67,48,55,27,0.56,1.65,0.27,7.49,82.92
2025-10-31,13-14,CR-18,IT Building,40,CLS-03,Artificial Intelligence,FAC-01,Friday,32,2.0,0,0,91.85,29,9,23,0.26,1.75,1.84,8.52,60.0
2025-12-02,08-09,CR-20,Main Building,60,CLS-12,Software Engineering,FAC-09,Tuesday,37,1.5,0,0,70.13,26,12,29,1.39,0.67,0.57,9.89,37.5
2025-07-21,12-13,CR-06,IT Building,80,CLS-49,Statistics,FAC-25,Monday,28,2.0,0,0,69.81,20,69,14,0.67,1.01,0.79,8.6,40.31
2025-12-07,15-16,CR-05,Main Building,80,CLS-38,Artificial Intelligence,FAC-09,Sunday,56,3.0,0,0,72.48,41,42,35,1.34,2.79,1.45,17.41,51.56
2025-06-08,09-10,CR-14,IT Building,80,CLS-09,Artificial Intelligence,FAC-18,Sunday,38,1.0,0,0,69.18,26,28,40,0.31,1.82,0.35,7.86,33.12
2025-06-02,12-13,CR-11,Main Building,80,CLS-02,Data Science,FAC-18,Monday,22,1.0,0,0,69.9,15,41,4,0.28,1.44,0.98,5.65,26.88
2025-07-06,15-16,CR-20,Main Building,60,CLS-17,DBMS,FAC-27,Sunday,26,3.0,0,1,74.8,19,57,21,0.67,0.98,0.61,10.27,50.63
2025-12-22,09-10,CR-04,Science Building,30,CLS-10,DBMS,FAC-22,Monday,17,2.0,0,0,68.77,12,9,12,0.79,1.27,2.41,8.65,37.5
2025-08-31,10-11,CR-15,Main Building,30,CLS-17,Data Science,FAC-18,Sunday,19,3.0,1,0,77.29,15,9,25,0.46,0.16,0.09,1.64,13.52
2025-06-29,08-09,CR-17,Main Building,50,CLS-24,Operating Systems,FAC-08,Sunday,43,1.0,0,0,69.72,30,29,18,1.43,1.98,0.31,8.71,59.5
2025-08-27,09-10,CR-09,Science Building,40,CLS-41,Computer Networks,FAC-02,Wednesday,33,2.0,1,0,71.15,23,20,20,0.36,0.06,0.23,1.12,7.13
2025-10-01,12-13,CR-12,IT Building,80,CLS-23,Artificial Intelligence,FAC-25,Wednesday,59,1.0,1,0,73.97,44,16,26,0.35,0.05,0.21,1.75,6.51
2025-07-18,16-17,CR-04,Science Building,30,CLS-27,Operating Systems,FAC-07,Friday,13,1.5,0,0,67.5,9,7,26,1.06,2.48,1.6,9.52,28.33
2025-07-06,09-10,CR-11,Main Building,80,CLS-31,Artificial Intelligence,FAC-14,Sunday,62,2.0,1,0,96.75,60,66,16,0.78,0.44,0.35,2.27,28.05
2025-07-15,14-15,CR-01,Main Building,30,CLS-33,Web Development,FAC-17,Tuesday,9,2.0,1,0,95.5,9,16,5,0.83,0.42,0.34,1.85,3.74
2025-11-07,08-09,CR-14,IT Building,80,CLS-37,DBMS,FAC-03,Friday,54,3.0,0,0,75.05,41,14,15,0.35,3.77,1.86,14.2,42.81
2025-11-06,13-14,CR-03,Main Building,40,CLS-28,Operating Systems,FAC-02,Thursday,17,1.0,0,0,92.37,16,15,8,1.3,1.72,1.06,7.54,39.38
2025-11-21,14-15,CR-15,Main Building,30,CLS-15,Machine Learning,FAC-06,Friday,12,1.0,0,1,77.08,9,21,16,0.63,0.51,1.29,5.77,47.74
2025-08-18,16-17,CR-12,IT Building,80,CLS-06,Web Development,FAC-21,Monday,25,1.0,0,0,81.63,20,43,25,0.91,1.89,0.29,8.03,32.19
2025-08-16,13-14,CR-02,Main Building,50,CLS-44,Data Science,FAC-18,Saturday,21,3.0,1,0,90.52,19,13,15,0.05,0.02,0.21,1.23,6.18
2025-09-29,13-14,CR-12,IT Building,80,CLS-29,Computer Networks,FAC-15,Monday,27,2.0,0,0,66.34,18,26,21,1.63,2.52,1.24,13.47,25.0
2025-08-14,08-09,CR-10,Main Building,80,CLS-41,Web Development,FAC-07,Thursday,73,1.0,0,0,83.3,61,50,15,1.25,1.42,0.53,9.63,72.81
2025-09-20,13-14,CR-08,Main Building,30,CLS-06,Python,FAC-22,Saturday,26,3.0,0,1,89.23,23,19,15,1.96,3.89,0.79,17.9,76.05
2025-11-12,09-10,CR-11,Main Building,80,CLS-02,Computer Networks,FAC-05,Wednesday,59,2.0,0,0,96.39,57,28,24,1.46,2.18,0.47,13.26,62.19
2025-12-18,13-14,CR-03,Main Building,40,CLS-29,DBMS,FAC-28,Thursday,13,2.0,0,0,88.33,11,15,39,0.34,1.87,0.45,7.74,30.0
2025-06-22,08-09,CR-17,Main Building,50,CLS-32,DBMS,FAC-27,Sunday,19,1.0,0,1,97.86,19,42,15,1.37,0.53,1.32,8.09,53.88
2025-06-20,13-14,CR-15,Main Building,30,CLS-14,Operating Systems,FAC-14,Friday,21,1.0,0,0,88.74,19,8,18,0.8,1.48,0.68,6.47,54.17
2025-10-10,15-16,CR-16,IT Building,60,CLS-01,Operating Systems,FAC-21,Friday,30,1.0,0,1,75.64,23,55,5,0.78,0.72,1.29,6.72,55.91
2025-07-21,08-09,CR-09,Science Building,40,CLS-18,Artificial Intelligence,FAC-02,Monday,8,3.0,0,0,94.5,8,14,24,1.62,2.4,2.88,15.17,23.75
2025-12-08,16-17,CR-08,Main Building,30,CLS-36,Operating Systems,FAC-18,Monday,25,1.0,0,0,94.26,24,24,11,0.46,1.21,1.46,5.28,80.0
2025-06-15,10-11,CR-20,Main Building,60,CLS-21,Software Engineering,FAC-13,Sunday,40,3.0,0,0,71.44,29,24,3,0.56,3.09,2.37,12.62,46.25
2025-08-09,08-09,CR-20,Main Building,60,CLS-50,DBMS,FAC-09,Saturday,38,2.0,1,0,96.98,37,52,22,0.77,0.12,0.02,2.01,12.86
2025-06-18,16-17,CR-05,Main Building,80,CLS-16,Computer Networks,FAC-18,Wednesday,48,1.0,0,0,84.31,40,43,35,0.52,1.83,1.49,8.72,50.94
2025-11-18,10-11,CR-15,Main Building,30,CLS-12,Machine Learning,FAC-02,Tuesday,16,1.0,0,0,67.86,11,12,12,1.33,1.09,0.91,6.79,37.5
2025-06-16,09-10,CR-18,IT Building,40,CLS-20,Data Science,FAC-05,Monday,8,1.0,0,1,67.66,5,16,23,0.95,0.52,0.76,6.43,26.15
2025-07-15,08-09,CR-18,IT Building,40,CLS-48,DBMS,FAC-22,Tuesday,31,1.0,1,0,67.42,21,13,40,0.41,0.02,0.42,1.17,10.61
2025-09-15,08-09,CR-08,Main Building,30,CLS-35,Statistics,FAC-22,Monday,27,2.0,0,0,93.71,25,11,23,1.93,1.05,0.41,10.45,71.67
2025-09-06,08-09,CR-15,Main Building,30,CLS-48,Software Engineering,FAC-19,Saturday,28,1.0,1,0,88.62,25,17,15,0.39,0.38,0.22,0.91,11.9
2025-06-11,08-09,CR-12,IT Building,80,CLS-09,Machine Learning,FAC-09,Wednesday,60,2.0,0,0,89.7,54,72,0,2.28,0.62,1.43,12.81,73.12
2025-09-25,09-10,CR-14,IT Building,80,CLS-16,Web Development,FAC-18,Thursday,39,3.0,0,1,66.08,26,53,6,1.54,3.6,1.24,18.07,44.02
2025-09-26,08-09,CR-17,Main Building,50,CLS-24,Machine Learning,FAC-25,Friday,17,3.0,0,0,95.83,16,46,16,2.33,0.86,0.89,14.65,47.0
2025-12-22,12-13,CR-12,IT Building,80,CLS-17,Artificial Intelligence,FAC-14,Monday,54,1.5,0,1,78.01,42,62,22,0.55,1.49,1.07,9.68,62.78
2025-12-28,09-10,CR-20,Main Building,60,CLS-12,Operating Systems,FAC-14,Sunday,43,1.0,0,0,90.93,39,37,7,1.43,1.82,0.51,8.77,64.17
2025-11-24,16-17,CR-17,Main Building,50,CLS-27,Data Science,FAC-28,Monday,37,1.0,0,0,81.37,30,32,6,0.68,1.1,0.7,6.08,61.0
2025-07-05,14-15,CR-13,IT Building,40,CLS-50,Operating Systems,FAC-18,Saturday,15,1.0,0,0,82.28,12,37,13,1.48,0.59,0.86,7.49,45.62
2025-09-26,09-10,CR-07,Main Building,30,CLS-35,Software Engineering,FAC-16,Friday,15,3.0,0,0,90.54,14,27,4,0.67,2.64,0.91,9.64,57.5
2025-07-26,12-13,CR-13,IT Building,40,CLS-05,Web Development,FAC-10,Saturday,33,1.5,0,0,75.86,25,37,27,1.3,0.87,0.75,8.92,70.0
2025-07-23,11-12,CR-01,Main Building,30,CLS-19,Machine Learning,FAC-03,Wednesday,20,1.5,0,0,78.75,16,9,20,0.87,1.55,1.3,8.29,47.5
2025-11-19,09-10,CR-12,IT Building,80,CLS-12,Web Development,FAC-17,Wednesday,30,1.0,0,0,75.16,23,65,13,0.41,1.64,1.31,7.4,41.88
2025-09-15,12-13,CR-16,IT Building,60,CLS-02,Web Development,FAC-13,Monday,32,1.5,0,1,73.48,24,33,37,0.96,1.5,1.18,10.36,48.81
2025-10-02,08-09,CR-07,Main Building,30,CLS-25,Software Engineering,FAC-18,Thursday,13,1.0,0,0,88.81,12,21,7,0.33,1.2,1.28,4.91,47.5
2025-10-03,11-12,CR-13,IT Building,40,CLS-47,DBMS,FAC-23,Friday,34,1.0,0,1,79.89,27,17,9,0.44,1.98,1.36,6.9,67.93
2025-11-28,09-10,CR-06,IT Building,80,CLS-31,Python,FAC-13,Friday,37,2.0,0,0,71.07,26,20,2,2.37,1.83,2.17,15.25,30.62
2025-08-07,08-09,CR-13,IT Building,40,CLS-48,Data Science,FAC-19,Thursday,11,1.0,0,0,76.29,8,16,8,0.67,1.98,0.9,6.18,25.0
2025-10-10,10-11,CR-09,Science Building,40,CLS-31,Machine Learning,FAC-17,Friday,14,1.0,0,1,80.9,11,13,28,0.3,1.19,0.77,5.83,34.93
2025-12-15,14-15,CR-02,Main Building,50,CLS-31,Artificial Intelligence,FAC-22,Monday,38,2.0,0,1,90.72,34,23,36,1.05,2.96,0.66,12.58,67.36
2025-08-12,15-16,CR-20,Main Building,60,CLS-39,Python,FAC-11,Tuesday,22,3.0,0,0,89.22,20,40,7,2.99,3.37,1.78,20.57,41.67
2025-06-29,12-13,CR-18,IT Building,40,CLS-27,Artificial Intelligence,FAC-14,Sunday,19,2.0,1,0,81.0,15,12,0,0.84,0.47,0.49,1.46,8.19
2025-10-05,11-12,CR-11,Main Building,80,CLS-27,DBMS,FAC-04,Sunday,42,1.0,0,0,67.94,29,71,23,0.59,1.65,1.32,8.01,49.38
2025-12-31,13-14,CR-15,Main Building,30,CLS-12,Computer Networks,FAC-04,Wednesday,19,2.0,0,1,90.7,17,17,6,1.67,1.78,1.84,12.03,61.59
2025-10-22,16-17,CR-03,Main Building,40,CLS-06,Statistics,FAC-27,Wednesday,36,1.0,0,1,87.35,31,9,25,1.12,1.3,1.36,8.6,68.93
2025-07-13,08-09,CR-04,Science Building,30,CLS-49,DBMS,FAC-21,Sunday,6,1.5,0,0,73.32,4,19,11,0.92,2.06,1.11,7.55,25.83
2025-07-19,10-11,CR-04,Science Building,30,CLS-25,DBMS,FAC-26,Saturday,28,1.0,0,0,77.19,22,11,2,1.36,1.2,0.9,7.21,64.17
2025-09-29,16-17,CR-11,Main Building,80,CLS-18,Statistics,FAC-02,Monday,64,3.0,0,0,75.98,49,19,15,1.01,2.8,0.58,14.6,51.88
2025-09-30,10-11,CR-20,Main Building,60,CLS-23,Web Development,FAC-12,Tuesday,45,3.0,0,1,71.29,32,23,21,2.16,2.61,0.76,18.79,55.75
2025-12-28,11-12,CR-20,Main Building,60,CLS-38,Software Engineering,FAC-25,Sunday,19,1.0,0,0,74.02,14,55,13,0.76,1.55,1.05,7.43,40.42
2025-11-02,10-11,CR-05,Main Building,80,CLS-21,Artificial Intelligence,FAC-04,Sunday,44,3.0,0,0,90.01,40,35,20,1.95,3.25,1.17,18.47,48.44
2025-10-21,09-10,CR-09,Science Building,40,CLS-32,Computer Networks,FAC-29,Tuesday,13,1.0,1,0,94.08,12,18,25,0.61,0.41,0.27,1.34,11.59
2025-07-02,16-17,CR-13,IT Building,40,CLS-15,Statistics,FAC-20,Wednesday,16,1.0,0,0,77.25,12,19,35,1.12,1.21,1.3,7.55,34.38
2025-08-04,13-14,CR-08,Main Building,30,CLS-07,Artificial Intelligence,FAC-13,Monday,12,3.0,0,1,87.38,10,11,0,2.13,1.26,2.96,15.72,41.54
2025-12-23,15-16,CR-20,Main Building,60,CLS-26,Software Engineering,FAC-22,Tuesday,33,3.0,0,0,75.9,25,50,37,1.72,0.98,1.73,15.42,52.08
2025-09-18,12-13,CR-12,IT Building,80,CLS-38,Software Engineering,FAC-15,Thursday,24,2.0,0,0,69.81,17,34,6,1.49,2.12,1.13,12.13,26.56
2025-09-26,15-16,CR-07,Main Building,30,CLS-22,Machine Learning,FAC-14,Friday,18,2.0,0,0,68.58,12,10,6,2.03,0.93,0.33,9.86,38.33
2025-11-07,15-16,CR-07,Main Building,30,CLS-28,Operating Systems,FAC-01,Friday,21,2.0,0,0,71.12,15,19,21,1.97,1.51,2.21,12.31,53.33
2025-07-28,12-13,CR-01,Main Building,30,CLS-46,Data Science,FAC-10,Monday,10,2.0,0,0,88.65,9,27,27,0.5,2.47,0.63,8.17,45.0
2025-08-09,09-10,CR-20,Main Building,60,CLS-34,DBMS,FAC-26,Saturday,15,1.5,1,0,76.4,11,20,15,0.76,0.48,0.19,1.48,5.08
2025-08-18,08-09,CR-04,Science Building,30,CLS-35,Machine Learning,FAC-21,Monday,15,1.0,0,0,91.64,14,13,24,1.07,0.79,0.63,6.54,45.83
2025-10-20,12-13,CR-05,Main Building,80,CLS-43,Python,FAC-06,Monday,60,1.0,0,0,69.35,42,12,38,0.73,0.81,1.05,9.08,43.12
2025-08-18,15-16,CR-14,IT Building,80,CLS-23,Machine Learning,FAC-04,Monday,58,2.0,0,0,95.17,55,20,21,1.39,1.86,1.31,13.21,57.81
2025-09-15,12-13,CR-01,Main Building,30,CLS-40,Statistics,FAC-10,Monday,9,1.0,0,0,73.87,7,10,19,0.32,1.11,0.32,4.1,25.83
2025-10-17,09-10,CR-07,Main Building,30,CLS-30,Python,FAC-11,Friday,15,3.0,1,0,82.61,12,13,26,0.13,0.47,0.45,1.64,8.06
2025-06-24,08-09,CR-17,Main Building,50,CLS-12,Computer Networks,FAC-28,Tuesday,14,2.0,0,0,71.27,10,19,20,1.02,2.03,0.47,9.12,24.5
2025-09-07,13-14,CR-20,Main Building,60,CLS-18,Data Science,FAC-24,Sunday,48,2.0,0,0,95.21,46,49,11,2.17,1.95,1.42,13.73,77.92
2025-08-01,15-16,CR-13,IT Building,40,CLS-46,Computer Networks,FAC-14,Friday,26,2.0,0,1,95.71,25,17,10,2.35,2.92,0.53,14.76,62.92
2025-07-30,11-12,CR-18,IT Building,40,CLS-25,Machine Learning,FAC-19,Wednesday,16,1.0,0,1,82.87,13,18,38,0.27,0.59,1.36,5.93,41.69
2025-12-31,11-12,CR-10,Main Building,80,CLS-09,Web Development,FAC-21,Wednesday,56,3.0,0,0,93.67,52,12,24,1.23,3.62,1.88,17.59,52.5
2025-09-17,10-11,CR-17,Main Building,50,CLS-48,DBMS,FAC-09,Wednesday,36,1.0,0,0,68.74,25,40,34,0.79,1.19,0.94,7.87,57.5
2025-11-02,11-12,CR-08,Main Building,30,CLS-17,DBMS,FAC-16,Sunday,17,1.0,1,1,68.48,12,16,13,0.99,0.12,0.1,1.99,8.95
2025-06-10,16-17,CR-14,IT Building,80,CLS-50,Artificial Intelligence,FAC-26,Tuesday,34,1.0,0,0,79.51,27,34,24,1.21,1.27,1.01,9.39,35.94
2025-11-06,10-11,CR-18,IT Building,40,CLS-22,Artificial Intelligence,FAC-01,Thursday,22,1.0,0,0,88.88,20,7,36,0.28,1.36,1.36,6.36,41.88
2025-08-28,10-11,CR-18,IT Building,40,CLS-41,Software Engineering,FAC-26,Thursday,27,1.0,0,0,95.57,26,36,40,0.69,1.19,1.48,7.38,71.25
2025-06-03,11-12,CR-19,Main Building,30,CLS-28,Statistics,FAC-28,Tuesday,19,1.0,0,0,71.58,14,14,19,0.33,1.79,1.34,6.3,46.67
2025-06-25,15-16,CR-13,IT Building,40,CLS-22,Python,FAC-09,Wednesday,22,1.0,0,1,92.58,20,18,0,1.17,0.9,0.27,5.79,50.98
2025-10-30,13-14,CR-09,Science Building,40,CLS-09,Software Engineering,FAC-17,Thursday,38,1.5,0,0,80.83,31,24,39,1.75,2.29,1.92,12.52,73.12
2025-11-13,14-15,CR-13,IT Building,40,CLS-34,Computer Networks,FAC-14,Thursday,22,2.0,0,1,79.67,18,22,29,1.99,2.35,1.46,14.75,49.6
2025-11-27,09-10,CR-15,Main Building,30,CLS-45,Python,FAC-28,Thursday,19,2.0,0,0,67.88,13,12,19,2.33,1.64,1.07,12.91,42.5
2025-09-21,09-10,CR-03,Main Building,40,CLS-02,DBMS,FAC-26,Sunday,24,1.0,1,0,71.95,17,12,21,0.84,0.14,0.09,1.62,8.57
2025-12-30,13-14,CR-14,IT Building,80,CLS-28,Artificial Intelligence,FAC-01,Tuesday,57,1.0,0,1,78.41,45,76,27,1.16,1.95,1.26,10.87,73.6
2025-11-23,09-10,CR-13,IT Building,40,CLS-32,Web Development,FAC-09,Sunday,26,2.0,1,0,74.58,19,19,18,0.83,0.34,0.49,1.59,14.64
2025-09-03,14-15,CR-19,Main Building,30,CLS-34,Artificial Intelligence,FAC-01,Wednesday,14,1.0,0,0,73.41,10,17,13,0.86,1.25,0.55,5.55,39.17
2025-11-29,11-12,CR-16,IT Building,60,CLS-22,Web Development,FAC-02,Saturday,20,3.0,1,0,79.74,16,20,35,0.36,0.01,0.26,2.49,6.53
2025-09-29,16-17,CR-19,Main Building,30,CLS-11,Artificial Intelligence,FAC-26,Monday,20,1.0,0,0,76.06,15,8,10,0.25,0.96,0.6,4.09,44.17
2025-06-15,11-12,CR-18,IT Building,40,CLS-21,Operating Systems,FAC-14,Sunday,31,1.0,0,0,81.75,25,38,4,1.12,1.45,1.25,7.2,70.62
2025-11-09,14-15,CR-08,Main Building,30,CLS-34,Web Development,FAC-19,Sunday,13,3.0,1,0,79.92,10,21,27,0.52,0.41,0.21,1.63,4.91
2025-09-07,11-12,CR-11,Main Building,80,CLS-33,Artificial Intelligence,FAC-08,Sunday,17,2.0,0,0,78.79,13,22,9,1.96,0.94,1.01,12.3,19.06
2025-09-21,16-17,CR-19,Main Building,30,CLS-25,Statistics,FAC-11,Sunday,8,3.0,0,0,72.4,6,4,24,1.24,1.31,1.84,11.87,18.33
2025-08-15,16-17,CR-12,IT Building,80,CLS-10,Operating Systems,FAC-15,Friday,38,2.0,0,0,77.03,29,18,13,2.47,1.98,1.15,15.22,32.81
2025-09-08,13-14,CR-14,IT Building,80,CLS-10,Python,FAC-07,Monday,63,1.5,0,0,92.57,58,50,18,1.53,2.0,0.59,11.85,70.0
2025-07-25,12-13,CR-13,IT Building,40,CLS-33,Statistics,FAC-13,Friday,31,2.0,1,0,81.63,25,20,6,0.68,0.29,0.42,1.52,15.51
2025-11-20,10-11,CR-07,Main Building,30,CLS-15,Artificial Intelligence,FAC-15,Thursday,27,1.5,0,0,74.39,20,26,26,1.26,0.75,1.46,8.33,71.67
2025-12-08,08-09,CR-15,Main Building,30,CLS-15,Machine Learning,FAC-29,Monday,20,1.0,0,0,69.1,14,18,14,0.77,0.79,0.77,6.02,50.0
2025-09-18,10-11,CR-14,IT Building,80,CLS-09,Computer Networks,FAC-08,Thursday,76,1.5,0,1,77.68,59,52,2,1.54,2.05,1.31,12.57,76.62
2025-10-20,15-16,CR-16,IT Building,60,CLS-17,Operating Systems,FAC-25,Monday,35,2.0,0,0,84.11,29,50,15,1.3,1.55,2.25,11.76,57.08
2025-08-13,16-17,CR-11,Main Building,80,CLS-09,Statistics,FAC-12,Wednesday,70,1.0,0,0,79.43,56,44,1,0.34,1.92,1.4,7.53,66.25
2025-12-10,11-12,CR-16,IT Building,60,CLS-25,Operating Systems,FAC-14,Wednesday,47,1.5,0,0,68.06,32,25,9,1.63,0.65,0.37,9.7,50.42
2025-06-06,15-16,CR-14,IT Building,80,CLS-30,Artificial Intelligence,FAC-03,Friday,35,2.0,0,0,82.73,29,37,19,0.61,0.52,1.2,8.69,38.75
2025-06-23,09-10,CR-11,Main Building,80,CLS-49,Operating Systems,FAC-25,Monday,29,2.0,0,0,67.54,20,19,2,0.71,2.29,2.07,10.51,24.69
2025-11-12,08-09,CR-19,Main Building,30,CLS-18,Python,FAC-26,Wednesday,19,1.0,0,0,79.93,15,27,16,0.88,0.55,0.34,5.51,60.0
2025-07-09,11-12,CR-10,Main Building,80,CLS-47,Web Development,FAC-11,Wednesday,31,2.0,0,0,89.41,28,58,15,1.61,1.48,0.52,11.24,44.38
2025-08-27,10-11,CR-07,Main Building,30,CLS-44,Data Science,FAC-14,Wednesday,19,1.0,1,0,90.77,17,5,8,0.36,0.37,0.26,1.06,11.2
2025-10-25,09-10,CR-03,Main Building,40,CLS-04,DBMS,FAC-27,Saturday,17,2.0,1,0,95.39,16,32,4,0.54,0.26,0.13,1.35,6.18
2025-11-24,16-17,CR-19,Main Building,30,CLS-38,Computer Networks,FAC-27,Monday,16,1.0,0,1,95.88,15,7,21,0.82,0.69,0.79,6.27,50.65
2025-10-07,11-12,CR-15,Main Building,30,CLS-18,Computer Networks,FAC-14,Tuesday,8,1.0,1,0,83.52,7,19,14,0.34,0.04,0.47,0.64,7.58
2025-06-24,16-17,CR-14,IT Building,80,CLS-33,Operating Systems,FAC-22,Tuesday,16,1.0,1,0,90.52,14,64,25,0.84,0.18,0.38,1.29,9.98
2025-12-18,14-15,CR-18,IT Building,40,CLS-10,Statistics,FAC-01,Thursday,31,1.0,1,0,69.11,21,29,25,0.35,0.07,0.5,1.17,11.67
2025-11-01,13-14,CR-01,Main Building,30,CLS-34,Statistics,FAC-03,Saturday,14,2.0,0,0,66.62,9,26,7,1.24,1.63,0.93,8.51,44.17
2025-06-01,10-11,CR-19,Main Building,30,CLS-46,Data Science,FAC-16,Sunday,19,1.0,0,0,90.87,17,12,26,0.67,1.39,1.14,6.53,52.5
2025-10-02,11-12,CR-20,Main Building,60,CLS-35,Computer Networks,FAC-06,Thursday,21,1.0,0,0,94.34,20,31,4,1.29,1.41,0.74,8.02,37.92
2025-07-26,09-10,CR-18,IT Building,40,CLS-25,Computer Networks,FAC-02,Saturday,17,1.5,0,0,93.96,16,21,13,0.43,1.27,1.61,6.63,43.12
2025-10-20,09-10,CR-09,Science Building,40,CLS-30,Software Engineering,FAC-11,Monday,13,1.0,0,0,79.24,10,25,8,0.67,1.12,1.0,5.68,34.38
2025-06-01,11-12,CR-11,Main Building,80,CLS-39,Web Development,FAC-10,Sunday,22,1.0,1,0,71.88,16,40,32,0.16,0.02,0.28,1.32,6.72
2025-07-28,13-14,CR-03,Main Building,40,CLS-35,Computer Networks,FAC-14,Monday,17,3.0,0,0,82.97,14,25,6,0.81,2.93,2.29,12.12,41.88
2025-07-23,09-10,CR-07,Main Building,30,CLS-24,Machine Learning,FAC-17,Wednesday,27,1.0,0,0,97.69,26,15,16,0.72,1.64,0.82,6.07,77.5
2025-09-04,11-12,CR-09,Science Building,40,CLS-27,Artificial Intelligence,FAC-18,Thursday,34,1.0,0,0,91.18,31,29,40,1.21,1.5,1.32,8.9,76.25
2025-07-13,09-10,CR-16,IT Building,60,CLS-36,Statistics,FAC-11,Sunday,33,2.0,0,0,72.84,24,45,33,1.15,2.4,1.71,12.57,48.75
2025-08-17,09-10,CR-06,IT Building,80,CLS-36,Computer Networks,FAC-11,Sunday,39,3.0,0,0,70.87,28,60,29,0.39,2.89,0.94,13.4,45.0
2025-08-28,10-11,CR-07,Main Building,30,CLS-35,DBMS,FAC-28,Thursday,9,2.0,0,0,83.57,8,21,24,0.44,0.96,0.74,6.41,37.5
2025-10-25,09-10,CR-18,IT Building,40,CLS-46,Python,FAC-24,Saturday,9,1.0,0,0,73.51,7,22,24,0.96,1.26,0.5,6.62,26.88
2025-07-19,12-13,CR-05,Main Building,80,CLS-46,Statistics,FAC-27,Saturday,27,1.0,0,0,93.62,25,59,36,1.31,1.27,1.13,9.61,41.88
2025-09-27,11-12,CR-02,Main Building,50,CLS-38,Machine Learning,FAC-06,Saturday,14,2.0,0,0,71.36,10,37,12,1.8,1.18,2.12,11.64,33.5
2025-08-15,09-10,CR-03,Main Building,40,CLS-19,Computer Networks,FAC-03,Friday,14,1.0,0,0,68.3,10,28,23,1.35,0.96,1.07,7.61,36.25
2025-07-21,08-09,CR-03,Main Building,40,CLS-21,DBMS,FAC-02,Monday,14,1.0,0,0,81.09,11,6,28,0.71,1.47,1.43,7.34,24.38
2025-09-21,16-17,CR-03,Main Building,40,CLS-43,Machine Learning,FAC-29,Sunday,9,2.0,1,0,77.67,7,29,39,0.47,0.43,0.21,1.74,8.27
2025-11-17,13-14,CR-11,Main Building,80,CLS-30,Computer Networks,FAC-24,Monday,69,2.0,0,0,82.64,57,51,20,0.3,0.9,1.69,9.58,69.38
2025-08-17,09-10,CR-18,IT Building,40,CLS-48,Data Science,FAC-20,Sunday,26,1.0,0,0,69.73,18,23,21,0.81,1.03,0.87,6.94,48.12
2025-07-10,08-09,CR-14,IT Building,80,CLS-20,Machine Learning,FAC-30,Thursday,55,2.0,0,0,93.72,52,65,6,2.0,0.71,2.25,13.82,69.06
2025-11-25,14-15,CR-13,IT Building,40,CLS-45,Statistics,FAC-03,Tuesday,8,1.0,1,1,69.62,6,14,10,0.67,0.12,0.22,1.14,3.64
2025-12-07,09-10,CR-13,IT Building,40,CLS-35,Data Science,FAC-14,Sunday,34,2.0,0,0,65.56,22,11,40,0.59,0.73,0.79,8.28,48.13
2025-12-25,15-16,CR-12,IT Building,80,CLS-41,Computer Networks,FAC-06,Thursday,57,3.0,0,1,65.96,38,60,9,1.95,0.99,2.85,18.2,56.56
2025-07-20,12-13,CR-16,IT Building,60,CLS-37,Machine Learning,FAC-24,Sunday,12,1.0,0,1,95.79,11,23,8,0.53,1.42,0.29,6.14,29.31
2025-11-10,13-14,CR-16,IT Building,60,CLS-09,Data Science,FAC-18,Monday,52,1.5,0,0,66.43,35,19,9,0.85,0.65,0.94,7.96,51.67
2025-06-08,08-09,CR-15,Main Building,30,CLS-18,Software Engineering,FAC-11,Sunday,25,1.5,1,0,87.11,22,12,25,0.47,0.19,0.06,1.17,10.23
2025-09-27,09-10,CR-05,Main Building,80,CLS-40,Artificial Intelligence,FAC-03,Saturday,34,1.0,0,0,91.65,31,54,32,0.42,1.39,0.68,7.31,45.94
2025-12-23,08-09,CR-05,Main Building,80,CLS-41,Software Engineering,FAC-13,Tuesday,17,3.0,0,0,72.46,12,48,35,2.01,2.1,1.35,17.4,26.25
2025-06-08,10-11,CR-06,IT Building,80,CLS-17,Python,FAC-14,Sunday,66,1.0,0,0,75.01,50,45,28,0.95,1.5,0.28,9.47,60.94
2025-12-23,14-15,CR-20,Main Building,60,CLS-22,Python,FAC-23,Tuesday,49,1.0,0,0,80.37,39,49,32,0.32,0.78,0.95,6.57,69.17
2025-12-04,16-17,CR-11,Main Building,80,CLS-28,Computer Networks,FAC-23,Thursday,32,1.0,0,0,84.24,27,61,21,0.43,1.65,1.18,7.31,44.38
2025-11-08,13-14,CR-14,IT Building,80,CLS-09,DBMS,FAC-17,Saturday,51,1.5,0,1,94.81,48,68,24,0.26,0.93,1.7,9.04,70.34
2025-11-26,11-12,CR-03,Main Building,40,CLS-14,Computer Networks,FAC-22,Wednesday,38,1.0,0,0,66.89,25,14,37,1.0,1.35,0.29,7.71,55.62
2025-06-06,09-10,CR-04,Science Building,30,CLS-47,DBMS,FAC-18,Friday,18,1.0,0,0,81.95,15,22,8,1.01,0.79,0.59,5.64,55.83
2025-11-18,15-16,CR-03,Main Building,40,CLS-49,Statistics,FAC-20,Tuesday,8,1.0,0,0,93.31,7,19,21,0.68,0.9,1.48,6.73,25.0
2025-07-02,12-13,CR-17,Main Building,50,CLS-38,Artificial Intelligence,FAC-24,Wednesday,25,2.0,0,1,95.07,24,25,19,0.32,2.43,0.5,8.99,50.94
2025-11-30,09-10,CR-09,Science Building,40,CLS-30,Statistics,FAC-24,Sunday,9,1.0,0,0,88.45,8,34,8,1.48,1.57,0.77,7.47,36.25
2025-10-22,11-12,CR-19,Main Building,30,CLS-23,Machine Learning,FAC-24,Wednesday,19,1.5,0,0,88.06,17,22,10,2.0,1.92,1.58,10.91,60.83
2025-12-04,11-12,CR-05,Main Building,80,CLS-43,Computer Networks,FAC-16,Thursday,16,3.0,0,0,96.49,15,63,40,0.83,2.26,2.12,14.81,33.75
2025-10-14,14-15,CR-11,Main Building,80,CLS-25,Data Science,FAC-19,Tuesday,73,1.0,0,1,73.17,53,35,10,1.0,0.89,0.67,9.15,65.78
2025-07-13,16-17,CR-01,Main Building,30,CLS-49,Machine Learning,FAC-17,Sunday,12,1.0,0,0,79.83,10,10,1,0.87,0.95,0.45,4.51,33.33
2025-09-20,16-17,CR-17,Main Building,50,CLS-22,Computer Networks,FAC-18,Saturday,29,2.0,0,0,66.56,19,33,40,0.69,1.95,2.02,10.62,45.0
2025-10-05,16-17,CR-01,Main Building,30,CLS-40,Computer Networks,FAC-09,Sunday,16,3.0,0,0,96.4,15,19,8,2.21,1.64,1.05,14.25,53.33
2025-12-05,12-13,CR-19,Main Building,30,CLS-21,Statistics,FAC-16,Friday,16,1.0,0,0,82.28,13,15,20,0.35,0.68,0.47,4.55,45.0
2025-07-22,09-10,CR-16,IT Building,60,CLS-21,Artificial Intelligence,FAC-22,Tuesday,57,1.0,0,0,65.35,37,41,39,1.09,1.14,0.89,9.32,63.33
2025-10-04,12-13,CR-18,IT Building,40,CLS-46,Operating Systems,FAC-09,Saturday,10,2.0,0,0,72.07,7,30,10,1.49,2.95,0.42,10.53,31.88
2025-09-18,15-16,CR-11,Main Building,80,CLS-49,Machine Learning,FAC-27,Thursday,63,2.0,0,1,73.2,46,75,27,1.1,2.55,2.3,14.81,70.11
2025-07-28,12-13,CR-20,Main Building,60,CLS-27,Artificial Intelligence,FAC-26,Monday,32,1.0,0,0,71.67,23,28,7,0.93,1.46,0.9,6.94,40.42
2025-11-04,14-15,CR-15,Main Building,30,CLS-34,Statistics,FAC-14,Tuesday,13,2.0,0,0,81.11,11,22,30,1.15,2.49,1.97,11.1,45.83
2025-07-23,13-14,CR-17,Main Building,50,CLS-12,Python,FAC-27,Wednesday,17,1.5,0,0,69.42,12,12,20,0.4,2.32,1.19,8.41,24.0
2025-10-26,15-16,CR-05,Main Building,80,CLS-12,Web Development,FAC-05,Sunday,24,2.0,0,1,93.4,22,39,19,0.47,1.1,1.16,9.75,39.45
2025-11-01,10-11,CR-16,IT Building,60,CLS-25,Computer Networks,FAC-18,Saturday,15,2.0,1,1,93.57,14,25,27,0.94,0.5,0.48,2.15,3.89
2025-06-22,16-17,CR-02,Main Building,50,CLS-18,Python,FAC-26,Sunday,23,1.0,0,1,92.39,21,7,4,1.37,0.78,1.02,7.6,42.03
2025-08-25,11-12,CR-15,Main Building,30,CLS-48,DBMS,FAC-12,Monday,22,1.5,0,0,95.27,21,7,29,1.06,0.71,1.05,8.05,58.33
2025-08-28,13-14,CR-09,Science Building,40,CLS-18,Computer Networks,FAC-29,Thursday,8,1.0,0,1,79.48,6,15,25,0.27,1.99,0.93,5.97,22.87
2025-09-20,15-16,CR-09,Science Building,40,CLS-48,Computer Networks,FAC-21,Saturday,30,1.0,0,0,80.63,24,9,40,1.44,0.73,0.49,8.03,50.62
2025-08-25,11-12,CR-13,IT Building,40,CLS-45,Web Development,FAC-20,Monday,26,1.0,0,1,91.37,24,15,33,0.59,0.55,0.9,6.79,61.3
2025-08-29,14-15,CR-15,Main Building,30,CLS-48,Data Science,FAC-26,Friday,22,1.0,1,0,71.49,16,9,2,0.76,0.32,0.46,1.01,17.28
2025-08-31,13-14,CR-07,Main Building,30,CLS-36,DBMS,FAC-28,Sunday,6,2.0,0,0,91.41,5,14,27,1.69,2.17,2.12,12.29,24.17
2025-08-21,16-17,CR-05,Main Building,80,CLS-06,Data Science,FAC-13,Thursday,27,1.5,0,0,83.94,23,59,25,1.07,1.77,0.77,10.0,40.0
2025-10-01,16-17,CR-09,Science Building,40,CLS-19,Computer Networks,FAC-01,Wednesday,22,2.0,0,0,72.72,16,36,21,0.43,0.5,1.62,6.77,52.5
2025-06-22,09-10,CR-20,Main Building,60,CLS-33,Machine Learning,FAC-15,Sunday,42,1.0,0,0,76.95,32,18,36,1.19,1.06,0.86,9.13,47.5
2025-11-21,12-13,CR-10,Main Building,80,CLS-07,Web Development,FAC-20,Friday,65,1.0,0,0,76.75,50,24,27,1.45,1.9,1.31,10.54,54.38
2025-08-10,16-17,CR-06,IT Building,80,CLS-34,DBMS,FAC-17,Sunday,65,2.0,0,1,95.37,62,72,17,1.26,1.84,1.92,14.15,85.26
2025-09-20,13-14,CR-13,IT Building,40,CLS-50,Artificial Intelligence,FAC-19,Saturday,36,1.0,0,0,88.64,32,29,20,1.5,1.02,1.29,8.52,78.12
2025-08-17,12-13,CR-07,Main Building,30,CLS-41,Web Development,FAC-08,Sunday,19,2.0,0,0,88.02,17,7,10,1.81,1.31,2.02,11.06,48.33
2025-09-14,10-11,CR-05,Main Building,80,CLS-47,Python,FAC-27,Sunday,53,1.0,0,0,85.64,45,74,25,0.74,1.98,0.85,8.81,65.31
2025-11-25,11-12,CR-10,Main Building,80,CLS-08,Artificial Intelligence,FAC-07,Tuesday,39,2.0,0,0,72.53,28,27,3,1.11,2.13,0.42,10.67,34.69
2025-11-17,08-09,CR-04,Science Building,30,CLS-08,Artificial Intelligence,FAC-21,Monday,14,1.5,0,0,93.06,13,28,9,0.37,2.49,1.47,7.02,55.83
2025-11-05,12-13,CR-08,Main Building,30,CLS-43,Machine Learning,FAC-27,Wednesday,27,1.0,1,1,70.36,19,19,4,0.01,0.09,0.42,0.91,25.41
2025-09-28,16-17,CR-11,Main Building,80,CLS-26,Web Development,FAC-04,Sunday,30,1.0,0,0,90.83,27,51,6,1.18,0.58,1.37,8.2,41.25
2025-09-09,16-17,CR-11,Main Building,80,CLS-42,Artificial Intelligence,FAC-15,Tuesday,29,2.0,1,0,72.49,21,31,15,0.55,0.32,0.08,1.8,10.52
2025-10-16,13-14,CR-12,IT Building,80,CLS-23,Software Engineering,FAC-01,Thursday,69,3.0,1,1,66.9,46,56,31,0.94,0.29,0.35,3.36,12.78
2025-10-03,13-14,CR-17,Main Building,50,CLS-07,Computer Networks,FAC-13,Friday,12,1.0,0,0,82.33,10,47,40,1.29,0.55,0.59,7.5,38.5
2025-07-01,11-12,CR-14,IT Building,80,CLS-11,DBMS,FAC-07,Tuesday,63,2.0,1,0,88.29,56,68,0,0.39,0.14,0.0,1.64,14.03
2025-09-28,09-10,CR-09,Science Building,40,CLS-26,Statistics,FAC-15,Sunday,28,2.0,0,0,88.75,25,37,37,2.13,1.49,1.52,13.63,70.0
2025-10-04,11-12,CR-10,Main Building,80,CLS-08,Software Engineering,FAC-12,Saturday,61,1.0,0,0,65.4,40,17,33,0.86,1.47,1.4,9.03,42.81
2025-11-30,11-12,CR-16,IT Building,60,CLS-19,Artificial Intelligence,FAC-23,Sunday,37,1.0,0,0,77.58,29,10,12,1.21,1.4,1.41,8.01,40.42
2025-11-03,14-15,CR-04,Science Building,30,CLS-02,Machine Learning,FAC-15,Monday,17,2.0,1,0,94.28,16,25,27,0.05,0.07,0.04,0.83,6.8
2025-06-27,15-16,CR-02,Main Building,50,CLS-25,Operating Systems,FAC-19,Friday,27,2.0,0,0,92.82,25,41,27,0.27,2.65,1.27,9.31,58.0
2025-11-27,10-11,CR-17,Main Building,50,CLS-21,Artificial Intelligence,FAC-22,Thursday,16,1.5,1,0,87.42,14,14,23,0.49,0.02,0.33,1.07,7.66
2025-12-17,11-12,CR-18,IT Building,40,CLS-50,Statistics,FAC-14,Wednesday,22,1.5,1,0,92.79,20,28,12,0.72,0.41,0.1,1.32,18.54
2025-10-03,11-12,CR-12,IT Building,80,CLS-44,Artificial Intelligence,FAC-23,Friday,49,2.0,0,0,65.44,32,74,3,2.15,2.85,1.73,15.47,53.12
2025-09-25,10-11,CR-05,Main Building,80,CLS-35,Software Engineering,FAC-07,Thursday,33,3.0,0,0,72.64,24,41,22,0.94,2.13,2.72,15.02,35.31
2025-12-27,09-10,CR-07,Main Building,30,CLS-40,Python,FAC-03,Saturday,14,1.0,0,1,74.61,10,18,29,1.26,1.88,0.78,8.52,47.14
2025-07-13,15-16,CR-10,Main Building,80,CLS-40,DBMS,FAC-14,Sunday,41,3.0,1,0,77.05,32,52,30,0.8,0.26,0.34,2.42,14.51
2025-12-04,14-15,CR-15,Main Building,30,CLS-50,Machine Learning,FAC-23,Thursday,14,2.0,0,0,92.88,13,26,24,0.69,2.83,0.81,9.23,54.17
2025-11-18,08-09,CR-02,Main Building,50,CLS-30,DBMS,FAC-26,Tuesday,33,3.0,1,0,89.22,29,30,35,0.28,0.16,0.16,2.01,20.13
2025-09-08,08-09,CR-17,Main Building,50,CLS-12,Artificial Intelligence,FAC-06,Monday,36,1.0,1,0,94.14,34,44,16,0.31,0.35,0.38,1.61,22.8
2025-12-22,09-10,CR-05,Main Building,80,CLS-33,Software Engineering,FAC-13,Monday,43,2.0,0,0,70.0,30,28,8,1.15,1.71,1.05,11.27,36.88
2025-07-21,10-11,CR-03,Main Building,40,CLS-17,Data Science,FAC-11,Monday,35,1.0,0,0,72.12,25,12,37,1.14,1.9,0.96,8.45,54.38
2025-10-04,16-17,CR-19,Main Building,30,CLS-10,Artificial Intelligence,FAC-26,Saturday,25,3.0,0,0,85.18,21,28,24,0.44,3.53,1.03,11.53,75.83
2025-08-21,15-16,CR-09,Science Building,40,CLS-41,Web Development,FAC-13,Thursday,37,1.0,1,0,84.65,31,17,23,0.72,0.22,0.03,1.38,21.03
2025-08-21,12-13,CR-10,Main Building,80,CLS-05,Machine Learning,FAC-17,Thursday,22,3.0,1,1,91.32,20,55,5,0.03,0.35,0.01,1.65,14.76
2025-07-19,16-17,CR-01,Main Building,30,CLS-44,Artificial Intelligence,FAC-05,Saturday,7,1.0,0,1,81.97,6,7,22,1.0,1.19,0.68,6.94,26.39
2025-09-22,14-15,CR-17,Main Building,50,CLS-20,Machine Learning,FAC-18,Monday,27,3.0,0,0,80.44,22,23,24,1.11,2.03,1.24,12.5,44.5
2025-11-19,10-11,CR-06,IT Building,80,CLS-02,Machine Learning,FAC-09,Wednesday,58,2.0,0,0,97.63,57,43,20,1.38,0.99,1.32,12.05,66.88
2025-08-08,08-09,CR-04,Science Building,30,CLS-08,Data Science,FAC-15,Friday,11,2.0,0,0,93.59,10,4,6,0.3,2.2,1.48,7.18,28.33
2025-06-01,16-17,CR-16,IT Building,60,CLS-50,Computer Networks,FAC-30,Sunday,30,1.5,0,0,77.17,23,55,36,0.76,2.16,1.37,9.71,51.67
2025-06-03,14-15,CR-16,IT Building,60,CLS-28,Machine Learning,FAC-18,Tuesday,27,3.0,0,0,94.64,26,18,38,1.98,3.09,2.55,19.15,40.0
2025-09-04,08-09,CR-16,IT Building,60,CLS-27,Operating Systems,FAC-23,Thursday,16,2.0,0,0,81.78,13,15,31,0.44,2.34,1.48,9.79,22.5
2025-07-08,08-09,CR-10,Main Building,80,CLS-35,Software Engineering,FAC-28,Tuesday,49,1.5,0,0,96.47,47,50,6,0.57,1.71,0.62,8.57,59.69
2025-10-07,14-15,CR-19,Main Building,30,CLS-15,Python,FAC-08,Tuesday,27,1.0,0,0,88.84,24,24,10,1.27,1.78,0.35,7.4,80.0
2025-12-21,14-15,CR-09,Science Building,40,CLS-40,Computer Networks,FAC-15,Sunday,17,1.0,0,1,76.33,13,11,25,1.11,1.25,0.49,7.15,33.47
2025-12-01,11-12,CR-20,Main Building,60,CLS-44,Python,FAC-13,Monday,28,3.0,0,0,77.87,22,45,31,2.48,1.93,0.32,17.53,46.25
2025-11-13,08-09,CR-08,Main Building,30,CLS-20,Data Science,FAC-11,Thursday,27,1.0,1,1,66.92,18,18,21,0.86,0.48,0.34,1.67,16.56
2025-12-06,13-14,CR-18,IT Building,40,CLS-37,Machine Learning,FAC-07,Saturday,20,2.0,0,1,86.87,17,31,29,2.15,2.41,1.1,14.66,58.98
2025-09-27,12-13,CR-06,IT Building,80,CLS-08,Artificial Intelligence,FAC-30,Saturday,31,1.0,0,0,80.8,25,62,8,0.48,0.94,1.22,6.66,42.81
2025-12-17,13-14,CR-06,IT Building,80,CLS-26,Python,FAC-05,Wednesday,27,1.0,0,1,80.35,22,15,35,0.36,0.59,0.72,7.27,31.56
2025-09-25,13-14,CR-09,Science Building,40,CLS-33,Python,FAC-05,Thursday,35,3.0,0,0,80.31,28,18,23,1.93,0.52,2.97,15.37,63.75
2025-10-18,11-12,CR-17,Main Building,50,CLS-20,DBMS,FAC-22,Saturday,15,1.0,0,0,82.65,12,35,15,0.41,1.7,1.14,6.09,35.5
2025-12-23,13-14,CR-03,Main Building,40,CLS-31,Web Development,FAC-11,Tuesday,37,1.0,0,1,82.41,30,19,22,0.89,0.63,1.07,7.39,70.86
2025-07-12,09-10,CR-10,Main Building,80,CLS-04,Machine Learning,FAC-05,Saturday,74,2.0,0,0,74.38,55,23,36,1.72,1.84,1.59,14.94,58.75
2025-08-24,13-14,CR-17,Main Building,50,CLS-41,Statistics,FAC-23,Sunday,40,2.0,0,0,78.72,31,21,21,0.92,0.62,1.92,9.68,57.0
2025-12-24,15-16,CR-04,Science Building,30,CLS-32,Operating Systems,FAC-03,Wednesday,21,2.0,0,0,86.24,18,5,11,0.8,0.56,2.07,8.0,49.17
2025-09-14,16-17,CR-15,Main Building,30,CLS-04,Statistics,FAC-10,Sunday,8,1.0,0,0,81.21,6,4,10,0.63,0.65,0.33,4.83,18.33
2025-06-24,14-15,CR-09,Science Building,40,CLS-35,DBMS,FAC-25,Tuesday,28,2.0,0,1,95.32,27,26,13,2.27,2.8,2.29,15.75,70.31
2025-09-07,16-17,CR-09,Science Building,40,CLS-08,Software Engineering,FAC-15,Sunday,32,3.0,0,0,82.4,26,35,27,0.85,3.29,0.84,12.87,70.62
2025-06-16,08-09,CR-13,IT Building,40,CLS-18,DBMS,FAC-10,Monday,18,2.0,1,1,81.99,15,35,40,0.32,0.08,0.23,1.44,9.52
2025-06-21,15-16,CR-08,Main Building,30,CLS-03,DBMS,FAC-08,Saturday,11,1.0,0,0,93.84,10,27,26,0.96,1.82,0.49,6.99,47.5
2025-12-02,15-16,CR-11,Main Building,80,CLS-49,Operating Systems,FAC-29,Tuesday,32,3.0,0,0,80.29,26,12,19,2.07,3.28,2.32,19.22,28.12
2025-10-17,12-13,CR-18,IT Building,40,CLS-03,Statistics,FAC-10,Friday,30,3.0,0,0,96.09,29,13,34,1.35,1.22,1.77,13.32,62.5
2025-06-24,13-14,CR-13,IT Building,40,CLS-02,Artificial Intelligence,FAC-28,Tuesday,17,1.0,0,0,71.86,12,35,38,0.75,0.67,0.29,6.04,44.38
2025-12-17,13-14,CR-19,Main Building,30,CLS-46,Web Development,FAC-26,Wednesday,21,1.5,0,0,86.67,18,7,1,1.32,1.92,1.41,8.52,50.83
2025-10-02,15-16,CR-13,IT Building,40,CLS-20,Operating Systems,FAC-12,Thursday,17,2.0,1,0,69.27,12,32,21,0.84,0.37,0.1,1.54,10.13
2025-10-10,15-16,CR-05,Main Building,80,CLS-11,Computer Networks,FAC-22,Friday,52,1.0,0,1,76.26,40,55,17,1.46,1.39,1.25,10.38,62.35
2025-11-22,08-09,CR-07,Main Building,30,CLS-38,Python,FAC-20,Saturday,22,1.0,1,0,90.87,20,20,27,0.69,0.34,0.28,1.14,13.64
2025-09-15,08-09,CR-14,IT Building,80,CLS-25,Statistics,FAC-24,Monday,54,1.0,1,0,83.6,45,20,13,0.74,0.14,0.18,1.52,12.39
2025-09-13,16-17,CR-16,IT Building,60,CLS-03,Statistics,FAC-25,Saturday,40,1.5,0,0,83.03,33,47,23,1.48,2.5,1.01,11.54,60.83
2025-09-28,08-09,CR-07,Main Building,30,CLS-37,Statistics,FAC-29,Sunday,19,1.0,0,0,79.13,15,19,14,1.3,1.71,1.16,7.21,53.33
2025-10-29,10-11,CR-15,Main Building,30,CLS-05,Machine Learning,FAC-02,Wednesday,20,3.0,0,0,85.09,17,7,4,2.66,3.59,0.55,17.15,48.33
2025-10-20,14-15,CR-06,IT Building,80,CLS-12,Python,FAC-14,Monday,50,2.0,0,0,79.14,40,37,10,1.3,2.94,1.78,13.32,49.06
2025-07-30,11-12,CR-08,Main Building,30,CLS-04,Data Science,FAC-07,Wednesday,25,2.0,0,0,83.66,21,12,12,0.47,2.59,1.94,8.84,62.5
2025-06-06,14-15,CR-01,Main Building,30,CLS-25,Statistics,FAC-09,Friday,28,1.0,1,0,80.2,22,16,19,0.43,0.45,0.14,1.25,13.88
2025-07-04,11-12,CR-11,Main Building,80,CLS-29,Software Engineering,FAC-29,Friday,41,1.0,0,1,71.44,29,51,5,0.43,0.54,0.55,6.4,45.94
2025-08-27,11-12,CR-16,IT Building,60,CLS-46,Python,FAC-02,Wednesday,36,3.0,0,0,90.55,33,42,35,0.91,3.05,0.94,14.42,58.75
2025-08-26,12-13,CR-18,IT Building,40,CLS-31,Artificial Intelligence,FAC-08,Tuesday,11,1.0,0,1,73.08,8,6,16,0.72,0.95,0.39,5.97,21.75
2025-08-29,12-13,CR-05,Main Building,80,CLS-34,Python,FAC-11,Friday,31,1.5,0,0,81.17,25,28,23,0.91,1.89,1.68,10.1,32.19
2025-08-25,08-09,CR-16,IT Building,60,CLS-36,Computer Networks,FAC-18,Monday,45,2.0,0,1,85.42,38,34,1,0.37,2.04,1.79,9.55,67.74
2025-06-11,11-12,CR-19,Main Building,30,CLS-09,Data Science,FAC-04,Wednesday,13,1.0,0,0,71.53,9,6,19,1.27,1.87,1.27,8.09,27.5
2025-12-01,13-14,CR-18,IT Building,40,CLS-26,Computer Networks,FAC-30,Monday,14,2.0,0,0,95.19,13,36,36,0.97,2.55,0.27,9.64,46.88
2025-10-13,15-16,CR-06,IT Building,80,CLS-34,Operating Systems,FAC-07,Monday,68,3.0,1,0,65.12,44,44,10,0.76,0.38,0.39,2.69,18.79
2025-10-24,13-14,CR-14,IT Building,80,CLS-12,Statistics,FAC-27,Friday,23,1.5,1,1,70.85,16,62,19,0.68,0.27,0.04,1.78,8.71
2025-07-31,11-12,CR-06,IT Building,80,CLS-35,Software Engineering,FAC-17,Thursday,16,1.5,0,0,74.41,12,53,5,1.16,2.2,1.49,9.96,27.81
2025-11-27,08-09,CR-06,IT Building,80,CLS-34,Operating Systems,FAC-10,Thursday,37,2.0,0,0,74.86,28,14,9,0.52,1.52,0.31,9.0,30.62
2025-11-22,10-11,CR-01,Main Building,30,CLS-06,Operating Systems,FAC-12,Saturday,15,1.0,0,0,71.96,11,16,8,0.79,1.13,0.31,5.64,40.83
2025-10-14,15-16,CR-20,Main Building,60,CLS-09,Machine Learning,FAC-02,Tuesday,29,1.5,0,0,67.58,20,38,20,1.9,0.7,1.75,11.48,40.83
2025-11-14,08-09,CR-04,Science Building,30,CLS-23,Data Science,FAC-13,Friday,27,2.0,0,0,65.01,18,12,8,2.24,0.55,1.96,11.91,55.0
2025-07-14,08-09,CR-08,Main Building,30,CLS-47,Computer Networks,FAC-02,Monday,21,2.0,0,0,78.26,16,27,17,0.41,2.42,0.41,7.31,62.5
2025-12-24,11-12,CR-07,Main Building,30,CLS-01,Statistics,FAC-12,Wednesday,22,1.5,0,0,95.43,21,26,17,0.34,1.46,1.52,6.16,74.17
2025-07-26,14-15,CR-18,IT Building,40,CLS-46,Python,FAC-14,Saturday,9,3.0,0,0,90.05,8,27,28,2.41,3.73,1.28,18.47,31.88
2025-10-31,10-11,CR-08,Main Building,30,CLS-09,Computer Networks,FAC-16,Friday,8,1.0,1,1,81.71,7,14,16,0.36,0.13,0.38,0.81,10.13
2025-09-26,08-09,CR-04,Science Building,30,CLS-24,Python,FAC-24,Friday,9,2.0,0,0,78.32,7,23,27,1.85,2.79,1.75,12.54,36.67
2025-10-02,10-11,CR-01,Main Building,30,CLS-40,Data Science,FAC-12,Thursday,8,2.0,0,0,80.56,6,7,27,2.0,2.1,0.39,12.01,20.83
2025-10-22,10-11,CR-18,IT Building,40,CLS-47,Artificial Intelligence,FAC-05,Wednesday,15,1.0,1,0,75.33,11,34,0,0.38,0.45,0.42,0.94,14.63
2025-10-26,11-12,CR-16,IT Building,60,CLS-38,Artificial Intelligence,FAC-17,Sunday,22,2.0,0,0,86.95,19,43,40,0.85,0.79,0.29,8.88,41.67
2025-09-04,13-14,CR-04,Science Building,30,CLS-05,Computer Networks,FAC-27,Thursday,12,3.0,0,0,83.21,10,6,9,0.43,0.98,0.75,6.84,30.0
2025-11-01,10-11,CR-01,Main Building,30,CLS-30,Artificial Intelligence,FAC-27,Saturday,20,1.0,1,0,85.86,17,13,29,0.62,0.28,0.13,1.05,8.27
2025-10-22,15-16,CR-08,Main Building,30,CLS-38,Computer Networks,FAC-06,Wednesday,18,1.0,0,1,72.47,13,6,16,1.37,1.97,1.06,8.64,45.05
2025-07-31,09-10,CR-06,IT Building,80,CLS-20,Statistics,FAC-26,Thursday,74,1.5,1,0,95.26,70,42,27,0.64,0.02,0.5,2.1,24.61
2025-09-27,15-16,CR-06,IT Building,80,CLS-49,Web Development,FAC-10,Saturday,28,2.0,0,0,73.34,21,55,19,1.13,2.11,1.23,11.44,36.88
2025-11-07,15-16,CR-17,Main Building,50,CLS-32,Data Science,FAC-20,Friday,34,1.0,0,0,73.27,25,28,25,0.67,1.01,1.45,7.04,51.5
2025-12-10,12-13,CR-08,Main Building,30,CLS-34,Python,FAC-27,Wednesday,11,2.0,0,0,71.59,8,28,25,2.07,0.89,0.72,11.25,43.33
2025-07-28,12-13,CR-18,IT Building,40,CLS-42,Python,FAC-21,Monday,17,1.0,0,0,77.08,13,32,3,1.35,0.7,0.4,5.93,44.38
2025-11-08,08-09,CR-02,Main Building,50,CLS-37,Web Development,FAC-01,Saturday,14,1.5,1,0,83.77,12,37,14,0.45,0.22,0.06,1.22,8.88
2025-07-03,12-13,CR-06,IT Building,80,CLS-26,Computer Networks,FAC-23,Thursday,65,2.0,0,0,69.65,45,58,16,2.1,2.71,0.78,15.61,60.31
2025-10-31,10-11,CR-02,Main Building,50,CLS-15,Computer Networks,FAC-26,Friday,24,1.0,0,0,77.3,19,24,40,1.1,1.57,1.42,9.0,40.5
2025-06-16,09-10,CR-11,Main Building,80,CLS-10,Operating Systems,FAC-08,Monday,22,2.0,0,0,67.14,15,35,11,0.68,0.67,2.2,9.25,25.0
2025-09-10,12-13,CR-03,Main Building,40,CLS-17,Operating Systems,FAC-28,Wednesday,18,1.5,0,0,67.76,12,6,40,0.73,1.1,1.23,8.39,26.25
2025-06-17,16-17,CR-09,Science Building,40,CLS-09,Statistics,FAC-26,Tuesday,15,1.0,0,1,73.52,11,23,28,0.34,1.6,0.62,6.05,41.81
2025-07-12,10-11,CR-19,Main Building,30,CLS-35,DBMS,FAC-27,Saturday,26,3.0,0,1,91.48,24,17,21,1.81,3.66,1.61,17.83,78.66
2025-11-25,15-16,CR-16,IT Building,60,CLS-06,Artificial Intelligence,FAC-08,Tuesday,50,1.0,0,0,96.07,48,36,10,1.36,1.36,1.42,8.61,75.0
2025-12-07,12-13,CR-15,Main Building,30,CLS-47,DBMS,FAC-13,Sunday,16,1.0,0,0,66.5,11,8,19,0.99,1.58,1.22,6.72,34.17
2025-10-23,08-09,CR-19,Main Building,30,CLS-03,Python,FAC-14,Thursday,15,3.0,0,0,69.94,10,6,27,1.47,1.12,2.07,12.62,30.0
2025-11-13,12-13,CR-10,Main Building,80,CLS-10,Operating Systems,FAC-17,Thursday,47,1.0,1,0,93.08,44,52,16,0.46,0.01,0.25,1.2,17.11
2025-06-14,12-13,CR-06,IT Building,80,CLS-42,DBMS,FAC-04,Saturday,41,2.0,0,1,67.79,28,30,3,2.47,1.97,0.83,15.4,42.03
2025-09-22,13-14,CR-09,Science Building,40,CLS-37,DBMS,FAC-20,Monday,14,1.0,0,1,91.4,13,31,37,1.41,1.81,0.68,9.43,45.87
2025-08-21,11-12,CR-19,Main Building,30,CLS-12,Artificial Intelligence,FAC-06,Thursday,22,1.5,0,0,75.75,17,14,14,0.31,1.8,1.19,6.6,54.17
2025-07-21,11-12,CR-17,Main Building,50,CLS-07,DBMS,FAC-08,Monday,11,1.5,0,0,70.54,8,28,15,0.27,0.65,0.64,5.23,26.0
2025-11-09,11-12,CR-02,Main Building,50,CLS-12,DBMS,FAC-14,Sunday,29,1.0,0,0,66.1,19,25,30,0.88,0.97,0.48,6.83,41.0
2025-08-04,08-09,CR-19,Main Building,30,CLS-35,Artificial Intelligence,FAC-07,Monday,28,3.0,0,0,87.69,25,5,7,1.21,2.29,2.82,13.49,66.67
2025-07-29,13-14,CR-02,Main Building,50,CLS-21,Machine Learning,FAC-13,Tuesday,13,1.0,0,0,66.23,9,27,6,0.88,1.78,0.98,6.67,27.0
2025-12-27,08-09,CR-16,IT Building,60,CLS-46,Machine Learning,FAC-12,Saturday,34,1.0,0,0,87.45,30,12,37,1.36,0.56,0.34,7.87,42.5
2025-08-08,08-09,CR-09,Science Building,40,CLS-10,Data Science,FAC-29,Friday,28,3.0,1,0,75.73,21,27,25,0.23,0.13,0.11,1.51,10.78
2025-06-21,10-11,CR-12,IT Building,80,CLS-24,Machine Learning,FAC-05,Saturday,36,1.0,0,0,95.82,34,74,33,0.43,0.81,0.56,6.87,55.0
2025-06-20,09-10,CR-08,Main Building,30,CLS-47,Artificial Intelligence,FAC-29,Friday,6,1.0,1,0,95.79,6,27,22,0.76,0.39,0.05,1.13,7.24
2025-08-05,09-10,CR-20,Main Building,60,CLS-46,Operating Systems,FAC-04,Tuesday,33,2.0,0,0,73.67,24,31,31,1.55,2.56,2.0,14.09,42.92
2025-07-02,14-15,CR-14,IT Building,80,CLS-15,Data Science,FAC-17,Wednesday,56,2.0,0,0,94.37,53,64,15,2.34,1.1,1.2,14.35,69.69
2025-06-05,14-15,CR-04,Science Building,30,CLS-48,Computer Networks,FAC-05,Thursday,8,2.0,1,1,75.87,6,25,11,0.37,0.02,0.16,1.15,13.6
2025-07-31,13-14,CR-05,Main Building,80,CLS-01,Python,FAC-15,Thursday,43,1.0,0,0,94.32,41,49,9,0.28,1.11,0.29,5.69,53.75
2025-06-15,13-14,CR-20,Main Building,60,CLS-36,Computer Networks,FAC-17,Sunday,34,2.0,1,0,73.32,25,47,28,0.88,0.22,0.14,1.92,12.11
2025-06-20,12-13,CR-07,Main Building,30,CLS-44,DBMS,FAC-23,Friday,19,1.0,0,0,84.45,16,27,24,0.43,0.89,0.93,5.54,62.5
2025-10-30,08-09,CR-04,Science Building,30,CLS-03,Machine Learning,FAC-30,Thursday,15,3.0,0,0,81.22,12,5,23,2.37,3.82,0.57,17.18,34.17
2025-07-26,10-11,CR-16,IT Building,60,CLS-33,Software Engineering,FAC-17,Saturday,47,1.0,0,1,76.04,36,22,2,0.65,0.73,1.26,6.87,57.85
2025-09-09,09-10,CR-13,IT Building,40,CLS-16,Software Engineering,FAC-17,Tuesday,11,1.5,0,0,82.75,9,28,5,0.35,1.61,1.63,6.71,34.38
2025-10-14,13-14,CR-14,IT Building,80,CLS-39,Python,FAC-12,Tuesday,56,1.0,1,1,83.94,47,60,21,0.27,0.33,0.18,1.39,23.19
2025-10-16,10-11,CR-13,IT Building,40,CLS-31,Data Science,FAC-17,Thursday,9,1.0,0,0,77.58,7,37,10,1.15,1.83,0.26,7.6,36.25
2025-12-28,08-09,CR-18,IT Building,40,CLS-08,Web Development,FAC-15,Sunday,12,2.0,0,0,95.81,11,19,22,1.4,2.25,2.18,12.03,32.5
2025-09-16,12-13,CR-01,Main Building,30,CLS-30,Software Engineering,FAC-08,Tuesday,28,3.0,0,1,70.86,20,11,1,0.69,2.8,2.64,12.66,65.78
2025-11-02,15-16,CR-17,Main Building,50,CLS-49,Statistics,FAC-19,Sunday,46,1.0,0,0,94.45,43,29,18,1.05,1.29,0.66,7.7,79.0
2025-11-03,16-17,CR-07,Main Building,30,CLS-27,Operating Systems,FAC-29,Monday,8,1.0,0,0,85.08,7,12,18,0.74,1.95,0.96,6.91,27.5
2025-06-10,14-15,CR-13,IT Building,40,CLS-34,Software Engineering,FAC-24,Tuesday,21,1.5,0,0,95.95,20,27,31,0.26,1.65,1.51,7.37,54.38
2025-06-26,09-10,CR-14,IT Building,80,CLS-20,Artificial Intelligence,FAC-14,Thursday,18,1.0,1,1,65.15,12,58,25,0.0,0.24,0.01,1.3,6.23
2025-12-10,09-10,CR-17,Main Building,50,CLS-04,Operating Systems,FAC-07,Wednesday,47,1.0,0,0,97.16,46,15,22,0.53,1.21,0.33,5.81,76.5
2025-10-14,13-14,CR-14,IT Building,80,CLS-22,DBMS,FAC-08,Tuesday,65,1.5,1,0,66.47,43,73,15,0.34,0.2,0.49,1.82,6.66
2025-07-22,09-10,CR-13,IT Building,40,CLS-32,Software Engineering,FAC-16,Tuesday,11,2.0,0,0,71.86,8,12,23,1.48,2.97,2.03,13.05,22.5
2025-08-12,16-17,CR-16,IT Building,60,CLS-44,Data Science,FAC-01,Tuesday,18,1.0,0,0,68.64,12,17,23,0.8,1.71,0.88,7.46,22.08
2025-12-27,12-13,CR-11,Main Building,80,CLS-21,Python,FAC-22,Saturday,19,1.0,0,1,88.19,17,16,32,1.18,0.88,1.34,9.1,28.9
2025-12-02,08-09,CR-19,Main Building,30,CLS-38,Software Engineering,FAC-27,Tuesday,12,2.0,0,0,93.56,11,24,14,1.19,2.38,1.48,10.03,47.5
2025-07-31,16-17,CR-17,Main Building,50,CLS-31,Data Science,FAC-10,Thursday,34,1.0,0,0,77.6,26,7,12,1.26,1.38,0.74,8.14,42.5
2025-12-22,12-13,CR-08,Main Building,30,CLS-34,DBMS,FAC-25,Monday,27,1.0,0,0,95.43,26,22,2,0.44,1.35,1.21,4.94,83.33
2025-08-14,11-12,CR-11,Main Building,80,CLS-11,Statistics,FAC-10,Thursday,55,1.0,0,0,90.0,50,47,6,0.91,1.44,1.2,8.39,61.56
2025-09-21,14-15,CR-11,Main Building,80,CLS-18,Computer Networks,FAC-25,Sunday,40,1.0,0,1,76.68,31,75,12,1.5,1.15,0.28,9.58,56.66
2025-10-12,14-15,CR-06,IT Building,80,CLS-10,Artificial Intelligence,FAC-05,Sunday,44,3.0,0,0,76.97,34,19,0,0.6,0.93,1.02,10.04,37.81
2025-07-13,10-11,CR-08,Main Building,30,CLS-03,Data Science,FAC-08,Sunday,15,1.0,0,0,67.44,10,27,14,0.5,0.64,0.33,4.44,47.5
2025-09-24,09-10,CR-06,IT Building,80,CLS-24,Machine Learning,FAC-22,Wednesday,39,2.0,0,0,73.84,29,45,6,1.54,2.91,2.22,13.92,41.25
2025-10-11,10-11,CR-17,Main Building,50,CLS-01,Artificial Intelligence,FAC-03,Saturday,36,1.5,0,0,73.74,27,41,7,0.38,2.06,0.37,6.84,61.0
2025-07-17,11-12,CR-19,Main Building,30,CLS-09,Operating Systems,FAC-17,Thursday,23,1.0,0,0,83.37,19,24,19,0.56,0.87,1.49,6.01,67.5
2025-06-09,16-17,CR-13,IT Building,40,CLS-13,Computer Networks,FAC-03,Monday,18,1.0,0,0,83.88,15,26,35,1.34,1.47,1.43,8.85,44.38
2025-12-25,12-13,CR-10,Main Building,80,CLS-20,Data Science,FAC-01,Thursday,25,1.0,0,1,74.28,19,31,16,0.99,1.54,0.74,8.09,32.72
2025-09-09,11-12,CR-03,Main Building,40,CLS-16,Operating Systems,FAC-08,Tuesday,22,1.0,0,0,80.57,18,8,14,1.32,1.47,0.31,7.32,38.75
2025-06-19,09-10,CR-18,IT Building,40,CLS-03,Data Science,FAC-13,Thursday,29,1.5,1,1,82.89,24,13,16,0.02,0.39,0.16,1.49,16.84
2025-08-03,14-15,CR-01,Main Building,30,CLS-25,Machine Learning,FAC-01,Sunday,14,1.5,0,1,66.53,9,22,26,0.53,1.3,0.65,6.9,47.3
2025-12-30,09-10,CR-19,Main Building,30,CLS-40,Data Science,FAC-24,Tuesday,16,3.0,0,1,76.15,12,8,28,2.99,3.39,2.68,22.82,40.49
2025-10-03,14-15,CR-18,IT Building,40,CLS-36,DBMS,FAC-10,Friday,10,1.0,0,0,74.8,7,11,17,0.54,1.75,1.1,6.35,20.0
2025-06-24,11-12,CR-03,Main Building,40,CLS-34,Machine Learning,FAC-04,Tuesday,38,3.0,0,0,72.79,28,25,0,1.29,2.27,1.7,12.77,68.12
2025-08-27,09-10,CR-08,Main Building,30,CLS-11,Artificial Intelligence,FAC-21,Wednesday,9,1.5,0,0,94.98,9,13,9,1.02,1.99,1.88,8.53,33.33
2025-09-24,08-09,CR-17,Main Building,50,CLS-24,Computer Networks,FAC-01,Wednesday,46,2.0,0,0,94.95,44,31,29,0.38,1.01,1.32,8.9,81.5
2025-06-26,12-13,CR-17,Main Building,50,CLS-30,Software Engineering,FAC-07,Thursday,14,1.0,0,0,96.18,13,23,22,0.39,1.18,0.49,5.33,31.0
2025-12-13,14-15,CR-09,Science Building,40,CLS-21,Operating Systems,FAC-05,Saturday,38,3.0,0,0,94.51,36,26,30,2.9,2.18,0.54,18.74,83.75
2025-11-01,12-13,CR-02,Main Building,50,CLS-30,Web Development,FAC-01,Saturday,24,1.0,0,0,76.7,18,23,39,1.36,1.96,0.95,9.63,38.5
2025-11-08,16-17,CR-15,Main Building,30,CLS-01,Statistics,FAC-08,Saturday,13,2.0,0,0,83.67,11,16,23,0.92,1.96,1.24,9.06,40.83
2025-11-05,12-13,CR-03,Main Building,40,CLS-12,Computer Networks,FAC-10,Wednesday,10,1.0,0,0,73.34,7,20,10,0.5,1.31,1.0,5.43,25.62
2025-09-18,15-16,CR-12,IT Building,80,CLS-15,Machine Learning,FAC-23,Thursday,57,2.0,0,0,85.08,48,74,25,1.12,1.55,2.13,12.68,68.12
2025-08-01,09-10,CR-02,Main Building,50,CLS-06,Python,FAC-18,Friday,35,2.0,0,0,79.51,28,33,6,1.71,0.63,1.72,10.73,58.5
2025-07-13,13-14,CR-08,Main Building,30,CLS-26,Python,FAC-13,Sunday,15,1.0,0,0,93.1,14,18,9,1.43,2.0,0.6,7.28,50.0
2025-10-12,14-15,CR-15,Main Building,30,CLS-39,Web Development,FAC-29,Sunday,23,1.5,1,1,83.61,19,20,18,0.16,0.43,0.45,1.75,11.91
2025-06-18,15-16,CR-01,Main Building,30,CLS-42,DBMS,FAC-13,Wednesday,9,1.0,0,0,79.84,7,18,0,0.6,0.71,1.1,4.81,32.5
2025-12-10,09-10,CR-15,Main Building,30,CLS-32,DBMS,FAC-21,Wednesday,21,1.0,0,0,87.14,18,23,6,1.06,1.34,0.31,6.06,64.17
2025-12-25,11-12,CR-02,Main Building,50,CLS-29,Software Engineering,FAC-04,Thursday,17,1.0,0,0,95.75,16,43,27,1.03,1.99,0.92,8.05,45.5
2025-12-31,08-09,CR-02,Main Building,50,CLS-18,Statistics,FAC-01,Wednesday,20,1.0,0,0,85.85,17,25,5,1.21,1.67,1.21,7.74,38.0
2025-12-25,13-14,CR-11,Main Building,80,CLS-38,Computer Networks,FAC-15,Thursday,33,1.0,0,0,72.47,24,50,36,1.47,1.99,0.34,10.05,38.12
2025-12-04,14-15,CR-11,Main Building,80,CLS-24,Data Science,FAC-08,Thursday,52,1.0,0,0,87.75,46,39,14,0.67,1.95,0.38,7.97,55.31
2025-09-01,11-12,CR-01,Main Building,30,CLS-49,Python,FAC-10,Monday,25,2.0,0,1,81.43,20,9,12,1.21,1.32,1.7,10.3,63.26
2025-08-29,11-12,CR-13,IT Building,40,CLS-46,Machine Learning,FAC-24,Friday,27,1.5,1,0,97.36,26,21,6,0.8,0.43,0.18,1.27,24.65
2025-07-26,12-13,CR-14,IT Building,80,CLS-45,Data Science,FAC-09,Saturday,48,1.5,1,0,75.72,36,37,35,0.52,0.02,0.47,1.65,15.71
2025-10-13,14-15,CR-11,Main Building,80,CLS-43,DBMS,FAC-27,Monday,55,1.0,0,0,88.58,49,70,5,0.94,0.66,1.42,8.06,67.81
2025-08-06,09-10,CR-08,Main Building,30,CLS-18,Statistics,FAC-07,Wednesday,9,3.0,0,1,79.93,7,16,14,2.27,2.25,1.91,16.84,38.46
2025-09-19,08-09,CR-12,IT Building,80,CLS-24,Software Engineering,FAC-21,Friday,22,1.5,0,0,82.9,18,71,38,1.02,1.28,1.43,10.03,39.06
2025-07-03,09-10,CR-04,Science Building,30,CLS-25,Data Science,FAC-11,Thursday,6,1.5,1,1,87.79,5,21,19,0.05,0.17,0.21,0.89,12.03
2025-12-10,12-13,CR-13,IT Building,40,CLS-20,Computer Networks,FAC-07,Wednesday,34,2.0,0,1,66.7,23,34,0,2.49,2.34,0.45,14.0,66.98
2025-08-15,13-14,CR-12,IT Building,80,CLS-32,Python,FAC-28,Friday,71,1.0,0,0,65.67,47,44,8,1.15,1.16,1.23,9.0,57.81
2025-09-30,09-10,CR-18,IT Building,40,CLS-26,Computer Networks,FAC-24,Tuesday,26,1.0,0,0,71.17,19,14,38,1.23,1.93,0.98,9.02,44.38
2025-12-31,08-09,CR-11,Main Building,80,CLS-02,Statistics,FAC-30,Wednesday,27,1.5,0,0,87.51,24,18,5,0.84,1.26,1.54,8.64,28.12
2025-12-18,09-10,CR-02,Main Building,50,CLS-06,Artificial Intelligence,FAC-14,Thursday,14,1.5,0,1,91.06,13,36,12,0.55,0.92,1.18,7.18,42.87
2025-12-19,12-13,CR-20,Main Building,60,CLS-41,Software Engineering,FAC-03,Friday,20,1.0,0,0,70.83,14,12,35,1.04,0.94,1.24,8.03,22.5
2025-10-10,10-11,CR-07,Main Building,30,CLS-34,Web Development,FAC-22,Friday,18,3.0,0,1,70.97,13,5,24,2.03,3.97,1.96,19.67,42.75
2025-11-29,16-17,CR-13,IT Building,40,CLS-31,Data Science,FAC-07,Saturday,29,1.0,0,0,66.18,19,22,16,0.27,0.98,0.49,5.05,49.38
2025-10-14,09-10,CR-16,IT Building,60,CLS-44,Operating Systems,FAC-21,Tuesday,27,2.0,0,0,73.53,20,29,26,0.98,1.09,2.29,10.71,37.08
2025-06-18,10-11,CR-05,Main Building,80,CLS-05,Software Engineering,FAC-18,Wednesday,24,1.0,0,0,81.59,20,39,5,1.07,1.12,1.04,7.29,30.94
2025-10-13,14-15,CR-10,Main Building,80,CLS-08,Operating Systems,FAC-13,Monday,20,2.0,1,0,85.94,17,15,9,0.59,0.15,0.07,1.39,3.24
2025-08-07,09-10,CR-14,IT Building,80,CLS-39,DBMS,FAC-14,Thursday,48,1.0,0,1,77.16,37,20,26,0.77,1.44,1.39,9.35,48.02
2025-09-20,12-13,CR-01,Main Building,30,CLS-16,Data Science,FAC-08,Saturday,24,2.0,0,1,79.18,19,27,7,1.89,1.11,1.59,11.3,75.95
2025-08-27,10-11,CR-18,IT Building,40,CLS-10,Computer Networks,FAC-26,Wednesday,22,1.0,0,0,94.17,21,21,29,1.39,1.94,1.22,8.91,52.5
2025-10-28,12-13,CR-20,Main Building,60,CLS-40,Statistics,FAC-11,Tuesday,22,1.0,0,0,71.52,16,48,26,0.26,1.56,1.42,6.75,40.0
2025-12-12,12-13,CR-09,Science Building,40,CLS-20,Software Engineering,FAC-09,Friday,32,1.0,1,0,71.17,23,33,32,0.64,0.37,0.46,1.53,8.54
2025-06-30,09-10,CR-10,Main Building,80,CLS-15,DBMS,FAC-02,Monday,43,1.0,0,1,76.37,33,15,20,0.69,1.31,0.73,8.31,41.0
2025-10-01,09-10,CR-11,Main Building,80,CLS-21,Artificial Intelligence,FAC-20,Wednesday,59,2.0,1,0,65.05,38,61,10,0.73,0.38,0.37,2.18,18.27
2025-10-14,15-16,CR-20,Main Building,60,CLS-04,Data Science,FAC-30,Tuesday,34,2.0,0,0,76.88,26,10,17,0.29,1.91,0.53,7.46,36.67
2025-09-08,11-12,CR-15,Main Building,30,CLS-11,Machine Learning,FAC-14,Monday,11,2.0,0,0,67.64,7,27,0,1.95,0.52,2.41,10.47,40.0
2025-07-26,10-11,CR-07,Main Building,30,CLS-21,Software Engineering,FAC-10,Saturday,8,2.0,0,0,66.91,5,23,10,1.56,1.37,2.15,10.33,31.67
2025-08-28,15-16,CR-15,Main Building,30,CLS-50,DBMS,FAC-24,Thursday,20,3.0,0,0,76.92,15,23,26,0.97,3.5,1.28,13.37,56.67
2025-08-31,15-16,CR-19,Main Building,30,CLS-21,Artificial Intelligence,FAC-03,Sunday,24,2.0,0,0,86.6,21,27,14,0.82,1.58,0.38,7.66,75.0
2025-08-08,09-10,CR-03,Main Building,40,CLS-05,Operating Systems,FAC-22,Friday,14,1.5,0,0,84.41,12,19,33,1.57,1.33,0.99,9.79,34.38
2025-09-17,10-11,CR-12,IT Building,80,CLS-26,Operating Systems,FAC-28,Wednesday,43,1.0,0,0,82.47,35,58,35,1.44,0.61,1.0,9.15,50.94
2025-08-14,10-11,CR-07,Main Building,30,CLS-14,Python,FAC-26,Thursday,6,2.0,0,0,82.37,5,16,30,1.41,2.68,0.71,11.0,25.83
2025-08-03,08-09,CR-17,Main Building,50,CLS-45,Data Science,FAC-19,Sunday,20,2.0,0,1,76.39,15,15,32,0.29,1.13,0.95,8.09,34.8
2025-07-14,09-10,CR-02,Main Building,50,CLS-31,Software Engineering,FAC-17,Monday,22,1.0,0,0,85.36,19,21,27,0.47,1.12,0.85,6.34,39.0
2025-08-30,12-13,CR-18,IT Building,40,CLS-23,Data Science,FAC-06,Saturday,8,1.5,0,0,66.5,5,10,39,1.91,1.66,1.64,11.49,15.62
2025-09-23,08-09,CR-18,IT Building,40,CLS-19,Data Science,FAC-18,Tuesday,23,1.0,1,0,79.2,18,33,10,0.45,0.44,0.45,0.96,13.43
2025-11-26,14-15,CR-07,Main Building,30,CLS-41,Computer Networks,FAC-11,Wednesday,8,1.0,0,0,81.38,7,15,10,1.38,0.98,1.07,6.75,30.0
2025-06-24,08-09,CR-01,Main Building,30,CLS-24,Machine Learning,FAC-02,Tuesday,22,1.0,0,0,88.37,19,26,17,1.22,1.35,0.75,7.18,69.17
2025-12-14,12-13,CR-05,Main Building,80,CLS-09,Computer Networks,FAC-29,Sunday,27,1.0,1,0,89.04,24,13,13,0.34,0.33,0.13,1.41,5.99
2025-09-24,10-11,CR-05,Main Building,80,CLS-16,Artificial Intelligence,FAC-02,Wednesday,25,2.0,1,1,73.09,18,41,0,0.71,0.26,0.34,2.06,5.64
2025-08-09,10-11,CR-09,Science Building,40,CLS-13,Operating Systems,FAC-11,Saturday,33,1.0,0,0,79.65,26,33,36,1.0,0.94,1.14,7.31,69.38
2025-07-07,16-17,CR-01,Main Building,30,CLS-39,Machine Learning,FAC-28,Monday,19,2.0,0,0,91.6,17,7,13,0.83,1.25,1.74,8.54,48.33
2025-12-18,14-15,CR-20,Main Building,60,CLS-25,Software Engineering,FAC-16,Thursday,55,1.0,0,0,87.53,48,22,0,0.74,1.09,0.57,6.79,69.17
2025-08-05,13-14,CR-09,Science Building,40,CLS-17,Machine Learning,FAC-01,Tuesday,20,1.0,0,0,70.18,14,22,37,1.12,0.64,1.42,7.75,40.0
2025-09-27,08-09,CR-01,Main Building,30,CLS-44,Software Engineering,FAC-10,Saturday,15,3.0,1,0,94.92,14,21,0,0.41,0.42,0.08,1.38,6.82
2025-12-04,09-10,CR-16,IT Building,60,CLS-27,Web Development,FAC-05,Thursday,49,1.5,1,0,65.71,32,42,0,0.78,0.04,0.49,1.87,15.86
2025-08-15,09-10,CR-04,Science Building,30,CLS-23,Python,FAC-11,Friday,6,2.0,0,0,73.11,4,23,18,1.77,0.61,2.14,10.64,29.17
2025-11-28,14-15,CR-04,Science Building,30,CLS-47,DBMS,FAC-04,Friday,16,3.0,0,0,70.6,11,15,5,2.17,1.29,0.44,12.4,40.0
2025-11-26,11-12,CR-06,IT Building,80,CLS-09,Software Engineering,FAC-30,Wednesday,19,1.0,0,1,89.07,17,36,29,0.55,1.01,0.96,7.71,33.08
2025-11-10,12-13,CR-08,Main Building,30,CLS-23,Web Development,FAC-24,Monday,7,2.0,1,0,74.4,5,19,12,0.38,0.41,0.09,1.1,4.32
2025-08-27,11-12,CR-20,Main Building,60,CLS-24,Python,FAC-25,Wednesday,18,1.0,0,0,79.0,14,19,20,0.93,1.06,1.24,7.21,25.42
2025-08-21,16-17,CR-14,IT Building,80,CLS-12,Operating Systems,FAC-15,Thursday,61,2.0,0,1,66.3,40,34,25,1.22,1.46,1.71,13.57,50.37
2025-06-22,15-16,CR-09,Science Building,40,CLS-35,Statistics,FAC-01,Sunday,15,1.0,0,0,97.57,15,38,0,0.63,0.55,0.46,4.7,51.88
2025-11-28,15-16,CR-04,Science Building,30,CLS-35,Computer Networks,FAC-03,Friday,15,3.0,0,0,78.04,12,23,28,1.12,0.84,1.44,10.6,49.17
2025-07-27,13-14,CR-11,Main Building,80,CLS-45,Web Development,FAC-22,Sunday,62,1.0,0,0,74.77,46,17,20,1.36,0.95,1.14,9.36,48.44
2025-12-06,13-14,CR-19,Main Building,30,CLS-27,Operating Systems,FAC-11,Saturday,20,1.5,0,1,85.2,17,6,3,1.0,0.98,0.9,6.78,53.58
2025-12-19,15-16,CR-19,Main Building,30,CLS-36,DBMS,FAC-01,Friday,28,1.0,0,0,72.09,20,17,4,0.4,1.82,0.8,5.68,64.17
2025-09-22,12-13,CR-11,Main Building,80,CLS-50,Machine Learning,FAC-03,Monday,40,1.0,0,1,85.63,34,57,33,0.86,1.81,0.93,9.89,55.11
2025-06-10,09-10,CR-12,IT Building,80,CLS-43,Data Science,FAC-06,Tuesday,23,3.0,0,0,88.75,20,60,33,0.56,1.12,2.41,12.51,37.5
2025-10-31,14-15,CR-02,Main Building,50,CLS-01,Software Engineering,FAC-07,Friday,27,1.5,0,0,92.58,25,15,32,1.2,1.61,1.36,10.37,45.0
2025-11-10,16-17,CR-19,Main Building,30,CLS-40,DBMS,FAC-01,Monday,27,1.5,0,0,68.58,19,7,23,1.93,2.0,1.35,10.98,53.33
2025-06-30,11-12,CR-19,Main Building,30,CLS-39,Operating Systems,FAC-19,Monday,25,1.0,0,0,75.44,19,24,29,0.45,1.11,1.08,5.61,67.5
2025-08-24,14-15,CR-02,Main Building,50,CLS-15,DBMS,FAC-17,Sunday,41,2.0,0,1,85.24,35,29,9,2.08,0.57,1.26,12.92,72.08
2025-12-05,16-17,CR-20,Main Building,60,CLS-33,Computer Networks,FAC-17,Friday,53,1.0,0,0,90.03,48,24,36,0.93,1.48,0.9,8.46,70.0
2025-09-28,14-15,CR-08,Main Building,30,CLS-04,Statistics,FAC-01,Sunday,26,1.0,0,0,70.27,18,19,18,0.73,0.73,1.45,6.1,60.83
2025-08-12,12-13,CR-09,Science Building,40,CLS-21,Operating Systems,FAC-22,Tuesday,36,2.0,1,0,96.24,35,25,17,0.34,0.32,0.27,1.56,10.81
2025-06-12,15-16,CR-13,IT Building,40,CLS-38,Data Science,FAC-24,Thursday,21,1.0,0,0,65.01,14,24,14,1.2,1.62,0.89,7.83,41.25
2025-08-16,15-16,CR-12,IT Building,80,CLS-37,Machine Learning,FAC-23,Saturday,41,1.0,1,0,94.8,39,43,21,0.91,0.26,0.3,1.52,13.7
2025-10-10,11-12,CR-20,Main Building,60,CLS-34,Artificial Intelligence,FAC-21,Friday,52,2.0,0,0,94.56,49,38,38,1.93,0.76,2.46,13.98,77.08
2025-11-28,14-15,CR-12,IT Building,80,CLS-33,Artificial Intelligence,FAC-15,Friday,48,3.0,0,0,89.12,43,54,26,2.59,0.67,1.64,18.39,57.19
2025-11-18,16-17,CR-03,Main Building,40,CLS-25,Operating Systems,FAC-17,Tuesday,17,3.0,0,0,87.0,15,8,31,2.5,1.81,2.58,18.59,33.12
2025-11-25,11-12,CR-02,Main Building,50,CLS-29,Machine Learning,FAC-26,Tuesday,39,1.5,0,0,70.38,27,47,12,0.72,0.59,0.89,7.23,64.0
2025-08-20,08-09,CR-01,Main Building,30,CLS-32,Software Engineering,FAC-18,Wednesday,12,1.5,0,0,86.55,10,8,6,1.01,1.8,0.34,6.9,31.67
2025-07-21,16-17,CR-11,Main Building,80,CLS-19,Python,FAC-08,Monday,73,1.0,0,1,70.95,52,55,8,1.03,1.46,1.22,10.07,73.66
2025-08-25,08-09,CR-06,IT Building,80,CLS-15,Machine Learning,FAC-25,Monday,24,3.0,1,0,87.57,21,52,12,0.96,0.11,0.28,2.24,5.3
2025-07-31,13-14,CR-11,Main Building,80,CLS-08,Web Development,FAC-20,Thursday,44,1.0,0,1,84.86,37,18,12,1.5,0.8,0.9,9.69,43.15
2025-07-03,11-12,CR-09,Science Building,40,CLS-31,Operating Systems,FAC-03,Thursday,17,1.5,0,0,72.66,12,8,37,0.33,1.65,0.84,6.61,27.5
2025-08-02,13-14,CR-11,Main Building,80,CLS-24,Artificial Intelligence,FAC-23,Saturday,44,1.0,0,0,71.0,31,17,26,0.65,0.57,1.44,7.97,34.38
2025-06-30,15-16,CR-09,Science Building,40,CLS-05,DBMS,FAC-14,Monday,17,1.0,0,1,78.96,13,23,30,1.38,1.22,0.97,8.88,45.55
2025-06-29,10-11,CR-04,Science Building,30,CLS-36,Statistics,FAC-08,Sunday,27,2.0,0,0,81.23,22,19,21,1.9,1.92,0.86,11.83,70.83
2025-12-05,08-09,CR-14,IT Building,80,CLS-21,Python,FAC-15,Friday,63,1.5,0,0,81.14,51,33,9,0.42,1.29,1.15,7.94,58.12
2025-10-17,11-12,CR-01,Main Building,30,CLS-24,Computer Networks,FAC-10,Friday,15,1.5,0,0,92.29,14,11,21,0.38,1.2,1.69,6.15,44.17
2025-06-02,12-13,CR-12,IT Building,80,CLS-24,Artificial Intelligence,FAC-26,Monday,76,1.0,0,0,92.9,71,18,8,0.87,1.25,1.47,8.88,72.19
2025-09-13,11-12,CR-11,Main Building,80,CLS-28,Python,FAC-16,Saturday,47,1.5,0,1,96.25,45,51,13,0.88,0.78,0.82,9.33,61.52
2025-07-06,15-16,CR-14,IT Building,80,CLS-13,Statistics,FAC-24,Sunday,54,1.0,0,0,93.75,51,16,1,0.89,1.35,0.26,7.36,52.81
2025-10-12,10-11,CR-08,Main Building,30,CLS-26,Statistics,FAC-13,Sunday,27,3.0,0,0,72.11,19,22,0,0.32,3.14,0.65,9.15,65.83
2025-07-18,10-11,CR-05,Main Building,80,CLS-04,Statistics,FAC-15,Friday,39,1.0,1,0,72.57,28,63,6,0.16,0.31,0.45,1.47,10.9
2025-11-03,08-09,CR-14,IT Building,80,CLS-42,Operating Systems,FAC-01,Monday,74,2.0,0,0,88.71,66,25,11,1.03,1.97,0.95,11.34,69.69
2025-06-10,08-09,CR-07,Main Building,30,CLS-38,DBMS,FAC-09,Tuesday,15,2.0,0,0,85.4,13,17,19,1.02,0.57,1.14,8.31,46.67
2025-09-30,10-11,CR-04,Science Building,30,CLS-25,Data Science,FAC-24,Tuesday,8,2.0,1,0,95.71,8,25,7,0.63,0.04,0.44,1.03,13.33
2025-12-27,11-12,CR-19,Main Building,30,CLS-48,Machine Learning,FAC-24,Saturday,25,1.0,0,0,74.8,19,24,19,0.97,1.32,0.86,6.57,67.5
2025-07-08,09-10,CR-01,Main Building,30,CLS-22,DBMS,FAC-01,Tuesday,21,1.0,0,0,88.68,19,17,1,0.65,1.67,0.47,5.57,61.67
2025-06-15,16-17,CR-05,Main Building,80,CLS-10,Software Engineering,FAC-08,Sunday,57,1.5,0,0,87.55,50,35,29,1.09,1.83,0.39,10.79,57.81
2025-12-17,08-09,CR-11,Main Building,80,CLS-19,Statistics,FAC-18,Wednesday,36,1.5,1,1,93.1,34,68,10,0.06,0.07,0.29,1.31,22.98
2025-06-16,14-15,CR-07,Main Building,30,CLS-10,Data Science,FAC-23,Monday,27,2.0,1,0,95.39,26,6,5,0.97,0.3,0.24,1.64,15.85
2025-10-26,16-17,CR-02,Main Building,50,CLS-19,Web Development,FAC-14,Sunday,36,1.0,0,1,89.47,32,27,8,0.66,1.24,1.4,6.98,67.94
2025-08-09,15-16,CR-14,IT Building,80,CLS-01,Statistics,FAC-14,Saturday,68,2.0,0,0,74.82,51,45,28,1.24,1.29,1.09,12.08,61.87
2025-07-10,12-13,CR-11,Main Building,80,CLS-12,Artificial Intelligence,FAC-15,Thursday,29,1.5,0,0,85.48,25,44,30,1.58,1.97,1.68,12.23,37.19
2025-10-05,16-17,CR-18,IT Building,40,CLS-17,Python,FAC-15,Sunday,8,3.0,1,1,84.08,7,23,26,0.05,0.13,0.32,1.85,7.55
2025-12-16,08-09,CR-14,IT Building,80,CLS-06,Data Science,FAC-29,Tuesday,55,2.0,0,1,93.35,51,70,9,2.31,1.75,1.48,16.07,74.96
2025-07-10,14-15,CR-17,Main Building,50,CLS-04,Statistics,FAC-05,Thursday,42,3.0,0,0,82.06,34,11,24,2.74,3.26,2.75,21.81,56.5
2025-08-05,09-10,CR-15,Main Building,30,CLS-02,Python,FAC-11,Tuesday,12,3.0,0,0,72.2,9,24,16,1.69,3.45,0.56,14.17,42.5
2025-09-17,08-09,CR-11,Main Building,80,CLS-25,Computer Networks,FAC-18,Wednesday,48,1.0,0,0,91.67,44,63,24,1.02,0.79,0.84,8.41,60.94
2025-08-18,15-16,CR-19,Main Building,30,CLS-24,Machine Learning,FAC-05,Monday,20,2.0,0,0,87.5,18,7,28,1.68,1.57,2.27,12.27,50.83
2025-07-15,12-13,CR-05,Main Building,80,CLS-36,Artificial Intelligence,FAC-08,Tuesday,39,2.0,1,0,67.05,26,22,25,0.92,0.09,0.26,3.05,10.55
2025-06-22,09-10,CR-20,Main Building,60,CLS-36,Web Development,FAC-18,Sunday,13,2.0,0,0,91.52,12,53,7,0.73,1.82,0.79,8.49,37.08
2025-09-29,08-09,CR-17,Main Building,50,CLS-50,Computer Networks,FAC-16,Monday,16,1.0,0,0,93.25,15,37,29,1.37,1.47,1.16,9.02,41.0
2025-11-14,09-10,CR-02,Main Building,50,CLS-31,Web Development,FAC-02,Friday,28,1.0,0,0,83.12,23,42,37,0.73,1.47,1.39,7.43,55.5
2025-09-04,15-16,CR-20,Main Building,60,CLS-25,Operating Systems,FAC-23,Thursday,21,2.0,0,0,77.82,16,14,3,1.23,0.68,1.37,8.87,25.83
2025-08-23,09-10,CR-03,Main Building,40,CLS-03,Statistics,FAC-30,Saturday,8,1.0,1,0,81.31,7,9,6,0.59,0.18,0.31,0.91,4.67
2025-12-06,13-14,CR-01,Main Building,30,CLS-47,Data Science,FAC-01,Saturday,17,1.0,0,0,96.98,16,25,9,1.13,1.0,0.43,6.14,60.83
2025-10-23,15-16,CR-06,IT Building,80,CLS-44,DBMS,FAC-23,Thursday,59,2.0,0,0,69.73,41,22,0,0.63,0.61,2.28,9.84,45.31
2025-11-20,10-11,CR-20,Main Building,60,CLS-31,Artificial Intelligence,FAC-29,Thursday,51,3.0,0,0,92.33,47,26,29,2.43,3.59,2.91,21.99,69.58
2025-11-20,13-14,CR-08,Main Building,30,CLS-39,Computer Networks,FAC-11,Thursday,25,3.0,1,0,79.49,20,27,9,0.95,0.36,0.04,2.21,12.78
2025-12-12,10-11,CR-12,IT Building,80,CLS-10,Computer Networks,FAC-22,Friday,59,2.0,0,0,94.89,56,33,3,1.09,1.96,0.28,10.91,62.81
2025-08-12,09-10,CR-13,IT Building,40,CLS-19,Machine Learning,FAC-12,Tuesday,32,2.0,0,0,75.96,24,24,2,0.39,1.8,2.09,8.03,60.0
2025-12-21,13-14,CR-03,Main Building,40,CLS-13,DBMS,FAC-15,Sunday,37,3.0,0,0,71.73,27,34,27,0.58,2.29,0.47,10.44,71.88
2025-12-21,14-15,CR-19,Main Building,30,CLS-50,Statistics,FAC-15,Sunday,18,2.0,0,0,84.38,15,28,29,0.32,0.77,1.49,6.78,60.83
2025-06-02,16-17,CR-11,Main Building,80,CLS-22,Operating Systems,FAC-25,Monday,21,3.0,0,0,83.92,18,17,23,2.56,3.03,0.61,19.23,22.19
2025-10-12,12-13,CR-20,Main Building,60,CLS-47,Computer Networks,FAC-17,Sunday,44,1.0,0,0,84.55,37,46,39,1.09,0.56,1.32,8.63,65.42
2025-06-09,16-17,CR-02,Main Building,50,CLS-14,Artificial Intelligence,FAC-17,Monday,35,1.0,0,0,85.9,30,29,28,1.1,1.71,1.08,8.68,59.5
2025-08-05,12-13,CR-11,Main Building,80,CLS-02,Statistics,FAC-20,Tuesday,52,2.0,0,0,75.81,39,35,16,1.1,2.74,0.29,11.89,47.5
2025-09-04,11-12,CR-11,Main Building,80,CLS-10,Operating Systems,FAC-24,Thursday,53,1.0,0,0,88.31,47,23,3,1.49,1.53,0.29,8.95,51.25
2025-11-27,16-17,CR-12,IT Building,80,CLS-45,Machine Learning,FAC-18,Thursday,32,1.5,1,0,92.29,30,53,38,0.28,0.22,0.16,1.56,7.45
2025-07-13,09-10,CR-08,Main Building,30,CLS-23,Statistics,FAC-14,Sunday,9,2.0,1,0,77.5,7,5,26,0.63,0.41,0.15,1.1,6.45
2025-12-03,11-12,CR-09,Science Building,40,CLS-45,Software Engineering,FAC-01,Wednesday,36,3.0,0,0,72.05,26,15,26,2.08,2.85,2.73,18.96,58.12
2025-08-07,10-11,CR-12,IT Building,80,CLS-40,Operating Systems,FAC-22,Thursday,75,1.0,0,0,68.02,51,54,18,0.79,0.84,0.57,8.03,64.69
2025-10-18,10-11,CR-19,Main Building,30,CLS-34,Operating Systems,FAC-30,Saturday,23,3.0,0,1,81.64,19,8,30,2.48,3.1,1.88,19.62,56.55
2025-12-12,12-13,CR-16,IT Building,60,CLS-44,Web Development,FAC-20,Friday,46,1.0,0,0,97.1,45,33,0,0.95,0.88,0.54,6.97,70.0
2025-08-15,10-11,CR-19,Main Building,30,CLS-16,Operating Systems,FAC-04,Friday,21,2.0,0,0,85.17,18,25,15,1.43,0.52,2.12,9.86,65.83
2025-12-21,10-11,CR-03,Main Building,40,CLS-17,Computer Networks,FAC-03,Sunday,22,1.0,0,0,67.27,15,9,17,0.7,1.9,1.33,7.37,33.75
2025-08-28,10-11,CR-20,Main Building,60,CLS-12,Computer Networks,FAC-15,Thursday,39,2.0,0,1,74.42,29,50,39,0.6,1.62,1.05,10.68,61.81
2025-10-17,16-17,CR-15,Main Building,30,CLS-31,Artificial Intelligence,FAC-10,Friday,14,1.0,0,0,94.62,13,18,24,0.3,1.93,1.08,5.85,47.5
2025-08-15,09-10,CR-08,Main Building,30,CLS-18,Python,FAC-04,Friday,25,1.0,1,1,96.08,24,26,6,0.2,0.02,0.24,0.5,31.64
2025-06-01,13-14,CR-20,Main Building,60,CLS-28,Data Science,FAC-23,Sunday,41,1.0,1,0,96.6,40,53,37,0.82,0.33,0.08,1.57,11.72
2025-09-05,11-12,CR-17,Main Building,50,CLS-39,Python,FAC-04,Friday,19,3.0,0,1,89.23,17,25,18,2.25,1.99,2.79,18.72,42.87
2025-08-02,14-15,CR-12,IT Building,80,CLS-27,Machine Learning,FAC-30,Saturday,72,1.0,0,0,67.09,48,63,8,1.24,1.43,0.64,8.85,64.69
2025-11-28,10-11,CR-08,Main Building,30,CLS-04,Operating Systems,FAC-01,Friday,27,1.5,0,1,70.41,19,12,16,0.32,0.83,1.04,5.85,59.68
2025-08-20,11-12,CR-04,Science Building,30,CLS-25,Python,FAC-05,Wednesday,28,1.0,0,0,93.89,26,11,7,0.89,1.59,0.29,5.89,74.17
2025-06-14,11-12,CR-15,Main Building,30,CLS-44,Data Science,FAC-26,Saturday,26,2.0,0,0,77.05,20,21,13,1.33,0.97,0.52,8.55,67.5
2025-11-10,10-11,CR-10,Main Building,80,CLS-20,Operating Systems,FAC-28,Monday,71,1.0,0,0,96.62,69,20,6,0.35,1.47,1.47,7.36,70.94
2025-07-04,09-10,CR-07,Main Building,30,CLS-35,Python,FAC-16,Friday,23,3.0,0,1,97.28,22,19,17,1.55,1.07,0.81,12.84,77.38
2025-06-13,14-15,CR-14,IT Building,80,CLS-05,Artificial Intelligence,FAC-23,Friday,72,1.0,0,1,89.42,64,54,32,1.08,1.74,1.11,10.99,81.28
2025-07-30,13-14,CR-14,IT Building,80,CLS-21,Web Development,FAC-03,Wednesday,49,1.0,0,1,82.62,40,34,21,0.55,1.62,0.84,8.69,50.96
2025-07-14,16-17,CR-18,IT Building,40,CLS-25,Computer Networks,FAC-19,Monday,9,1.0,0,0,87.99,8,30,37,1.42,0.75,1.06,7.86,33.75
2025-11-30,16-17,CR-10,Main Building,80,CLS-12,Software Engineering,FAC-17,Sunday,72,1.0,1,1,73.06,53,48,28,0.9,0.05,0.33,1.93,14.29
2025-06-12,11-12,CR-03,Main Building,40,CLS-43,DBMS,FAC-27,Thursday,29,1.0,0,1,96.49,28,35,5,1.31,0.94,0.26,7.52,81.13
2025-12-11,10-11,CR-07,Main Building,30,CLS-48,Data Science,FAC-30,Thursday,6,1.0,0,0,74.79,4,20,13,0.6,1.83,1.46,6.16,26.67
2025-08-15,10-11,CR-15,Main Building,30,CLS-48,Operating Systems,FAC-18,Friday,18,1.0,0,1,83.09,15,26,21,0.37,1.07,0.65,5.28,65.83
2025-07-18,15-16,CR-05,Main Building,80,CLS-34,Operating Systems,FAC-24,Friday,40,1.0,1,0,82.69,33,31,0,0.66,0.35,0.07,1.57,10.23
2025-10-02,15-16,CR-18,IT Building,40,CLS-15,Web Development,FAC-15,Thursday,10,2.0,0,0,94.34,9,17,34,1.26,2.73,2.2,12.56,27.5
2025-07-29,11-12,CR-09,Science Building,40,CLS-41,Artificial Intelligence,FAC-27,Tuesday,35,3.0,1,0,79.47,28,36,15,0.38,0.47,0.36,1.57,15.2
2025-09-17,10-11,CR-07,Main Building,30,CLS-42,Data Science,FAC-28,Wednesday,20,1.5,1,0,74.62,15,5,8,0.97,0.16,0.05,1.44,8.3
2025-08-26,16-17,CR-12,IT Building,80,CLS-46,Statistics,FAC-16,Tuesday,29,1.0,0,0,88.35,26,40,40,1.17,0.93,0.62,8.71,36.88
2025-11-19,10-11,CR-06,IT Building,80,CLS-36,Artificial Intelligence,FAC-27,Wednesday,75,3.0,0,0,91.05,68,51,10,1.12,3.49,2.46,17.44,79.69
2025-12-19,12-13,CR-02,Main Building,50,CLS-49,Data Science,FAC-11,Friday,31,1.0,0,0,86.83,27,40,38,0.66,1.27,0.81,7.53,60.5
2025-12-03,11-12,CR-19,Main Building,30,CLS-29,Operating Systems,FAC-21,Wednesday,7,1.0,0,0,80.96,6,17,15,1.29,0.66,0.43,6.12,29.17
2025-10-21,16-17,CR-03,Main Building,40,CLS-24,Statistics,FAC-14,Tuesday,28,3.0,0,0,97.25,27,35,14,1.87,2.28,1.69,15.39,72.5
2025-10-14,14-15,CR-11,Main Building,80,CLS-25,Statistics,FAC-01,Tuesday,35,1.0,0,0,67.8,24,67,31,0.97,1.36,1.39,8.74,43.44
2025-12-09,11-12,CR-07,Main Building,30,CLS-12,Data Science,FAC-20,Tuesday,8,2.0,0,0,82.36,7,21,19,0.56,1.93,0.46,7.05,35.0
2025-08-24,13-14,CR-18,IT Building,40,CLS-30,Operating Systems,FAC-01,Sunday,8,2.0,0,0,80.49,6,21,39,2.35,2.3,0.42,13.72,24.38
2025-08-07,13-14,CR-19,Main Building,30,CLS-38,Web Development,FAC-06,Thursday,19,1.0,0,0,72.4,14,17,0,1.09,1.84,0.29,6.4,49.17
2025-11-10,16-17,CR-20,Main Building,60,CLS-21,DBMS,FAC-02,Monday,17,1.0,1,0,83.02,14,23,15,0.96,0.37,0.43,1.88,7.39
2025-06-08,09-10,CR-08,Main Building,30,CLS-47,Software Engineering,FAC-16,Sunday,8,3.0,0,0,76.68,6,21,7,1.77,2.65,1.13,13.17,32.5
2025-08-03,13-14,CR-14,IT Building,80,CLS-36,Statistics,FAC-02,Sunday,36,2.0,0,0,69.73,25,14,7,1.09,2.35,2.31,12.3,27.81
2025-09-02,11-12,CR-07,Main Building,30,CLS-30,Web Development,FAC-27,Tuesday,12,1.0,0,0,80.1,10,4,4,1.05,0.65,1.38,6.32,28.33
2025-11-10,15-16,CR-16,IT Building,60,CLS-11,Software Engineering,FAC-25,Monday,41,1.0,0,0,91.22,37,32,38,0.57,1.29,1.45,8.01,59.58
2025-09-19,13-14,CR-15,Main Building,30,CLS-45,Statistics,FAC-22,Friday,15,1.0,0,0,67.96,10,22,10,1.1,1.94,0.63,6.71,43.33
2025-11-04,13-14,CR-12,IT Building,80,CLS-02,Artificial Intelligence,FAC-11,Tuesday,73,2.0,0,0,76.02,55,29,36,0.33,2.58,2.16,12.51,60.62
2025-11-29,09-10,CR-15,Main Building,30,CLS-08,Web Development,FAC-17,Saturday,17,3.0,0,0,85.88,15,21,7,1.22,0.77,2.32,10.9,55.0
2025-11-07,13-14,CR-06,IT Building,80,CLS-45,Artificial Intelligence,FAC-05,Friday,63,3.0,1,0,89.11,56,30,3,0.83,0.37,0.32,2.59,23.68
2025-11-19,16-17,CR-17,Main Building,50,CLS-11,Machine Learning,FAC-13,Wednesday,30,1.0,0,1,79.09,24,47,11,1.38,1.48,0.75,8.63,62.06
2025-12-31,13-14,CR-16,IT Building,60,CLS-19,Web Development,FAC-11,Wednesday,21,1.0,0,0,82.94,17,51,8,0.59,0.83,0.91,5.75,42.5
2025-09-30,14-15,CR-20,Main Building,60,CLS-17,Operating Systems,FAC-07,Tuesday,13,2.0,1,1,70.6,9,18,19,0.8,0.24,0.29,1.82,4.14
2025-12-04,13-14,CR-08,Main Building,30,CLS-12,Machine Learning,FAC-26,Thursday,11,2.0,0,0,78.53,9,4,23,2.07,2.43,0.75,12.16,25.83
2025-11-27,10-11,CR-19,Main Building,30,CLS-13,Computer Networks,FAC-08,Thursday,15,2.0,0,1,85.33,13,12,2,0.8,2.97,2.39,11.06,45.56
2025-12-01,09-10,CR-18,IT Building,40,CLS-03,Artificial Intelligence,FAC-23,Monday,34,2.0,0,0,91.45,31,36,36,1.87,2.25,2.41,14.43,80.62
2025-08-21,08-09,CR-01,Main Building,30,CLS-19,Operating Systems,FAC-20,Thursday,14,1.0,0,0,84.68,12,8,10,1.05,1.77,1.09,6.71,36.67
2025-08-17,14-15,CR-01,Main Building,30,CLS-06,Software Engineering,FAC-29,Sunday,25,1.0,0,0,77.25,19,13,23,0.43,1.26,0.82,5.85,58.33
2025-12-04,11-12,CR-09,Science Building,40,CLS-33,Artificial Intelligence,FAC-16,Thursday,10,1.0,0,1,97.91,10,33,11,1.01,1.68,0.67,7.37,46.73
2025-09-18,16-17,CR-14,IT Building,80,CLS-06,Data Science,FAC-16,Thursday,31,1.0,0,0,88.0,27,26,9,0.62,1.32,1.04,7.4,33.44
2025-06-07,10-11,CR-20,Main Building,60,CLS-06,DBMS,FAC-17,Saturday,17,1.0,0,0,84.44,14,27,37,1.39,1.85,1.46,9.58,28.75
2025-08-18,16-17,CR-02,Main Building,50,CLS-11,Statistics,FAC-17,Monday,13,2.0,0,1,79.11,10,11,37,0.79,0.51,0.67,9.0,24.78
2025-09-14,12-13,CR-12,IT Building,80,CLS-11,DBMS,FAC-04,Sunday,68,2.0,0,1,65.13,44,16,32,1.87,1.56,0.95,15.65,49.17
2025-11-19,11-12,CR-07,Main Building,30,CLS-21,Computer Networks,FAC-18,Wednesday,28,1.0,0,0,97.18,27,8,7,1.05,1.19,0.63,6.47,74.17
2025-12-12,14-15,CR-13,IT Building,40,CLS-32,Python,FAC-10,Friday,37,2.0,1,0,72.34,27,36,5,0.21,0.2,0.5,1.39,7.56
2025-11-15,11-12,CR-18,IT Building,40,CLS-37,Machine Learning,FAC-20,Saturday,11,2.0,0,0,76.63,8,8,20,1.28,0.87,1.16,8.92,20.0
2025-12-26,08-09,CR-04,Science Building,30,CLS-16,DBMS,FAC-26,Friday,11,1.0,0,0,68.41,8,12,18,0.92,0.65,1.24,6.48,30.0
2025-09-03,14-15,CR-01,Main Building,30,CLS-32,Machine Learning,FAC-09,Wednesday,22,1.5,0,0,78.81,17,5,26,0.92,0.7,1.17,7.48,46.67
2025-12-01,15-16,CR-15,Main Building,30,CLS-23,Data Science,FAC-12,Monday,28,3.0,1,0,81.98,23,8,7,0.47,0.37,0.42,1.45,7.87
2025-09-05,11-12,CR-04,Science Building,30,CLS-26,Python,FAC-27,Friday,12,2.0,0,1,85.53,10,27,2,0.43,2.24,1.11,7.72,50.06
2025-11-19,08-09,CR-11,Main Building,80,CLS-50,Operating Systems,FAC-28,Wednesday,17,1.0,0,1,69.37,12,60,13,1.33,1.42,0.69,9.12,32.36
2025-09-11,15-16,CR-01,Main Building,30,CLS-01,Artificial Intelligence,FAC-20,Thursday,25,1.0,0,1,95.47,24,16,12,1.0,1.96,0.42,7.26,79.45
2025-08-02,10-11,CR-08,Main Building,30,CLS-14,Operating Systems,FAC-02,Saturday,6,1.5,0,0,83.75,5,20,26,1.65,1.55,0.41,9.55,29.17
2025-06-03,08-09,CR-19,Main Building,30,CLS-32,Machine Learning,FAC-09,Tuesday,26,1.0,0,0,89.05,23,10,7,1.2,1.66,1.08,7.62,65.83
2025-07-17,11-12,CR-10,Main Building,80,CLS-14,Python,FAC-26,Thursday,64,1.5,0,1,72.12,46,74,18,0.96,2.05,1.92,12.03,69.96
2025-11-26,16-17,CR-17,Main Building,50,CLS-36,DBMS,FAC-20,Wednesday,20,1.0,0,0,75.31,15,45,0,0.53,1.26,1.01,5.39,45.0
2025-10-26,15-16,CR-06,IT Building,80,CLS-10,Software Engineering,FAC-28,Sunday,72,1.0,0,0,65.32,47,59,35,1.23,1.73,1.46,10.78,62.5
2025-08-26,12-13,CR-12,IT Building,80,CLS-21,Machine Learning,FAC-07,Tuesday,55,3.0,0,1,79.08,43,65,1,1.17,2.48,2.4,16.26,68.41
2025-08-19,16-17,CR-06,IT Building,80,CLS-50,DBMS,FAC-14,Tuesday,47,2.0,0,0,65.76,31,74,12,2.43,2.52,1.94,16.09,52.19
2025-09-10,11-12,CR-05,Main Building,80,CLS-16,Software Engineering,FAC-01,Wednesday,18,1.0,1,0,89.8,16,64,16,0.39,0.45,0.09,1.69,8.11
2025-10-11,12-13,CR-14,IT Building,80,CLS-27,Web Development,FAC-17,Saturday,43,2.0,0,0,74.65,32,24,25,1.49,1.3,1.2,12.65,37.5
2025-07-30,15-16,CR-03,Main Building,40,CLS-09,Python,FAC-13,Wednesday,15,1.0,0,0,82.27,12,28,10,0.7,0.87,0.76,5.51,40.0
2025-10-26,15-16,CR-16,IT Building,60,CLS-26,Python,FAC-04,Sunday,28,1.0,0,0,82.02,23,9,32,1.18,0.68,0.53,7.4,32.5
2025-06-27,09-10,CR-09,Science Building,40,CLS-17,Machine Learning,FAC-12,Friday,22,1.0,0,0,77.93,17,25,13,1.24,0.99,0.88,6.77,47.5
2025-11-27,14-15,CR-03,Main Building,40,CLS-05,Computer Networks,FAC-18,Thursday,20,1.0,0,0,85.59,17,30,1,0.54,1.58,0.93,5.94,50.62
2025-07-21,14-15,CR-03,Main Building,40,CLS-06,Software Engineering,FAC-20,Monday,13,1.5,1,0,73.04,9,27,21,0.88,0.28,0.3,1.49,6.82
2025-11-09,12-13,CR-13,IT Building,40,CLS-23,Web Development,FAC-06,Sunday,31,1.5,0,0,93.88,29,30,32,1.68,1.7,1.57,11.5,73.12
2025-12-10,12-13,CR-08,Main Building,30,CLS-32,Operating Systems,FAC-03,Wednesday,14,3.0,0,0,67.05,9,13,28,0.5,3.4,0.41,10.32,33.33
2025-12-22,12-13,CR-11,Main Building,80,CLS-18,Artificial Intelligence,FAC-28,Monday,52,1.0,1,0,70.59,37,66,1,0.8,0.0,0.14,1.94,5.68
2025-06-02,09-10,CR-03,Main Building,40,CLS-39,Computer Networks,FAC-21,Monday,12,1.0,0,0,90.65,11,20,33,0.88,1.26,1.16,7.6,33.12
2025-09-05,15-16,CR-09,Science Building,40,CLS-44,Data Science,FAC-23,Friday,11,2.0,1,0,81.45,9,19,24,0.61,0.45,0.2,1.49,9.76
2025-07-30,16-17,CR-12,IT Building,80,CLS-43,Python,FAC-19,Wednesday,36,3.0,1,0,81.64,29,14,37,0.8,0.27,0.13,2.72,4.99
2025-06-08,09-10,CR-14,IT Building,80,CLS-44,Artificial Intelligence,FAC-02,Sunday,50,1.0,0,0,90.94,45,64,16,0.59,1.6,1.01,8.07,62.19
2025-12-10,08-09,CR-08,Main Building,30,CLS-18,Software Engineering,FAC-21,Wednesday,14,2.0,0,0,91.15,13,27,30,0.83,1.61,1.73,9.53,55.0
2025-09-30,15-16,CR-02,Main Building,50,CLS-01,Computer Networks,FAC-06,Tuesday,41,2.0,0,1,79.51,33,28,7,1.82,2.08,0.51,12.88,67.33
2025-07-17,13-14,CR-09,Science Building,40,CLS-19,Statistics,FAC-24,Thursday,20,1.5,0,0,86.64,17,24,8,0.52,1.04,0.94,6.28,46.88
2025-12-31,09-10,CR-16,IT Building,60,CLS-45,Artificial Intelligence,FAC-28,Wednesday,39,1.0,0,0,74.24,29,19,32,0.53,1.71,1.05,7.32,44.17
2025-06-02,08-09,CR-04,Science Building,30,CLS-27,Machine Learning,FAC-21,Monday,20,1.0,0,0,95.3,19,18,18,0.49,1.69,1.46,6.33,62.5
2025-11-17,12-13,CR-11,Main Building,80,CLS-38,Data Science,FAC-08,Monday,36,2.0,0,0,88.99,32,39,35,2.48,2.13,0.74,15.69,42.19
2025-07-29,10-11,CR-14,IT Building,80,CLS-18,Software Engineering,FAC-20,Tuesday,47,2.0,0,0,65.24,31,18,5,1.78,1.17,2.08,12.64,34.69
2025-09-22,08-09,CR-15,Main Building,30,CLS-36,Machine Learning,FAC-05,Monday,27,2.0,0,0,76.85,21,24,20,1.33,2.91,0.79,11.32,72.5
2025-08-26,15-16,CR-13,IT Building,40,CLS-05,DBMS,FAC-02,Tuesday,35,1.0,0,0,72.29,25,24,5,0.88,1.03,1.21,6.7,61.88
2025-11-26,12-13,CR-06,IT Building,80,CLS-41,DBMS,FAC-11,Wednesday,61,1.0,0,1,85.54,52,37,40,0.84,1.67,0.54,10.08,63.59
2025-07-14,16-17,CR-16,IT Building,60,CLS-46,Artificial Intelligence,FAC-28,Monday,37,2.0,0,1,93.99,35,44,7,2.01,1.52,2.46,14.58,68.04
2025-06-13,10-11,CR-14,IT Building,80,CLS-21,Computer Networks,FAC-09,Friday,56,1.5,1,0,77.53,43,24,5,0.64,0.08,0.49,1.98,9.68
2025-10-22,10-11,CR-03,Main Building,40,CLS-34,Operating Systems,FAC-02,Wednesday,29,2.0,0,0,67.17,19,10,0,1.97,2.44,1.76,12.79,41.88
2025-10-03,09-10,CR-04,Science Building,30,CLS-27,Machine Learning,FAC-03,Friday,15,1.5,0,0,74.63,11,16,22,1.11,0.72,1.08,7.31,40.83
2025-11-14,09-10,CR-04,Science Building,30,CLS-38,Software Engineering,FAC-08,Friday,7,3.0,0,0,70.37,5,15,25,0.88,0.77,2.78,10.45,25.0
2025-08-17,10-11,CR-10,Main Building,80,CLS-32,DBMS,FAC-24,Sunday,68,3.0,1,1,82.5,56,55,11,0.4,0.27,0.31,2.42,29.25
2025-11-19,15-16,CR-10,Main Building,80,CLS-36,Operating Systems,FAC-15,Wednesday,16,1.0,0,1,69.87,11,27,40,0.28,1.98,0.6,8.03,21.63
2025-08-02,10-11,CR-11,Main Building,80,CLS-07,Data Science,FAC-03,Saturday,64,2.0,1,1,95.48,61,15,35,1.0,0.3,0.02,2.7,22.75
2025-09-12,15-16,CR-19,Main Building,30,CLS-38,Python,FAC-20,Friday,19,2.0,0,0,78.4,15,27,0,1.61,1.6,2.35,10.44,60.0
2025-07-08,16-17,CR-14,IT Building,80,CLS-24,DBMS,FAC-18,Tuesday,29,3.0,0,0,82.65,24,70,4,2.16,3.64,0.65,17.78,44.38
2025-09-13,12-13,CR-13,IT Building,40,CLS-49,Software Engineering,FAC-05,Saturday,11,3.0,1,0,69.61,8,6,12,0.51,0.16,0.21,1.51,5.72
2025-12-08,15-16,CR-01,Main Building,30,CLS-49,Statistics,FAC-27,Monday,6,1.5,0,0,97.42,6,19,16,0.52,1.58,0.42,6.01,30.83
2025-12-16,08-09,CR-17,Main Building,50,CLS-41,Software Engineering,FAC-25,Tuesday,36,2.0,1,0,96.24,35,44,14,0.39,0.03,0.19,0.94,11.12
2025-10-06,08-09,CR-19,Main Building,30,CLS-33,DBMS,FAC-09,Monday,22,1.0,0,0,69.81,15,25,22,0.54,1.43,0.33,6.22,58.33
2025-11-25,14-15,CR-16,IT Building,60,CLS-47,Web Development,FAC-18,Tuesday,40,3.0,0,0,78.92,32,48,26,0.3,3.95,1.26,13.17,60.0
2025-08-28,08-09,CR-16,IT Building,60,CLS-19,Web Development,FAC-26,Thursday,33,1.5,0,0,90.69,30,17,27,0.82,1.45,0.93,8.94,44.58
2025-09-29,14-15,CR-12,IT Building,80,CLS-44,Web Development,FAC-03,Monday,65,2.0,0,0,87.78,57,76,6,0.58,1.98,2.26,10.92,77.19
2025-09-23,12-13,CR-16,IT Building,60,CLS-31,Statistics,FAC-12,Tuesday,12,3.0,0,0,88.1,11,28,21,0.66,3.54,1.08,13.25,25.42
2025-12-13,10-11,CR-05,Main Building,80,CLS-04,Data Science,FAC-14,Saturday,27,1.5,0,0,93.07,25,19,13,1.88,2.36,0.26,10.96,29.38
2025-07-03,14-15,CR-09,Science Building,40,CLS-23,Data Science,FAC-30,Thursday,19,1.5,0,0,95.42,18,6,39,0.35,1.03,1.15,7.58,37.5
2025-12-01,08-09,CR-15,Main Building,30,CLS-49,Web Development,FAC-25,Monday,7,2.0,0,0,80.82,6,14,2,2.35,1.1,0.87,10.78,26.67
2025-09-19,16-17,CR-11,Main Building,80,CLS-10,Data Science,FAC-09,Friday,45,1.5,1,0,95.38,43,59,7,0.08,0.3,0.34,1.86,8.08
2025-11-29,16-17,CR-07,Main Building,30,CLS-31,Statistics,FAC-19,Saturday,6,1.0,1,0,70.7,4,10,12,0.85,0.07,0.2,1.14,5.81
2025-12-14,14-15,CR-20,Main Building,60,CLS-14,DBMS,FAC-05,Sunday,43,1.5,0,0,67.48,29,25,8,1.2,1.84,1.9,10.2,46.67
2025-07-09,16-17,CR-12,IT Building,80,CLS-45,Computer Networks,FAC-06,Wednesday,65,3.0,0,0,95.78,62,71,8,1.57,2.46,1.89,17.23,80.31
2025-12-19,11-12,CR-16,IT Building,60,CLS-44,Data Science,FAC-06,Friday,33,3.0,0,0,78.53,26,15,2,2.56,1.15,1.78,16.6,38.75
2025-07-30,11-12,CR-16,IT Building,60,CLS-50,Python,FAC-01,Wednesday,46,2.0,0,0,94.17,43,18,13,1.39,2.11,1.14,11.83,61.25
2025-08-04,08-09,CR-07,Main Building,30,CLS-48,Operating Systems,FAC-01,Monday,14,1.0,0,0,80.45,11,28,6,1.38,1.9,1.37,7.75,50.83
2025-11-22,09-10,CR-18,IT Building,40,CLS-33,DBMS,FAC-18,Saturday,16,1.0,0,0,82.12,13,14,23,1.22,1.34,1.49,8.06,33.12
2025-11-13,15-16,CR-18,IT Building,40,CLS-41,Python,FAC-09,Thursday,22,1.0,0,0,80.04,18,29,7,1.14,1.69,0.87,7.26,51.88
2025-10-01,14-15,CR-19,Main Building,30,CLS-43,Computer Networks,FAC-18,Wednesday,6,2.0,1,0,78.58,5,13,11,0.11,0.2,0.37,1.24,8.24
2025-08-31,12-13,CR-10,Main Building,80,CLS-47,Data Science,FAC-04,Sunday,39,1.5,1,1,95.4,37,40,29,0.25,0.18,0.08,1.75,7.79
2025-08-14,08-09,CR-11,Main Building,80,CLS-14,Data Science,FAC-21,Thursday,68,1.5,0,1,86.15,59,66,33,1.33,1.61,0.4,12.2,81.11
2025-11-05,11-12,CR-09,Science Building,40,CLS-47,Data Science,FAC-17,Wednesday,25,1.0,1,1,89.07,22,8,14,0.6,0.33,0.45,1.52,14.74
2025-11-03,15-16,CR-17,Main Building,50,CLS-14,DBMS,FAC-03,Monday,33,1.0,0,0,95.6,32,13,38,1.49,1.37,0.39,9.15,54.5
2025-10-09,13-14,CR-19,Main Building,30,CLS-44,Computer Networks,FAC-12,Thursday,17,3.0,0,0,80.15,14,8,10,2.42,0.6,0.41,13.02,41.67
2025-06-03,14-15,CR-14,IT Building,80,CLS-28,Software Engineering,FAC-13,Tuesday,56,2.0,0,0,81.54,46,70,14,1.08,0.76,1.9,10.97,65.0
2025-08-16,15-16,CR-14,IT Building,80,CLS-31,Machine Learning,FAC-28,Saturday,35,3.0,0,1,75.59,26,66,15,0.98,2.78,1.79,16.24,47.85
2025-10-28,13-14,CR-20,Main Building,60,CLS-06,Python,FAC-08,Tuesday,45,1.0,0,0,73.95,33,18,30,1.24,0.84,0.45,7.89,48.75
2025-09-06,10-11,CR-05,Main Building,80,CLS-07,Artificial Intelligence,FAC-12,Saturday,52,3.0,0,0,90.82,47,68,18,2.2,1.14,0.57,16.41,65.31
2025-07-23,14-15,CR-08,Main Building,30,CLS-39,Statistics,FAC-09,Wednesday,25,1.0,0,0,75.8,19,4,6,1.07,0.69,0.88,6.19,50.83
2025-10-21,13-14,CR-11,Main Building,80,CLS-48,Web Development,FAC-14,Tuesday,39,1.5,1,0,65.62,26,37,4,0.39,0.04,0.24,1.06,8.66
2025-10-10,15-16,CR-07,Main Building,30,CLS-03,Python,FAC-05,Friday,8,1.0,1,0,66.5,5,27,25,0.36,0.38,0.18,0.52,13.42
2025-07-23,14-15,CR-13,IT Building,40,CLS-15,Data Science,FAC-12,Wednesday,31,1.5,1,0,88.6,27,19,11,0.37,0.21,0.28,1.23,9.44
2025-12-04,11-12,CR-10,Main Building,80,CLS-33,Operating Systems,FAC-09,Thursday,52,1.0,0,0,96.32,50,66,25,1.49,1.23,0.84,9.68,67.5
2025-06-02,09-10,CR-19,Main Building,30,CLS-08,Python,FAC-20,Monday,6,1.0,0,1,86.28,5,17,12,0.94,1.45,1.34,7.03,32.99
2025-12-04,08-09,CR-15,Main Building,30,CLS-14,Data Science,FAC-14,Thursday,15,1.0,0,1,80.24,12,22,20,1.05,1.18,0.82,7.62,54.48
2025-11-18,15-16,CR-17,Main Building,50,CLS-23,Statistics,FAC-12,Tuesday,27,1.0,0,0,65.54,18,10,39,0.47,1.23,1.28,7.13,32.0
2025-11-19,08-09,CR-20,Main Building,60,CLS-13,Operating Systems,FAC-04,Wednesday,38,1.0,1,0,76.38,29,49,35,0.1,0.48,0.43,0.92,7.49
2025-08-13,13-14,CR-16,IT Building,60,CLS-16,Web Development,FAC-14,Wednesday,39,2.0,0,0,67.59,26,40,13,1.87,1.37,2.49,12.94,49.17
2025-11-24,11-12,CR-18,IT Building,40,CLS-29,Software Engineering,FAC-29,Monday,9,2.0,1,0,83.74,8,14,32,0.84,0.1,0.35,1.56,9.1
2025-06-08,13-14,CR-13,IT Building,40,CLS-28,Artificial Intelligence,FAC-30,Sunday,10,2.0,0,0,67.03,7,25,28,2.32,0.7,2.31,12.27,28.75
2025-09-22,09-10,CR-19,Main Building,30,CLS-34,Software Engineering,FAC-17,Monday,13,1.5,0,0,97.12,13,12,11,1.98,1.8,0.47,9.6,42.5
2025-06-12,14-15,CR-17,Main Building,50,CLS-21,Statistics,FAC-07,Thursday,42,1.0,0,0,81.7,34,27,3,0.91,1.27,0.96,6.75,64.5
2025-07-09,11-12,CR-02,Main Building,50,CLS-33,Statistics,FAC-21,Wednesday,47,3.0,1,0,83.82,39,24,25,0.57,0.34,0.04,2.23,24.02
2025-11-11,10-11,CR-09,Science Building,40,CLS-15,Web Development,FAC-25,Tuesday,35,1.0,0,0,85.67,30,31,38,0.6,1.26,1.22,7.05,75.62
2025-08-24,10-11,CR-04,Science Building,30,CLS-12,Machine Learning,FAC-22,Sunday,17,1.5,0,0,84.51,14,20,14,1.95,0.81,1.74,9.91,51.67
2025-06-17,08-09,CR-17,Main Building,50,CLS-35,Python,FAC-07,Tuesday,31,3.0,0,0,88.18,27,46,18,2.38,1.49,1.04,15.97,63.5
2025-09-06,14-15,CR-01,Main Building,30,CLS-20,Statistics,FAC-26,Saturday,7,1.0,0,0,67.08,5,12,14,1.0,0.69,1.25,6.25,22.5
2025-08-10,15-16,CR-14,IT Building,80,CLS-48,Statistics,FAC-04,Sunday,58,2.0,0,0,86.18,50,22,11,2.22,2.46,0.5,15.06,53.75
2025-07-16,09-10,CR-11,Main Building,80,CLS-03,DBMS,FAC-24,Wednesday,52,3.0,1,0,78.77,41,52,22,0.97,0.37,0.01,2.61,14.51
2025-09-13,16-17,CR-03,Main Building,40,CLS-41,Statistics,FAC-29,Saturday,28,1.0,0,0,94.04,26,13,20,0.38,0.71,1.17,5.54,56.88
2025-10-12,11-12,CR-07,Main Building,30,CLS-14,Artificial Intelligence,FAC-05,Sunday,23,1.5,1,0,74.54,17,4,3,0.35,0.17,0.16,1.25,15.79
2025-10-10,13-14,CR-11,Main Building,80,CLS-48,Python,FAC-25,Friday,71,1.0,0,1,73.02,52,55,30,1.01,1.85,0.63,10.48,69.1
2025-10-11,08-09,CR-04,Science Building,30,CLS-02,Machine Learning,FAC-06,Saturday,15,3.0,0,0,89.48,13,7,30,2.81,1.08,0.65,15.96,38.33
2025-10-17,09-10,CR-12,IT Building,80,CLS-36,Python,FAC-13,Friday,63,2.0,0,1,82.87,52,49,38,1.63,1.7,1.6,15.6,69.47
2025-10-27,09-10,CR-07,Main Building,30,CLS-26,Artificial Intelligence,FAC-02,Monday,17,1.0,0,1,86.72,15,7,21,0.79,1.52,0.81,6.61,50.21
2025-12-25,11-12,CR-19,Main Building,30,CLS-27,Software Engineering,FAC-15,Thursday,8,2.0,0,0,76.01,6,6,15,0.93,1.53,0.3,7.82,20.0
2025-06-02,16-17,CR-01,Main Building,30,CLS-42,Web Development,FAC-20,Monday,10,2.0,0,0,76.7,8,28,26,0.35,2.97,0.84,8.48,43.33
2025-10-21,13-14,CR-01,Main Building,30,CLS-32,Machine Learning,FAC-20,Tuesday,19,1.0,0,1,69.18,13,11,6,0.71,1.61,0.62,5.72,48.54
2025-06-20,11-12,CR-09,Science Building,40,CLS-37,Artificial Intelligence,FAC-06,Friday,38,1.0,0,1,68.89,26,22,2,0.66,1.59,1.02,7.2,68.49
2025-12-29,11-12,CR-16,IT Building,60,CLS-44,Machine Learning,FAC-30,Monday,42,1.5,0,1,68.95,29,44,22,0.54,1.78,1.67,9.8,58.9
2025-12-01,15-16,CR-09,Science Building,40,CLS-35,Python,FAC-13,Monday,20,1.0,0,0,70.63,14,32,8,0.64,0.53,1.21,4.97,46.25
2025-12-02,08-09,CR-08,Main Building,30,CLS-04,Computer Networks,FAC-19,Tuesday,17,1.0,0,0,78.23,13,19,21,1.27,1.56,1.29,7.59,48.33
2025-06-24,10-11,CR-04,Science Building,30,CLS-08,Software Engineering,FAC-14,Tuesday,7,3.0,1,0,97.07,7,21,2,0.72,0.42,0.01,1.38,12.94
2025-11-18,10-11,CR-08,Main Building,30,CLS-44,Statistics,FAC-28,Tuesday,25,1.0,0,0,76.7,19,9,10,1.18,0.62,0.96,6.34,55.0
2025-08-31,16-17,CR-16,IT Building,60,CLS-38,Data Science,FAC-02,Sunday,39,3.0,0,0,72.79,28,16,18,1.03,0.89,1.99,12.29,41.67
2025-12-26,13-14,CR-20,Main Building,60,CLS-28,Software Engineering,FAC-22,Friday,56,2.0,1,1,73.0,41,15,1,0.28,0.45,0.23,2.02,20.16
2025-11-10,09-10,CR-19,Main Building,30,CLS-49,Computer Networks,FAC-28,Monday,23,1.0,0,0,95.02,22,4,11,0.28,1.17,1.01,4.73,58.33
2025-07-12,09-10,CR-03,Main Building,40,CLS-10,Python,FAC-27,Saturday,14,3.0,0,0,75.51,11,13,25,2.37,3.9,2.84,19.83,28.75
2025-12-19,12-13,CR-04,Science Building,30,CLS-45,Software Engineering,FAC-25,Friday,6,1.0,0,0,96.6,6,5,28,0.82,0.81,1.13,5.98,19.17
2025-10-17,09-10,CR-20,Main Building,60,CLS-32,Machine Learning,FAC-09,Friday,14,3.0,0,0,74.39,10,26,27,0.98,3.58,0.7,13.98,23.33
2025-10-23,13-14,CR-09,Science Building,40,CLS-18,Statistics,FAC-29,Thursday,19,1.0,0,0,85.03,16,27,32,0.4,1.21,1.03,6.08,46.88
2025-06-09,14-15,CR-05,Main Building,80,CLS-45,Operating Systems,FAC-09,Monday,37,1.5,0,1,93.01,34,40,39,0.65,2.13,0.66,10.46,50.2
2025-12-31,13-14,CR-19,Main Building,30,CLS-42,Python,FAC-16,Wednesday,14,1.0,0,0,68.78,10,6,9,1.14,0.83,0.47,6.43,30.0
2025-07-07,08-09,CR-10,Main Building,80,CLS-40,Artificial Intelligence,FAC-15,Monday,75,3.0,1,0,76.82,58,67,11,0.65,0.12,0.09,2.44,14.68
2025-07-19,16-17,CR-10,Main Building,80,CLS-30,Computer Networks,FAC-25,Saturday,40,2.0,0,1,79.15,32,56,12,0.78,0.63,1.22,9.78,49.77
2025-09-09,12-13,CR-16,IT Building,60,CLS-09,Software Engineering,FAC-21,Tuesday,37,1.0,0,0,91.01,34,52,24,1.14,1.79,0.26,8.28,64.17
2025-10-11,13-14,CR-19,Main Building,30,CLS-01,Data Science,FAC-26,Saturday,27,1.5,0,1,97.68,26,18,30,0.69,1.44,0.87,8.17,84.33
2025-07-01,14-15,CR-13,IT Building,40,CLS-09,Software Engineering,FAC-13,Tuesday,21,1.0,0,0,76.74,16,14,17,1.3,1.62,1.49,8.04,38.75
2025-12-24,14-15,CR-18,IT Building,40,CLS-39,Computer Networks,FAC-16,Wednesday,28,1.0,0,0,67.97,19,29,24,1.5,1.33,1.13,9.16,53.75
2025-07-11,15-16,CR-16,IT Building,60,CLS-44,Web Development,FAC-02,Friday,22,1.0,0,0,78.42,17,17,13,0.93,1.91,0.46,7.2,28.33
2025-06-23,10-11,CR-11,Main Building,80,CLS-10,Web Development,FAC-06,Monday,28,1.0,0,0,91.14,26,61,2,0.33,0.62,0.62,5.25,43.44
2025-06-01,16-17,CR-11,Main Building,80,CLS-48,Software Engineering,FAC-27,Sunday,55,1.0,0,0,81.97,45,20,28,0.76,0.57,1.45,8.3,48.44
2025-07-17,09-10,CR-12,IT Building,80,CLS-04,Artificial Intelligence,FAC-25,Thursday,25,1.0,1,0,72.84,18,41,21,0.26,0.25,0.21,1.72,4.74
2025-06-23,11-12,CR-04,Science Building,30,CLS-33,Web Development,FAC-12,Monday,19,1.0,0,1,74.61,14,23,7,1.26,1.22,1.07,7.52,57.9
2025-07-09,11-12,CR-05,Main Building,80,CLS-09,Machine Learning,FAC-01,Wednesday,54,1.0,0,1,75.49,41,46,16,0.91,1.67,1.21,9.16,60.15
2025-07-28,09-10,CR-09,Science Building,40,CLS-45,Machine Learning,FAC-09,Monday,35,1.0,0,0,76.69,27,38,14,1.12,1.91,1.03,8.04,74.38
2025-08-07,11-12,CR-15,Main Building,30,CLS-31,Statistics,FAC-25,Thursday,23,1.0,1,0,68.46,16,5,24,0.87,0.26,0.19,1.14,6.39
2025-06-30,14-15,CR-17,Main Building,50,CLS-10,DBMS,FAC-03,Monday,23,1.5,0,1,66.88,15,40,5,0.92,2.31,0.29,8.8,47.51
2025-11-15,08-09,CR-02,Main Building,50,CLS-44,Statistics,FAC-13,Saturday,19,3.0,0,0,78.03,15,33,22,1.43,2.52,1.52,14.44,39.0
2025-09-27,16-17,CR-20,Main Building,60,CLS-49,Computer Networks,FAC-26,Saturday,25,2.0,0,0,70.56,18,41,30,0.29,2.02,2.32,9.76,39.58
2025-09-24,12-13,CR-12,IT Building,80,CLS-09,Computer Networks,FAC-07,Wednesday,65,2.0,0,1,77.22,50,30,12,2.07,1.17,2.23,15.62,62.74
2025-10-05,10-11,CR-11,Main Building,80,CLS-20,Web Development,FAC-24,Sunday,27,1.0,1,0,66.81,18,37,20,0.94,0.28,0.33,2.03,3.84
2025-09-28,16-17,CR-18,IT Building,40,CLS-49,Data Science,FAC-18,Sunday,8,1.0,0,0,70.5,6,22,21,0.31,1.09,1.32,5.28,25.0
2025-09-02,11-12,CR-18,IT Building,40,CLS-48,Software Engineering,FAC-06,Tuesday,24,1.5,0,0,89.91,22,22,28,1.16,1.64,0.48,8.84,55.0
2025-09-10,15-16,CR-14,IT Building,80,CLS-25,Computer Networks,FAC-23,Wednesday,18,2.0,0,1,86.66,16,75,19,1.3,2.91,2.23,14.6,42.36
2025-11-26,16-17,CR-15,Main Building,30,CLS-06,Data Science,FAC-02,Wednesday,26,1.5,0,0,86.27,22,6,21,0.9,1.74,1.26,7.79,60.0
2025-12-28,11-12,CR-13,IT Building,40,CLS-36,Artificial Intelligence,FAC-20,Sunday,14,1.0,0,0,78.43,11,31,8,0.97,1.14,0.58,5.91,40.0
2025-06-25,08-09,CR-16,IT Building,60,CLS-19,Machine Learning,FAC-09,Wednesday,28,1.0,0,0,90.11,25,9,24,0.91,0.6,0.71,7.03,35.0
2025-06-21,12-13,CR-10,Main Building,80,CLS-23,Data Science,FAC-19,Saturday,66,3.0,0,0,75.67,50,51,22,2.83,0.77,2.89,20.72,62.81
2025-11-29,15-16,CR-10,Main Building,80,CLS-18,DBMS,FAC-07,Saturday,20,2.0,0,0,73.11,15,24,7,0.27,1.58,1.06,8.23,21.56
2025-11-22,13-14,CR-08,Main Building,30,CLS-15,DBMS,FAC-29,Saturday,14,3.0,0,0,92.8,13,9,19,1.35,2.0,0.66,11.8,40.0
2025-09-19,15-16,CR-01,Main Building,30,CLS-06,Python,FAC-25,Friday,7,2.0,0,0,66.57,5,11,9,1.69,0.66,1.9,9.37,21.67
2025-08-17,15-16,CR-12,IT Building,80,CLS-48,Software Engineering,FAC-23,Sunday,38,3.0,0,0,82.8,31,20,33,0.75,2.04,2.45,14.73,35.31
2025-10-13,16-17,CR-03,Main Building,40,CLS-31,Software Engineering,FAC-13,Monday,9,2.0,0,0,80.24,7,29,36,0.58,2.31,0.67,8.9,31.25
2025-10-30,10-11,CR-16,IT Building,60,CLS-39,Web Development,FAC-07,Thursday,41,1.5,0,1,79.97,33,17,31,1.74,1.92,0.31,12.67,55.75
2025-10-28,08-09,CR-07,Main Building,30,CLS-14,Machine Learning,FAC-06,Tuesday,11,1.0,0,1,74.77,8,14,8,1.34,0.53,0.93,7.06,37.01
2025-09-21,08-09,CR-10,Main Building,80,CLS-29,DBMS,FAC-22,Sunday,23,1.0,1,1,90.1,21,39,25,0.73,0.35,0.41,2.15,7.18
2025-09-29,15-16,CR-09,Science Building,40,CLS-01,Operating Systems,FAC-01,Monday,15,1.5,0,0,86.31,13,28,25,0.95,1.44,1.5,8.33,41.88
2025-06-04,08-09,CR-15,Main Building,30,CLS-25,Data Science,FAC-06,Wednesday,23,3.0,0,0,76.29,18,9,25,2.81,2.52,0.74,17.97,52.5
2025-11-23,16-17,CR-05,Main Building,80,CLS-08,Statistics,FAC-27,Sunday,75,1.0,0,0,86.9,65,33,30,1.49,1.74,1.18,11.07,71.25
2025-10-21,12-13,CR-15,Main Building,30,CLS-09,Computer Networks,FAC-09,Tuesday,28,3.0,0,1,82.35,23,10,6,2.7,1.65,0.42,16.42,72.94
2025-08-16,13-14,CR-19,Main Building,30,CLS-28,Statistics,FAC-06,Saturday,27,3.0,0,0,80.71,22,16,21,0.99,3.0,2.88,14.39,68.33
2025-09-10,08-09,CR-09,Science Building,40,CLS-35,Artificial Intelligence,FAC-08,Wednesday,11,1.0,0,0,79.95,9,22,13,1.21,1.76,1.14,7.69,30.62
2025-08-27,16-17,CR-09,Science Building,40,CLS-38,Software Engineering,FAC-03,Wednesday,11,2.0,1,0,81.76,9,33,22,0.63,0.35,0.13,2.0,4.85
2025-08-06,10-11,CR-04,Science Building,30,CLS-02,Computer Networks,FAC-24,Wednesday,13,1.5,0,0,89.32,12,19,24,1.41,1.59,1.79,9.45,45.83
2025-11-29,08-09,CR-10,Main Building,80,CLS-36,DBMS,FAC-26,Saturday,40,1.0,1,1,79.81,32,24,5,0.06,0.42,0.34,1.37,13.88
2025-10-27,13-14,CR-12,IT Building,80,CLS-48,Software Engineering,FAC-26,Monday,56,2.0,0,1,92.17,52,45,10,1.84,0.83,1.75,13.84,65.25
2025-08-03,15-16,CR-19,Main Building,30,CLS-49,DBMS,FAC-30,Sunday,9,1.0,0,0,94.34,8,26,12,0.78,1.12,0.8,6.0,41.67
2025-08-26,15-16,CR-06,IT Building,80,CLS-32,Computer Networks,FAC-15,Tuesday,43,2.0,0,0,71.69,31,74,23,1.75,2.12,2.28,14.74,52.19
2025-10-24,11-12,CR-12,IT Building,80,CLS-36,Computer Networks,FAC-03,Friday,29,3.0,0,0,92.42,27,74,16,2.83,3.54,2.64,21.99,48.44
2025-10-31,09-10,CR-19,Main Building,30,CLS-23,DBMS,FAC-25,Friday,23,1.0,0,1,66.86,15,13,5,1.1,0.99,0.83,7.1,52.93
2025-10-04,10-11,CR-07,Main Building,30,CLS-13,Statistics,FAC-20,Saturday,6,2.0,0,0,87.5,5,7,11,2.3,2.56,1.26,12.54,18.33
2025-06-08,08-09,CR-04,Science Building,30,CLS-05,Machine Learning,FAC-08,Sunday,25,1.0,0,0,77.29,19,20,30,0.39,1.96,0.97,6.31,64.17
2025-06-01,12-13,CR-10,Main Building,80,CLS-12,DBMS,FAC-14,Sunday,32,1.5,0,0,69.22,22,21,16,0.87,1.59,1.18,9.29,27.19
2025-10-28,08-09,CR-03,Main Building,40,CLS-01,Software Engineering,FAC-13,Tuesday,11,3.0,0,0,69.55,8,35,38,0.36,1.83,1.96,10.55,36.88
2025-06-05,12-13,CR-20,Main Building,60,CLS-37,Machine Learning,FAC-11,Thursday,42,1.0,0,0,68.69,29,33,29,0.64,1.13,0.45,6.84,50.0
2025-11-04,14-15,CR-15,Main Building,30,CLS-43,DBMS,FAC-13,Tuesday,20,1.0,0,1,66.54,13,25,12,0.9,0.87,0.37,6.08,56.04
2025-12-23,10-11,CR-07,Main Building,30,CLS-30,Data Science,FAC-14,Tuesday,15,1.0,1,0,78.99,12,5,11,0.92,0.36,0.41,1.43,8.63
2025-09-08,15-16,CR-06,IT Building,80,CLS-18,Artificial Intelligence,FAC-20,Monday,46,1.0,1,0,77.06,35,58,28,0.18,0.34,0.5,1.84,14.54
2025-07-11,15-16,CR-15,Main Building,30,CLS-01,Machine Learning,FAC-04,Friday,27,1.0,0,1,80.42,22,7,26,1.15,1.24,0.79,7.96,68.62
2025-11-21,15-16,CR-07,Main Building,30,CLS-41,Data Science,FAC-24,Friday,19,1.0,0,0,77.11,15,20,10,1.19,1.81,1.35,6.86,54.17
2025-09-13,16-17,CR-18,IT Building,40,CLS-45,Software Engineering,FAC-28,Saturday,28,2.0,0,0,72.51,20,10,2,2.27,1.35,0.95,11.54,43.75
2025-12-11,16-17,CR-11,Main Building,80,CLS-44,Statistics,FAC-16,Thursday,28,1.0,0,0,66.75,19,73,37,0.72,1.58,0.66,8.51,40.62
2025-08-15,11-12,CR-07,Main Building,30,CLS-27,Web Development,FAC-09,Friday,21,1.0,0,0,85.78,18,10,4,1.08,1.6,1.37,6.64,53.33
2025-10-04,14-15,CR-16,IT Building,60,CLS-43,Computer Networks,FAC-29,Saturday,34,2.0,0,0,75.52,26,56,21,1.22,2.28,0.28,10.84,55.83
2025-10-11,15-16,CR-13,IT Building,40,CLS-25,Statistics,FAC-09,Saturday,34,2.0,1,0,75.42,26,34,5,0.78,0.34,0.37,1.76,14.33
2025-11-08,11-12,CR-09,Science Building,40,CLS-29,Web Development,FAC-28,Saturday,18,2.0,0,0,87.51,16,22,1,1.24,2.96,1.53,10.87,43.75
2025-12-16,13-14,CR-08,Main Building,30,CLS-29,Operating Systems,FAC-06,Tuesday,25,2.0,0,1,71.69,18,27,8,0.91,2.23,2.33,10.42,73.58
2025-12-09,16-17,CR-20,Main Building,60,CLS-26,Artificial Intelligence,FAC-29,Tuesday,26,2.0,0,0,86.79,23,30,1,0.99,2.69,0.49,9.42,41.25
2025-07-31,15-16,CR-12,IT Building,80,CLS-18,Software Engineering,FAC-28,Thursday,76,1.0,0,1,66.25,50,12,23,0.51,0.93,0.39,8.43,54.0
2025-07-26,11-12,CR-18,IT Building,40,CLS-24,Computer Networks,FAC-19,Saturday,14,1.0,1,1,72.44,10,13,15,0.24,0.29,0.28,0.77,6.7
2025-12-07,16-17,CR-02,Main Building,50,CLS-45,Web Development,FAC-26,Sunday,11,1.5,0,0,90.37,10,20,3,1.58,1.84,1.04,9.43,25.0
2025-12-23,12-13,CR-03,Main Building,40,CLS-23,Python,FAC-24,Tuesday,36,1.5,0,0,97.68,35,22,1,1.68,0.59,0.81,8.69,79.38
2025-08-20,09-10,CR-02,Main Building,50,CLS-48,Data Science,FAC-14,Wednesday,33,2.0,0,1,83.87,28,35,40,1.87,1.88,2.02,15.01,64.99
2025-07-23,11-12,CR-10,Main Building,80,CLS-26,Operating Systems,FAC-09,Wednesday,57,1.5,0,0,66.78,38,67,2,1.25,1.88,0.82,10.03,56.56
2025-08-03,11-12,CR-05,Main Building,80,CLS-32,DBMS,FAC-27,Sunday,66,2.0,0,0,85.25,56,45,7,0.37,0.75,1.83,9.29,66.56
2025-08-25,10-11,CR-02,Main Building,50,CLS-46,Statistics,FAC-10,Monday,14,1.0,0,0,92.45,13,18,40,1.32,0.76,0.86,7.85,28.5
2025-10-04,14-15,CR-02,Main Building,50,CLS-31,Software Engineering,FAC-04,Saturday,30,1.0,0,0,89.22,27,40,16,1.22,1.68,0.54,8.0,60.5
2025-10-30,15-16,CR-16,IT Building,60,CLS-37,Operating Systems,FAC-07,Thursday,45,1.0,0,0,89.46,40,36,5,0.65,0.66,1.15,6.01,65.0
2025-08-07,12-13,CR-07,Main Building,30,CLS-21,Operating Systems,FAC-28,Thursday,26,1.0,0,0,74.89,19,20,18,0.46,0.72,0.64,4.58,64.17
2025-07-24,13-14,CR-01,Main Building,30,CLS-23,Data Science,FAC-14,Thursday,7,1.0,0,0,65.68,5,27,12,0.37,0.94,1.07,4.99,35.0
2025-10-14,15-16,CR-11,Main Building,80,CLS-28,Operating Systems,FAC-02,Tuesday,46,1.0,1,1,68.25,31,27,10,0.56,0.06,0.11,1.44,7.4
2025-12-02,14-15,CR-04,Science Building,30,CLS-14,Statistics,FAC-04,Tuesday,10,1.0,0,0,92.42,9,12,11,0.37,0.72,0.63,4.78,32.5
2025-11-01,16-17,CR-10,Main Building,80,CLS-44,Machine Learning,FAC-23,Saturday,63,1.0,0,0,90.27,57,64,32,0.63,1.11,0.63,8.47,73.44
2025-09-23,08-09,CR-11,Main Building,80,CLS-45,Software Engineering,FAC-25,Tuesday,16,1.5,0,0,86.73,14,17,40,1.15,0.68,1.37,9.94,18.44
2025-12-23,14-15,CR-12,IT Building,80,CLS-08,Python,FAC-27,Tuesday,43,1.0,0,0,70.13,30,16,29,0.77,1.44,1.23,8.85,33.12
2025-10-14,11-12,CR-18,IT Building,40,CLS-44,Web Development,FAC-15,Tuesday,24,2.0,0,1,69.92,17,18,0,1.03,0.61,1.87,9.09,46.49
2025-10-11,13-14,CR-15,Main Building,30,CLS-14,Computer Networks,FAC-30,Saturday,16,2.0,0,0,96.44,15,13,28,0.84,0.72,1.32,8.08,48.33
2025-08-07,10-11,CR-16,IT Building,60,CLS-12,Software Engineering,FAC-02,Thursday,51,1.0,0,0,66.54,34,37,35,1.47,1.74,0.41,10.0,57.92
2025-12-27,16-17,CR-08,Main Building,30,CLS-43,Computer Networks,FAC-26,Saturday,14,1.0,1,0,95.42,13,17,15,0.45,0.19,0.23,1.12,15.09
2025-08-23,16-17,CR-09,Science Building,40,CLS-17,Web Development,FAC-29,Saturday,9,2.0,0,1,66.96,6,26,37,2.4,0.87,1.93,14.81,30.79
2025-07-22,10-11,CR-02,Main Building,50,CLS-30,Artificial Intelligence,FAC-14,Tuesday,10,3.0,1,0,85.99,9,16,27,0.19,0.09,0.44,2.08,6.14
2025-12-17,08-09,CR-04,Science Building,30,CLS-48,Artificial Intelligence,FAC-06,Wednesday,12,3.0,1,0,81.63,10,8,19,0.73,0.24,0.14,1.53,12.17
2025-11-16,14-15,CR-13,IT Building,40,CLS-13,DBMS,FAC-01,Sunday,38,2.0,0,0,76.99,29,28,25,2.18,1.67,0.73,12.7,71.88
2025-08-30,12-13,CR-01,Main Building,30,CLS-16,Python,FAC-15,Saturday,25,2.0,0,0,72.83,18,15,8,1.81,2.45,0.79,11.49,57.5
2025-12-24,08-09,CR-06,IT Building,80,CLS-44,Operating Systems,FAC-07,Wednesday,75,1.0,0,0,73.48,55,30,40,0.63,1.4,0.46,8.81,60.94
2025-11-03,13-14,CR-07,Main Building,30,CLS-06,Software Engineering,FAC-30,Monday,16,1.0,0,0,90.71,15,8,6,0.88,1.05,0.79,5.53,44.17
2025-06-21,16-17,CR-05,Main Building,80,CLS-45,Python,FAC-25,Saturday,60,3.0,0,1,77.82,47,28,3,2.89,3.19,0.82,22.54,56.62
2025-07-02,08-09,CR-19,Main Building,30,CLS-16,Python,FAC-30,Wednesday,17,1.0,0,0,85.23,14,26,14,0.84,1.72,1.21,6.14,56.67
2025-07-26,16-17,CR-12,IT Building,80,CLS-29,Operating Systems,FAC-20,Saturday,44,1.0,0,1,81.67,36,31,17,1.32,1.63,1.22,10.42,50.42
2025-08-24,13-14,CR-08,Main Building,30,CLS-34,Machine Learning,FAC-12,Sunday,8,2.0,0,0,90.48,7,8,27,2.33,0.66,1.66,12.03,24.17
2025-11-21,11-12,CR-17,Main Building,50,CLS-09,Computer Networks,FAC-30,Friday,27,3.0,0,1,69.77,19,29,6,1.64,1.05,0.6,12.69,48.03
2025-07-18,13-14,CR-12,IT Building,80,CLS-42,Operating Systems,FAC-22,Friday,42,3.0,0,1,75.65,32,22,21,0.71,3.8,1.13,16.08,44.31
2025-10-30,08-09,CR-08,Main Building,30,CLS-04,Software Engineering,FAC-04,Thursday,24,1.5,1,1,76.02,18,14,27,0.84,0.32,0.36,1.84,19.51
2025-09-25,14-15,CR-04,Science Building,30,CLS-44,Artificial Intelligence,FAC-01,Thursday,28,3.0,0,1,71.83,20,21,9,2.97,3.41,1.87,21.35,73.01
2025-06-30,13-14,CR-01,Main Building,30,CLS-33,Statistics,FAC-05,Monday,26,1.0,0,0,86.86,23,26,9,1.06,0.59,0.52,5.86,79.17
2025-06-11,11-12,CR-11,Main Building,80,CLS-02,Operating Systems,FAC-30,Wednesday,70,1.5,0,0,77.49,54,56,22,1.58,1.55,0.27,11.51,68.12
2025-11-01,11-12,CR-12,IT Building,80,CLS-22,Software Engineering,FAC-17,Saturday,20,3.0,0,1,89.3,18,29,9,2.26,1.08,2.88,18.47,30.62
2025-12-16,13-14,CR-10,Main Building,80,CLS-29,Operating Systems,FAC-21,Tuesday,47,1.5,0,0,68.79,32,35,23,1.31,1.25,0.87,10.03,40.94
2025-08-12,09-10,CR-05,Main Building,80,CLS-14,Software Engineering,FAC-15,Tuesday,25,3.0,0,1,92.29,23,43,30,0.28,3.29,1.82,14.65,40.58
2025-11-05,08-09,CR-01,Main Building,30,CLS-32,Python,FAC-23,Wednesday,15,3.0,0,0,66.83,10,23,9,0.39,3.59,2.56,11.75,44.17
2025-10-19,12-13,CR-19,Main Building,30,CLS-45,Computer Networks,FAC-15,Sunday,14,2.0,0,0,76.41,11,17,4,1.64,1.72,2.43,11.12,41.67
2025-07-21,13-14,CR-14,IT Building,80,CLS-43,Operating Systems,FAC-04,Monday,25,1.0,0,1,88.39,22,40,21,1.45,1.36,0.36,9.47,40.53
2025-07-14,15-16,CR-14,IT Building,80,CLS-29,Web Development,FAC-20,Monday,62,3.0,0,0,84.71,53,50,7,2.14,1.27,1.33,16.2,65.31
2025-12-18,10-11,CR-05,Main Building,80,CLS-32,Data Science,FAC-22,Thursday,46,1.5,0,0,77.37,36,20,18,0.48,2.38,1.56,9.95,40.0
2025-12-27,13-14,CR-04,Science Building,30,CLS-45,DBMS,FAC-09,Saturday,9,1.5,1,0,65.04,6,5,10,0.77,0.37,0.0,1.58,3.54
2025-09-02,13-14,CR-18,IT Building,40,CLS-16,Web Development,FAC-12,Tuesday,19,2.0,0,0,79.94,15,33,11,2.0,1.56,0.6,10.77,48.75
2025-07-02,14-15,CR-18,IT Building,40,CLS-43,DBMS,FAC-07,Wednesday,19,3.0,1,0,97.22,18,32,26,0.24,0.36,0.07,1.45,13.58
2025-10-22,13-14,CR-01,Main Building,30,CLS-20,Statistics,FAC-03,Wednesday,6,2.0,0,0,71.34,4,13,6,1.26,0.89,1.51,7.84,20.83
2025-06-21,15-16,CR-03,Main Building,40,CLS-24,Artificial Intelligence,FAC-22,Saturday,23,2.0,0,0,86.9,20,11,40,0.39,2.68,0.67,9.44,44.38
2025-12-01,15-16,CR-19,Main Building,30,CLS-15,DBMS,FAC-13,Monday,23,1.5,0,1,80.47,19,25,30,1.12,0.76,1.66,8.8,71.79
2025-06-18,14-15,CR-02,Main Building,50,CLS-34,Statistics,FAC-29,Wednesday,43,2.0,0,0,85.36,37,8,5,0.55,1.43,2.07,8.51,59.5
2025-06-09,13-14,CR-12,IT Building,80,CLS-49,Software Engineering,FAC-07,Monday,54,1.0,0,0,77.3,42,59,13,0.55,1.28,1.3,7.68,57.81
2025-07-15,08-09,CR-06,IT Building,80,CLS-26,Web Development,FAC-02,Tuesday,18,2.0,1,0,79.4,14,42,13,0.43,0.45,0.29,1.3,10.03
2025-09-19,11-12,CR-16,IT Building,60,CLS-38,Python,FAC-06,Friday,12,2.0,1,0,85.05,10,43,35,0.58,0.2,0.5,1.95,8.85
2025-10-11,10-11,CR-03,Main Building,40,CLS-36,Software Engineering,FAC-20,Saturday,14,2.0,0,0,94.1,13,34,33,1.94,1.84,1.29,12.51,45.62
2025-06-26,14-15,CR-15,Main Building,30,CLS-28,Computer Networks,FAC-08,Thursday,14,3.0,0,0,90.54,13,21,7,1.5,3.59,0.66,13.29,50.0
2025-08-16,16-17,CR-03,Main Building,40,CLS-12,Web Development,FAC-06,Saturday,31,3.0,0,0,81.78,25,24,30,2.03,2.31,2.7,17.35,61.88
2025-08-11,10-11,CR-14,IT Building,80,CLS-20,Web Development,FAC-28,Monday,17,1.0,0,1,89.2,15,36,10,0.76,1.44,1.21,8.37,31.88
2025-11-01,14-15,CR-14,IT Building,80,CLS-16,Operating Systems,FAC-20,Saturday,66,2.0,0,1,83.09,55,23,35,1.46,0.72,1.17,13.17,63.6
2025-12-29,12-13,CR-09,Science Building,40,CLS-40,Statistics,FAC-06,Monday,17,1.5,0,0,94.73,16,11,19,1.84,2.14,0.91,11.22,36.88
2025-08-05,14-15,CR-20,Main Building,60,CLS-14,Statistics,FAC-20,Tuesday,57,1.0,0,0,88.67,51,29,21,0.74,0.85,0.68,7.12,75.83
2025-12-24,14-15,CR-13,IT Building,40,CLS-20,Data Science,FAC-07,Wednesday,27,1.0,0,0,80.2,22,30,37,1.44,0.97,1.38,8.62,60.0
2025-12-12,08-09,CR-18,IT Building,40,CLS-37,Computer Networks,FAC-09,Friday,32,2.0,0,0,72.55,23,32,33,0.68,1.8,1.76,9.41,63.12
2025-06-17,09-10,CR-18,IT Building,40,CLS-12,Data Science,FAC-19,Tuesday,33,3.0,0,0,88.52,29,14,17,1.66,1.06,2.71,14.14,63.12
2025-09-07,16-17,CR-16,IT Building,60,CLS-09,Data Science,FAC-29,Sunday,15,1.0,0,0,74.67,11,23,31,1.16,1.67,1.45,9.42,23.33
2025-11-28,16-17,CR-09,Science Building,40,CLS-04,Computer Networks,FAC-22,Friday,30,1.0,0,1,76.05,23,32,31,1.1,1.2,0.8,8.29,70.64
2025-11-28,16-17,CR-11,Main Building,80,CLS-32,Software Engineering,FAC-08,Friday,19,1.0,0,0,93.23,18,61,20,0.31,1.82,1.32,6.36,35.94
2025-11-20,15-16,CR-13,IT Building,40,CLS-42,Artificial Intelligence,FAC-27,Thursday,33,1.5,0,0,76.94,25,6,3,1.99,0.72,1.28,10.23,50.62
2025-08-30,13-14,CR-03,Main Building,40,CLS-48,Data Science,FAC-30,Saturday,20,2.0,1,0,87.5,18,33,16,0.93,0.39,0.32,1.7,15.86
2025-11-02,12-13,CR-07,Main Building,30,CLS-27,DBMS,FAC-06,Sunday,20,1.0,0,0,69.58,14,7,8,1.35,1.62,1.2,7.36,40.83
2025-09-20,13-14,CR-07,Main Building,30,CLS-17,Web Development,FAC-06,Saturday,7,1.0,0,0,86.52,6,6,21,0.88,0.72,0.66,5.82,20.0
2025-10-09,14-15,CR-15,Main Building,30,CLS-17,Operating Systems,FAC-23,Thursday,9,3.0,0,0,70.29,6,5,7,2.18,2.92,1.51,15.42,19.17
2025-08-23,09-10,CR-19,Main Building,30,CLS-06,Statistics,FAC-17,Saturday,17,2.0,1,0,69.46,12,14,13,0.31,0.16,0.35,0.99,8.84
2025-06-26,11-12,CR-08,Main Building,30,CLS-21,Software Engineering,FAC-11,Thursday,7,2.0,0,0,88.73,6,10,29,1.75,2.37,0.68,11.7,23.33
2025-07-18,10-11,CR-19,Main Building,30,CLS-33,Operating Systems,FAC-29,Friday,19,1.5,1,0,70.2,13,9,27,0.24,0.18,0.4,1.24,9.88
2025-10-30,08-09,CR-09,Science Building,40,CLS-09,DBMS,FAC-07,Thursday,25,1.0,0,0,66.93,17,8,32,0.26,1.55,0.6,5.98,36.88
2025-11-05,09-10,CR-16,IT Building,60,CLS-03,Python,FAC-12,Wednesday,21,1.0,0,0,76.02,16,42,17,0.93,0.65,1.05,7.14,37.5
2025-08-29,15-16,CR-10,Main Building,80,CLS-38,Computer Networks,FAC-12,Friday,55,2.0,0,0,92.52,51,28,30,0.64,2.83,1.44,11.86,56.56
2025-06-05,10-11,CR-12,IT Building,80,CLS-40,Statistics,FAC-14,Thursday,22,1.0,0,0,95.46,21,52,32,0.51,1.41,0.75,7.55,35.94
2025-12-28,11-12,CR-02,Main Building,50,CLS-20,Python,FAC-21,Sunday,40,1.5,1,0,81.32,33,14,14,0.91,0.19,0.11,1.99,6.33
2025-06-20,08-09,CR-20,Main Building,60,CLS-49,Data Science,FAC-29,Friday,20,1.0,0,1,85.07,17,46,29,1.03,1.16,0.86,8.35,44.14
2025-12-23,11-12,CR-15,Main Building,30,CLS-08,Web Development,FAC-15,Tuesday,13,3.0,0,0,97.19,13,13,7,2.25,3.7,1.09,16.42,43.33
2025-06-22,10-11,CR-15,Main Building,30,CLS-19,DBMS,FAC-26,Sunday,8,1.0,0,0,89.48,7,17,11,1.14,0.94,0.94,6.22,31.67
2025-09-10,08-09,CR-06,IT Building,80,CLS-15,DBMS,FAC-13,Wednesday,21,1.5,0,0,92.3,19,14,26,1.71,2.2,1.66,12.96,22.19
2025-12-13,10-11,CR-09,Science Building,40,CLS-30,Artificial Intelligence,FAC-11,Saturday,18,1.0,0,0,81.11,15,14,3,0.73,1.75,0.86,6.16,36.88
2025-11-20,11-12,CR-13,IT Building,40,CLS-41,Operating Systems,FAC-24,Thursday,9,1.0,0,0,69.68,6,13,0,1.11,1.0,0.58,5.54,19.38
2025-06-02,13-14,CR-14,IT Building,80,CLS-36,Operating Systems,FAC-02,Monday,43,2.0,0,0,96.56,42,71,4,2.0,2.47,1.65,14.47,61.56
2025-12-15,09-10,CR-06,IT Building,80,CLS-06,Software Engineering,FAC-03,Monday,70,1.5,0,1,84.76,59,37,11,1.93,0.88,1.9,13.44,74.71
2025-09-02,11-12,CR-19,Main Building,30,CLS-15,DBMS,FAC-01,Tuesday,26,3.0,0,0,78.25,20,20,9,1.7,0.93,1.74,12.68,66.67
2025-12-05,13-14,CR-03,Main Building,40,CLS-27,Artificial Intelligence,FAC-16,Friday,34,1.0,0,1,72.14,25,24,12,0.88,1.95,1.43,8.16,64.75
2025-06-28,16-17,CR-08,Main Building,30,CLS-03,Data Science,FAC-09,Saturday,11,1.5,1,0,87.56,10,17,23,0.8,0.09,0.36,1.21,10.12
2025-08-25,13-14,CR-04,Science Building,30,CLS-37,Python,FAC-05,Monday,7,1.0,0,0,68.73,5,14,22,0.39,1.59,0.43,5.29,24.17
2025-08-18,16-17,CR-17,Main Building,50,CLS-03,Artificial Intelligence,FAC-04,Monday,13,2.0,0,0,80.44,10,25,25,1.05,1.88,1.84,10.64,27.5
2025-12-16,13-14,CR-08,Main Building,30,CLS-15,Computer Networks,FAC-07,Tuesday,13,1.0,0,0,80.32,10,26,24,0.75,1.79,0.66,7.0,46.67
2025-09-03,12-13,CR-07,Main Building,30,CLS-30,Python,FAC-01,Wednesday,24,3.0,0,0,73.56,18,7,12,2.29,1.76,2.58,16.5,50.83
2025-12-15,12-13,CR-08,Main Building,30,CLS-29,Operating Systems,FAC-02,Monday,26,2.0,0,0,66.49,17,18,0,1.12,1.36,2.09,8.77,57.5
2025-12-30,12-13,CR-15,Main Building,30,CLS-04,Machine Learning,FAC-27,Tuesday,11,1.0,1,1,96.91,11,9,17,0.46,0.41,0.35,1.21,14.85
2025-07-28,11-12,CR-19,Main Building,30,CLS-48,Operating Systems,FAC-03,Monday,20,2.0,0,0,82.67,17,16,16,0.29,1.13,2.32,7.15,55.83
2025-06-28,15-16,CR-13,IT Building,40,CLS-39,Operating Systems,FAC-12,Saturday,9,1.0,0,0,95.56,9,37,15,1.25,1.97,1.26,7.97,40.0
2025-11-24,11-12,CR-01,Main Building,30,CLS-49,Machine Learning,FAC-02,Monday,27,1.0,1,0,92.97,25,22,2,0.86,0.31,0.46,0.85,26.86
2025-11-03,16-17,CR-07,Main Building,30,CLS-16,Machine Learning,FAC-16,Monday,24,1.0,0,0,81.5,20,24,15,1.36,1.18,0.6,7.15,70.0
2025-06-08,16-17,CR-20,Main Building,60,CLS-46,Web Development,FAC-24,Sunday,31,1.0,0,0,81.61,25,54,40,0.66,1.49,1.49,8.38,53.75
2025-08-15,13-14,CR-05,Main Building,80,CLS-48,Artificial Intelligence,FAC-19,Friday,28,3.0,0,0,65.84,18,14,31,2.72,0.51,1.25,18.02,21.25
2025-09-06,13-14,CR-01,Main Building,30,CLS-37,Web Development,FAC-13,Saturday,11,3.0,0,0,66.67,7,21,28,1.77,1.53,0.62,12.76,35.0
2025-11-13,13-14,CR-14,IT Building,80,CLS-10,Data Science,FAC-15,Thursday,23,2.0,1,0,90.47,21,64,1,0.22,0.11,0.14,1.79,13.02
2025-12-30,14-15,CR-03,Main Building,40,CLS-08,Software Engineering,FAC-14,Tuesday,24,3.0,0,0,65.58,16,7,38,0.92,2.01,1.16,12.68,34.38
2025-12-19,11-12,CR-14,IT Building,80,CLS-01,Statistics,FAC-21,Friday,20,2.0,0,1,94.18,19,12,35,2.02,2.06,1.01,15.71,23.97
2025-09-28,08-09,CR-02,Main Building,50,CLS-13,Data Science,FAC-16,Sunday,35,2.0,0,1,84.63,30,8,22,2.02,2.37,1.54,15.12,56.57
2025-12-23,16-17,CR-15,Main Building,30,CLS-30,Operating Systems,FAC-28,Tuesday,21,3.0,0,0,75.3,16,12,21,2.3,1.22,2.39,15.93,50.0
2025-10-29,15-16,CR-05,Main Building,80,CLS-45,Computer Networks,FAC-17,Wednesday,24,1.0,0,1,80.61,19,54,27,0.49,0.65,1.18,7.55,40.57
2025-12-15,14-15,CR-10,Main Building,80,CLS-28,Python,FAC-16,Monday,44,1.0,1,0,94.25,41,58,24,0.65,0.07,0.47,1.64,17.46
2025-10-23,09-10,CR-19,Main Building,30,CLS-11,Data Science,FAC-02,Thursday,17,3.0,0,0,84.63,14,15,12,2.39,3.08,2.91,18.27,47.5
2025-08-01,15-16,CR-10,Main Building,80,CLS-47,Software Engineering,FAC-26,Friday,58,2.0,0,0,68.79,40,17,3,1.56,2.23,2.25,13.96,42.81
2025-10-05,13-14,CR-04,Science Building,30,CLS-28,Operating Systems,FAC-24,Sunday,14,3.0,1,1,79.1,11,17,20,0.42,0.13,0.41,1.7,9.72
2025-07-01,16-17,CR-05,Main Building,80,CLS-47,Machine Learning,FAC-16,Tuesday,62,1.5,0,1,97.53,60,69,18,0.7,0.61,1.68,9.81,82.81
2025-11-03,11-12,CR-12,IT Building,80,CLS-40,Statistics,FAC-22,Monday,59,1.0,1,1,73.32,43,51,13,0.07,0.25,0.04,1.4,13.02
2025-11-02,15-16,CR-04,Science Building,30,CLS-12,Artificial Intelligence,FAC-05,Sunday,7,3.0,0,1,73.64,5,10,1,0.6,1.28,0.54,7.97,27.02
2025-08-05,14-15,CR-19,Main Building,30,CLS-08,Data Science,FAC-13,Tuesday,21,1.0,0,0,87.35,18,22,13,1.02,1.56,1.29,7.02,63.33
2025-10-28,11-12,CR-07,Main Building,30,CLS-24,DBMS,FAC-22,Tuesday,7,1.0,1,0,93.96,7,11,24,0.64,0.45,0.27,1.37,7.11
2025-10-21,11-12,CR-02,Main Building,50,CLS-21,Computer Networks,FAC-17,Tuesday,18,2.0,1,0,82.87,15,30,14,0.91,0.02,0.2,1.6,6.4
2025-08-24,10-11,CR-14,IT Building,80,CLS-45,Data Science,FAC-02,Sunday,24,2.0,1,0,96.28,23,74,16,0.25,0.47,0.48,1.73,10.9
2025-07-02,09-10,CR-06,IT Building,80,CLS-36,Data Science,FAC-13,Wednesday,53,3.0,1,1,86.35,46,37,18,0.87,0.39,0.32,3.17,8.36
2025-07-30,10-11,CR-05,Main Building,80,CLS-09,Statistics,FAC-08,Wednesday,21,1.5,1,0,97.41,20,67,21,0.69,0.49,0.03,1.72,14.75
2025-06-03,11-12,CR-19,Main Building,30,CLS-42,Web Development,FAC-22,Tuesday,20,1.0,1,0,77.7,16,14,10,0.78,0.08,0.49,0.9,20.13
2025-11-25,15-16,CR-16,IT Building,60,CLS-50,Statistics,FAC-03,Tuesday,41,1.0,0,0,75.4,31,17,19,0.79,0.91,0.97,6.96,45.83
2025-07-25,12-13,CR-11,Main Building,80,CLS-14,Artificial Intelligence,FAC-08,Friday,48,2.0,0,0,72.77,35,54,31,2.03,0.73,1.23,13.82,49.69
2025-08-30,08-09,CR-19,Main Building,30,CLS-10,Operating Systems,FAC-06,Saturday,7,2.0,0,1,65.76,5,5,23,1.03,2.25,0.45,9.62,23.39
2025-09-06,13-14,CR-15,Main Building,30,CLS-42,Artificial Intelligence,FAC-14,Saturday,11,2.0,0,0,65.17,7,10,18,1.17,2.07,1.0,9.45,25.83
2025-06-26,14-15,CR-18,IT Building,40,CLS-25,Operating Systems,FAC-01,Thursday,33,2.0,0,0,92.61,31,26,1,1.86,1.38,1.9,11.37,74.38
2025-09-11,12-13,CR-08,Main Building,30,CLS-50,Statistics,FAC-21,Thursday,14,1.0,0,0,81.43,11,26,2,0.93,0.95,1.08,5.25,49.17
2025-06-05,12-13,CR-05,Main Building,80,CLS-32,Statistics,FAC-16,Thursday,32,2.0,0,0,86.29,28,47,37,1.55,0.78,1.32,12.34,40.94
2025-07-09,09-10,CR-01,Main Building,30,CLS-07,Software Engineering,FAC-26,Wednesday,8,2.0,0,1,95.42,8,17,19,1.33,0.53,1.24,8.69,41.53
2025-11-07,09-10,CR-07,Main Building,30,CLS-10,Statistics,FAC-08,Friday,17,1.5,0,0,92.08,16,20,9,1.62,1.53,0.69,9.35,56.67
2025-12-21,16-17,CR-03,Main Building,40,CLS-07,Machine Learning,FAC-11,Sunday,30,1.5,0,0,98.0,29,25,29,1.38,1.89,1.11,9.76,70.0
2025-09-03,14-15,CR-02,Main Building,50,CLS-42,Machine Learning,FAC-28,Wednesday,36,1.0,1,0,76.7,28,31,11,0.81,0.25,0.5,1.25,10.96
2025-08-25,13-14,CR-10,Main Building,80,CLS-27,Data Science,FAC-01,Monday,74,1.0,0,0,87.53,65,55,16,0.31,0.88,0.69,6.87,78.12
2025-12-21,14-15,CR-20,Main Building,60,CLS-46,Data Science,FAC-05,Sunday,54,1.0,0,0,89.4,48,9,31,0.87,0.54,1.02,7.9,63.75
2025-06-22,15-16,CR-08,Main Building,30,CLS-43,Web Development,FAC-08,Sunday,14,1.5,0,0,81.49,11,23,29,1.49,0.94,1.58,9.18,46.67
2025-08-27,12-13,CR-16,IT Building,60,CLS-44,Python,FAC-24,Wednesday,54,1.0,0,0,88.79,48,24,36,1.38,0.55,0.81,8.73,70.0
2025-10-13,09-10,CR-02,Main Building,50,CLS-29,Statistics,FAC-25,Monday,32,1.0,0,0,78.55,25,28,8,1.43,1.15,1.48,8.33,51.5
2025-06-20,12-13,CR-03,Main Building,40,CLS-48,Data Science,FAC-01,Friday,37,1.0,0,0,66.88,25,12,31,1.15,1.37,0.88,8.18,54.38
2025-08-26,14-15,CR-03,Main Building,40,CLS-25,Software Engineering,FAC-02,Tuesday,36,2.0,0,0,73.55,26,22,5,2.28,1.57,2.08,13.34,62.5
2025-10-14,13-14,CR-09,Science Building,40,CLS-08,DBMS,FAC-07,Tuesday,29,1.0,0,0,77.83,23,29,0,1.31,1.45,0.43,6.75,61.25
2025-07-06,16-17,CR-11,Main Building,80,CLS-39,Machine Learning,FAC-11,Sunday,73,1.5,1,0,78.59,57,26,28,0.17,0.01,0.11,1.81,18.1
2025-06-26,13-14,CR-16,IT Building,60,CLS-36,Data Science,FAC-19,Thursday,15,2.0,0,0,82.7,12,56,19,1.33,1.75,0.81,10.84,38.33
2025-10-30,10-11,CR-06,IT Building,80,CLS-06,Statistics,FAC-28,Thursday,23,2.0,1,0,76.81,18,48,10,0.88,0.32,0.36,2.25,8.64
2025-11-03,12-13,CR-17,Main Building,50,CLS-08,Web Development,FAC-04,Monday,28,1.0,0,0,74.15,21,39,23,0.25,1.8,1.28,6.44,51.0
2025-11-25,14-15,CR-19,Main Building,30,CLS-38,DBMS,FAC-19,Tuesday,9,1.0,0,0,86.82,8,14,4,1.07,1.79,0.43,6.07,31.67
2025-06-02,09-10,CR-06,IT Building,80,CLS-46,Python,FAC-04,Monday,44,1.0,0,0,79.19,35,18,39,0.37,1.08,0.27,7.21,38.44
2025-10-08,12-13,CR-10,Main Building,80,CLS-28,Statistics,FAC-17,Wednesday,48,2.0,0,0,93.04,45,58,39,0.38,1.07,0.83,9.76,60.31
2025-08-16,16-17,CR-03,Main Building,40,CLS-45,Software Engineering,FAC-05,Saturday,22,1.0,0,0,77.76,17,21,24,1.25,1.08,0.51,7.27,45.0
2025-09-26,13-14,CR-20,Main Building,60,CLS-07,Computer Networks,FAC-10,Friday,29,2.0,1,1,88.96,26,16,20,0.68,0.07,0.07,2.25,6.13
2025-06-30,16-17,CR-01,Main Building,30,CLS-07,Machine Learning,FAC-07,Monday,7,2.0,0,0,89.93,6,10,3,1.87,1.45,0.42,9.39,23.33
2025-08-31,14-15,CR-18,IT Building,40,CLS-50,Data Science,FAC-29,Sunday,38,1.0,0,0,68.44,26,22,0,1.37,1.38,1.42,7.8,62.5
2025-12-04,10-11,CR-05,Main Building,80,CLS-47,Web Development,FAC-13,Thursday,27,1.5,0,0,76.41,21,43,10,1.44,0.91,1.33,9.84,33.12
2025-06-03,10-11,CR-11,Main Building,80,CLS-16,Web Development,FAC-06,Tuesday,31,2.0,0,0,95.59,30,17,28,1.0,1.32,1.15,11.04,33.44
2025-09-30,14-15,CR-01,Main Building,30,CLS-20,Data Science,FAC-20,Tuesday,12,2.0,1,1,88.3,11,28,17,0.57,0.46,0.01,1.23,17.4
2025-09-18,14-15,CR-16,IT Building,60,CLS-20,Python,FAC-18,Thursday,56,3.0,0,0,70.95,40,17,4,1.65,2.27,0.63,14.81,57.08
2025-06-11,15-16,CR-11,Main Building,80,CLS-12,Web Development,FAC-27,Wednesday,60,1.0,0,0,71.66,43,39,2,0.76,1.11,0.65,7.35,52.5
2025-12-20,13-14,CR-03,Main Building,40,CLS-02,Statistics,FAC-23,Saturday,35,1.5,0,0,87.23,31,35,8,0.37,0.74,1.85,6.33,80.0
2025-08-28,12-13,CR-06,IT Building,80,CLS-28,Artificial Intelligence,FAC-10,Thursday,72,1.0,0,1,85.79,62,38,37,1.3,1.85,0.81,11.23,73.07
2025-09-20,11-12,CR-19,Main Building,30,CLS-36,Artificial Intelligence,FAC-23,Saturday,11,1.0,0,0,70.5,8,21,5,0.81,1.01,0.83,5.35,37.5
2025-12-21,16-17,CR-19,Main Building,30,CLS-13,Computer Networks,FAC-21,Sunday,12,2.0,1,0,79.16,9,28,26,0.64,0.47,0.05,1.92,10.9
2025-11-14,14-15,CR-17,Main Building,50,CLS-02,Operating Systems,FAC-29,Friday,12,1.0,0,0,72.11,9,29,29,1.29,1.89,1.04,8.66,28.0
2025-12-15,11-12,CR-03,Main Building,40,CLS-34,Statistics,FAC-20,Monday,19,2.0,0,0,68.49,13,11,27,2.26,2.48,1.94,14.42,31.25
2025-11-22,10-11,CR-03,Main Building,40,CLS-42,DBMS,FAC-11,Saturday,15,1.0,1,0,84.05,13,9,22,0.26,0.33,0.3,0.94,3.06
2025-09-29,08-09,CR-16,IT Building,60,CLS-31,Artificial Intelligence,FAC-01,Monday,47,2.0,0,1,68.57,32,27,36,1.73,2.81,0.61,14.73,56.91
2025-12-20,14-15,CR-07,Main Building,30,CLS-23,Operating Systems,FAC-13,Saturday,22,1.5,1,0,80.17,18,8,24,0.29,0.18,0.01,1.38,6.26
2025-10-18,08-09,CR-11,Main Building,80,CLS-38,Artificial Intelligence,FAC-03,Saturday,55,3.0,0,1,97.39,54,47,22,1.97,2.25,1.31,18.69,68.98
2025-07-14,10-11,CR-12,IT Building,80,CLS-38,Artificial Intelligence,FAC-11,Monday,22,1.0,0,0,76.88,17,53,39,0.83,0.91,0.48,7.99,32.5
2025-06-18,13-14,CR-10,Main Building,80,CLS-07,Statistics,FAC-14,Wednesday,29,2.0,1,0,83.37,24,26,6,0.84,0.08,0.02,1.92,3.3
2025-09-14,15-16,CR-10,Main Building,80,CLS-22,Machine Learning,FAC-22,Sunday,30,3.0,0,0,95.67,29,63,22,1.47,3.94,1.06,17.59,46.88
2025-12-05,08-09,CR-11,Main Building,80,CLS-47,Python,FAC-09,Friday,20,1.5,0,0,72.93,15,30,9,1.37,1.26,1.35,10.02,23.44
2025-07-31,12-13,CR-05,Main Building,80,CLS-27,Operating Systems,FAC-27,Thursday,48,3.0,0,0,74.1,36,37,11,0.39,3.69,2.68,14.42,45.31
2025-07-26,16-17,CR-04,Science Building,30,CLS-09,Software Engineering,FAC-03,Saturday,20,1.0,0,1,97.04,19,24,23,1.15,1.52,0.95,7.97,72.92
2025-07-29,13-14,CR-10,Main Building,80,CLS-44,Operating Systems,FAC-24,Tuesday,59,3.0,1,0,74.55,44,29,7,0.89,0.09,0.46,2.49,6.1
2025-07-12,15-16,CR-11,Main Building,80,CLS-38,Computer Networks,FAC-08,Saturday,64,3.0,0,0,82.25,53,21,5,2.22,0.89,0.99,15.84,56.25
2025-08-18,11-12,CR-08,Main Building,30,CLS-07,Python,FAC-18,Monday,22,1.5,0,0,69.26,15,5,26,0.66,1.78,1.05,7.45,41.67
2025-09-19,13-14,CR-19,Main Building,30,CLS-17,Python,FAC-01,Friday,13,3.0,0,0,83.27,11,20,25,0.59,3.31,2.41,12.66,44.17
2025-06-05,11-12,CR-14,IT Building,80,CLS-20,Software Engineering,FAC-12,Thursday,61,1.0,1,0,67.27,41,17,8,0.79,0.37,0.45,1.66,5.26
2025-07-10,12-13,CR-03,Main Building,40,CLS-46,Web Development,FAC-01,Thursday,25,1.0,0,0,72.8,18,14,33,0.82,0.78,0.71,6.49,42.5
2025-08-07,14-15,CR-03,Main Building,40,CLS-28,Software Engineering,FAC-16,Thursday,25,1.5,1,0,88.59,22,17,4,0.54,0.41,0.14,1.24,9.57
2025-11-03,15-16,CR-01,Main Building,30,CLS-14,Data Science,FAC-01,Monday,14,1.0,1,0,94.81,13,25,15,1.0,0.46,0.39,1.46,9.43
2025-12-03,11-12,CR-10,Main Building,80,CLS-20,Data Science,FAC-04,Wednesday,18,1.5,0,0,71.28,13,17,1,1.43,1.93,1.97,10.93,17.5
2025-08-15,14-15,CR-01,Main Building,30,CLS-05,Python,FAC-21,Friday,15,1.0,0,0,82.86,12,11,10,0.59,1.53,1.47,5.84,39.17
2025-09-02,13-14,CR-15,Main Building,30,CLS-37,Web Development,FAC-05,Tuesday,7,2.0,0,0,82.88,6,25,21,0.63,0.56,1.01,6.32,35.83
2025-07-03,11-12,CR-20,Main Building,60,CLS-23,Computer Networks,FAC-25,Thursday,56,1.5,0,0,93.56,52,40,24,0.33,1.36,1.58,8.37,81.67
2025-12-21,09-10,CR-17,Main Building,50,CLS-49,Statistics,FAC-29,Sunday,45,2.0,0,0,66.17,30,42,29,1.93,2.11,0.81,13.34,66.0
2025-10-04,14-15,CR-16,IT Building,60,CLS-48,Operating Systems,FAC-30,Saturday,35,3.0,0,0,81.74,29,41,30,0.61,3.55,1.23,13.69,53.33
2025-09-27,09-10,CR-05,Main Building,80,CLS-14,Statistics,FAC-18,Saturday,21,2.0,0,0,71.8,15,70,40,2.48,2.38,2.41,17.33,35.94
2025-12-22,10-11,CR-02,Main Building,50,CLS-18,Software Engineering,FAC-16,Monday,24,1.0,0,0,74.76,18,14,37,0.46,1.25,0.87,6.85,34.0
2025-08-04,13-14,CR-11,Main Building,80,CLS-48,Software Engineering,FAC-14,Monday,75,2.0,0,0,76.94,58,40,17,0.67,1.33,1.52,10.55,66.88
2025-06-30,16-17,CR-18,IT Building,40,CLS-44,Python,FAC-16,Monday,38,2.0,1,0,88.97,34,25,2,0.48,0.26,0.07,1.88,13.84
2025-11-10,09-10,CR-12,IT Building,80,CLS-32,Artificial Intelligence,FAC-17,Monday,37,2.0,0,1,97.82,36,25,34,2.49,2.64,0.39,17.55,47.39
2025-08-01,14-15,CR-05,Main Building,80,CLS-03,Artificial Intelligence,FAC-29,Friday,33,3.0,0,1,96.46,32,36,15,1.93,3.3,1.37,19.38,46.75
2025-09-23,09-10,CR-19,Main Building,30,CLS-21,Web Development,FAC-01,Tuesday,19,1.0,0,0,69.85,13,17,28,0.7,1.79,0.3,5.93,46.67
2025-09-25,08-09,CR-05,Main Building,80,CLS-04,Operating Systems,FAC-21,Thursday,20,3.0,0,0,69.98,14,70,35,0.59,1.91,2.99,14.04,35.0
2025-11-16,12-13,CR-06,IT Building,80,CLS-04,Artificial Intelligence,FAC-12,Sunday,59,2.0,0,0,95.2,56,40,20,2.23,0.58,1.94,14.31,65.0
2025-08-08,12-13,CR-02,Main Building,50,CLS-29,Software Engineering,FAC-23,Friday,47,2.0,0,0,86.63,41,36,32,1.98,1.74,2.48,14.3,79.5
2025-10-13,16-17,CR-19,Main Building,30,CLS-11,Data Science,FAC-26,Monday,9,3.0,0,0,95.41,9,18,24,1.79,0.66,1.37,11.81,37.5
2025-07-06,08-09,CR-09,Science Building,40,CLS-02,Statistics,FAC-10,Sunday,23,3.0,0,0,78.74,18,17,18,2.91,2.6,2.0,19.63,44.38
2025-09-12,09-10,CR-15,Main Building,30,CLS-24,Operating Systems,FAC-18,Friday,28,1.0,0,0,85.96,24,4,30,0.55,1.81,1.17,7.05,63.33
2025-11-25,12-13,CR-18,IT Building,40,CLS-28,Computer Networks,FAC-16,Tuesday,10,2.0,0,0,89.48,9,23,9,2.49,2.51,2.12,14.99,31.25
2025-09-19,10-11,CR-10,Main Building,80,CLS-20,Operating Systems,FAC-02,Friday,60,1.0,0,1,75.87,46,65,30,1.3,1.64,1.15,10.99,65.93
2025-12-24,08-09,CR-04,Science Building,30,CLS-33,Operating Systems,FAC-15,Wednesday,6,1.0,0,0,97.91,6,14,14,0.57,1.6,0.94,5.42,26.67
2025-12-16,08-09,CR-10,Main Building,80,CLS-43,Web Development,FAC-08,Tuesday,66,3.0,0,0,94.56,62,43,8,1.89,3.39,1.75,18.76,71.56
2025-08-18,14-15,CR-14,IT Building,80,CLS-50,Software Engineering,FAC-19,Monday,55,3.0,0,0,72.26,40,19,13,1.18,1.84,2.93,15.84,43.44
2025-11-11,08-09,CR-09,Science Building,40,CLS-15,Software Engineering,FAC-04,Tuesday,33,1.5,0,1,78.05,26,38,37,0.3,0.95,1.9,8.07,77.94
2025-08-06,14-15,CR-19,Main Building,30,CLS-11,Web Development,FAC-15,Wednesday,6,1.0,0,0,65.45,4,7,29,0.93,0.61,0.61,6.19,15.83
2025-11-22,11-12,CR-02,Main Building,50,CLS-06,Software Engineering,FAC-14,Saturday,28,1.0,0,0,87.72,25,12,16,1.46,1.26,1.05,8.41,43.5
2025-08-31,14-15,CR-12,IT Building,80,CLS-07,Software Engineering,FAC-26,Sunday,23,1.0,0,0,84.02,19,22,30,0.86,1.77,1.06,8.76,24.69
2025-06-15,08-09,CR-08,Main Building,30,CLS-18,DBMS,FAC-29,Sunday,20,1.0,0,0,71.3,14,15,28,1.06,0.8,0.98,7.01,47.5
2025-09-06,15-16,CR-10,Main Building,80,CLS-02,Artificial Intelligence,FAC-07,Saturday,40,1.0,0,0,87.36,35,31,13,1.5,0.55,0.36,8.29,42.5
2025-07-02,09-10,CR-11,Main Building,80,CLS-17,Machine Learning,FAC-21,Wednesday,20,1.0,0,0,92.11,18,29,1,1.31,1.61,1.37,8.41,25.94
2025-09-06,08-09,CR-16,IT Building,60,CLS-07,DBMS,FAC-24,Saturday,37,2.0,0,0,75.65,28,12,2,0.45,0.65,2.17,8.04,40.0
2025-09-01,10-11,CR-06,IT Building,80,CLS-05,Web Development,FAC-09,Monday,26,2.0,0,0,76.21,20,43,23,1.1,2.9,0.39,12.08,32.19
2025-12-26,11-12,CR-18,IT Building,40,CLS-17,Data Science,FAC-11,Friday,32,1.5,0,0,90.53,29,32,6,0.79,0.58,1.55,7.19,74.38
2025-11-23,13-14,CR-20,Main Building,60,CLS-37,Statistics,FAC-10,Sunday,29,2.0,0,0,88.35,26,53,5,1.45,2.44,1.56,11.61,54.58
2025-10-15,12-13,CR-11,Main Building,80,CLS-21,DBMS,FAC-15,Wednesday,64,3.0,0,1,74.46,48,31,25,2.27,2.56,0.29,20.18,59.87
2025-12-02,13-14,CR-02,Main Building,50,CLS-35,Machine Learning,FAC-09,Tuesday,47,3.0,1,0,93.66,44,9,11,0.88,0.22,0.25,2.46,23.95
2025-07-05,11-12,CR-12,IT Building,80,CLS-36,Artificial Intelligence,FAC-19,Saturday,30,3.0,0,1,78.72,24,19,13,1.49,3.63,2.42,19.23,36.13
2025-12-06,13-14,CR-06,IT Building,80,CLS-33,Software Engineering,FAC-01,Saturday,37,1.0,0,0,97.86,36,17,31,0.99,1.68,1.21,8.96,39.06
2025-12-01,16-17,CR-03,Main Building,40,CLS-38,Operating Systems,FAC-26,Monday,14,1.0,0,0,76.56,11,14,22,0.71,1.59,0.87,7.0,29.38
2025-07-17,12-13,CR-16,IT Building,60,CLS-32,Operating Systems,FAC-16,Thursday,28,1.0,0,1,90.66,25,33,16,0.59,0.72,0.61,6.63,51.77
2025-08-02,08-09,CR-10,Main Building,80,CLS-28,Web Development,FAC-26,Saturday,19,1.0,0,0,81.75,16,61,36,0.68,1.35,0.32,7.0,34.06
2025-10-15,16-17,CR-05,Main Building,80,CLS-25,Web Development,FAC-18,Wednesday,43,1.0,1,0,82.64,36,58,23,0.42,0.14,0.45,1.56,17.67
2025-10-06,15-16,CR-19,Main Building,30,CLS-15,Software Engineering,FAC-12,Monday,26,3.0,0,0,71.1,18,4,18,2.12,3.74,1.73,16.84,48.33
2025-06-26,10-11,CR-04,Science Building,30,CLS-02,Web Development,FAC-01,Thursday,20,1.0,0,0,65.27,13,15,23,0.8,1.05,1.09,6.26,45.0
2025-07-21,14-15,CR-02,Main Building,50,CLS-06,Computer Networks,FAC-02,Monday,46,3.0,0,0,95.96,44,16,40,0.49,1.65,1.47,12.31,74.0
2025-12-08,12-13,CR-15,Main Building,30,CLS-02,Operating Systems,FAC-19,Monday,10,1.5,0,0,79.63,8,25,30,0.3,1.92,1.8,7.2,40.83
2025-12-21,09-10,CR-16,IT Building,60,CLS-19,DBMS,FAC-04,Sunday,55,1.5,0,0,81.96,45,17,23,1.27,0.83,0.64,9.28,63.33
2025-06-16,11-12,CR-19,Main Building,30,CLS-20,DBMS,FAC-22,Monday,26,2.0,0,1,95.63,25,12,30,1.42,0.98,0.85,10.27,76.1
2025-07-10,15-16,CR-18,IT Building,40,CLS-37,Artificial Intelligence,FAC-05,Thursday,29,1.0,0,0,77.67,23,37,37,1.03,1.16,0.74,7.27,66.25
2025-08-07,14-15,CR-09,Science Building,40,CLS-22,Web Development,FAC-20,Thursday,30,2.0,0,1,67.6,20,28,29,0.3,1.13,0.46,7.65,61.4
2025-06-30,10-11,CR-15,Main Building,30,CLS-47,DBMS,FAC-24,Monday,9,1.5,1,0,76.1,7,25,23,0.77,0.36,0.31,1.32,13.76
2025-12-23,10-11,CR-15,Main Building,30,CLS-47,Machine Learning,FAC-17,Tuesday,13,1.0,0,0,94.21,12,4,5,0.75,1.1,0.76,5.53,33.33
2025-07-25,11-12,CR-13,IT Building,40,CLS-43,Data Science,FAC-16,Friday,20,1.0,0,0,68.24,14,23,1,1.47,0.71,0.68,6.68,40.62
2025-12-14,12-13,CR-02,Main Building,50,CLS-18,Computer Networks,FAC-11,Sunday,33,1.0,0,0,70.02,23,42,24,0.31,0.94,1.33,6.06,55.5
2025-07-30,16-17,CR-03,Main Building,40,CLS-08,Python,FAC-12,Wednesday,8,1.0,1,0,76.2,6,16,2,0.12,0.32,0.5,0.62,5.16
2025-11-14,12-13,CR-11,Main Building,80,CLS-38,Artificial Intelligence,FAC-06,Friday,66,2.0,1,0,97.07,64,68,26,0.18,0.26,0.12,1.63,20.08
2025-12-21,12-13,CR-06,IT Building,80,CLS-14,Statistics,FAC-07,Sunday,36,2.0,0,0,95.77,34,41,40,2.46,2.54,0.96,16.22,44.69
2025-09-25,11-12,CR-05,Main Building,80,CLS-46,Operating Systems,FAC-17,Thursday,29,2.0,0,1,94.4,27,35,5,2.31,1.55,1.73,15.06,43.2
2025-08-28,09-10,CR-02,Main Building,50,CLS-01,Data Science,FAC-13,Thursday,10,1.5,0,0,70.46,7,11,16,1.01,1.76,0.92,8.34,16.0
2025-07-20,12-13,CR-17,Main Building,50,CLS-25,Statistics,FAC-22,Sunday,34,3.0,0,0,96.99,33,38,4,2.23,2.42,0.99,15.99,68.5
2025-09-01,13-14,CR-16,IT Building,60,CLS-16,Machine Learning,FAC-01,Monday,34,1.0,0,1,97.98,33,45,35,0.99,1.52,1.1,9.45,63.17
2025-10-21,15-16,CR-08,Main Building,30,CLS-02,Statistics,FAC-12,Tuesday,7,1.5,0,0,94.54,7,11,14,1.45,1.33,0.88,7.98,26.67
2025-09-24,11-12,CR-04,Science Building,30,CLS-09,Statistics,FAC-16,Wednesday,12,1.0,0,0,89.35,11,20,10,1.18,1.41,0.61,6.63,44.17
2025-06-14,10-11,CR-15,Main Building,30,CLS-43,Artificial Intelligence,FAC-20,Saturday,26,3.0,1,0,91.09,24,20,4,0.21,0.17,0.44,1.48,17.14
2025-12-01,08-09,CR-01,Main Building,30,CLS-39,Python,FAC-16,Monday,10,1.0,0,1,66.65,7,24,20,0.89,1.22,1.19,6.77,42.37
2025-07-11,09-10,CR-17,Main Building,50,CLS-38,Web Development,FAC-12,Friday,21,1.0,0,0,95.56,20,43,26,0.96,0.66,0.49,6.49,51.5
2025-12-15,08-09,CR-05,Main Building,80,CLS-16,DBMS,FAC-03,Monday,68,1.0,0,1,97.96,67,71,22,0.49,1.42,0.78,8.58,87.69
2025-09-01,15-16,CR-20,Main Building,60,CLS-02,DBMS,FAC-06,Monday,24,1.0,0,1,84.7,20,43,3,0.26,1.82,0.81,6.33,49.68
2025-06-01,12-13,CR-03,Main Building,40,CLS-30,Artificial Intelligence,FAC-01,Sunday,13,3.0,1,0,95.74,12,13,14,0.5,0.35,0.03,1.42,11.63
2025-06-13,15-16,CR-17,Main Building,50,CLS-41,Software Engineering,FAC-14,Friday,41,2.0,0,1,76.59,31,38,20,0.52,0.87,0.67,8.58,69.54
2025-10-17,13-14,CR-01,Main Building,30,CLS-38,Artificial Intelligence,FAC-19,Friday,9,1.0,0,0,75.83,7,13,19,1.36,1.05,1.16,7.35,28.33
2025-12-30,15-16,CR-06,IT Building,80,CLS-16,Computer Networks,FAC-14,Tuesday,55,1.0,1,0,80.9,44,28,28,0.98,0.42,0.23,1.76,7.67
2025-09-18,13-14,CR-04,Science Building,30,CLS-35,Machine Learning,FAC-10,Thursday,28,1.0,0,0,90.58,25,11,20,0.49,1.34,0.34,5.21,71.67
2025-10-20,12-13,CR-11,Main Building,80,CLS-03,Web Development,FAC-30,Monday,41,1.0,0,0,88.72,36,61,16,0.86,1.63,0.89,8.06,52.81
2025-11-17,11-12,CR-10,Main Building,80,CLS-39,DBMS,FAC-28,Monday,52,1.0,0,0,67.85,35,60,28,1.17,1.75,1.38,10.3,51.56
2025-08-05,08-09,CR-15,Main Building,30,CLS-36,Software Engineering,FAC-22,Tuesday,28,1.5,0,1,89.82,25,27,26,0.52,0.83,0.37,6.66,92.19
2025-11-26,13-14,CR-18,IT Building,40,CLS-21,Operating Systems,FAC-09,Wednesday,27,1.0,0,0,75.56,20,31,27,0.84,2.0,0.79,7.79,56.88
2025-09-26,10-11,CR-14,IT Building,80,CLS-19,Machine Learning,FAC-17,Friday,44,2.0,0,1,71.75,32,69,34,0.38,1.87,1.83,11.9,57.23
2025-08-21,11-12,CR-15,Main Building,30,CLS-31,Python,FAC-03,Thursday,11,1.0,0,0,97.94,11,7,13,0.7,1.84,0.73,6.27,33.33
2025-12-07,12-13,CR-12,IT Building,80,CLS-44,Statistics,FAC-17,Sunday,25,1.0,0,0,66.75,17,13,17,0.35,0.53,0.71,6.27,20.0
2025-09-21,08-09,CR-10,Main Building,80,CLS-03,Operating Systems,FAC-21,Sunday,53,1.0,0,0,89.61,47,20,32,0.47,1.41,0.61,7.95,50.31
2025-09-23,13-14,CR-13,IT Building,40,CLS-38,Data Science,FAC-14,Tuesday,36,2.0,0,0,90.59,33,9,14,1.43,1.21,2.07,11.01,67.5
2025-11-19,10-11,CR-16,IT Building,60,CLS-14,Artificial Intelligence,FAC-25,Wednesday,43,1.0,0,0,71.14,31,33,30,0.61,0.78,1.09,7.41,52.5
2025-07-18,09-10,CR-05,Main Building,80,CLS-16,Python,FAC-01,Friday,51,3.0,0,0,78.71,40,76,36,0.53,3.69,1.65,16.06,61.25
2025-08-29,09-10,CR-12,IT Building,80,CLS-15,Data Science,FAC-23,Friday,35,1.0,0,0,78.43,27,60,1,0.99,0.79,0.42,6.58,44.06
2025-06-02,16-17,CR-01,Main Building,30,CLS-22,Operating Systems,FAC-26,Monday,23,1.0,0,1,73.06,17,5,22,1.37,1.3,0.85,8.19,54.39
2025-06-08,11-12,CR-09,Science Building,40,CLS-05,DBMS,FAC-27,Sunday,28,1.5,0,0,87.75,25,14,37,1.92,0.72,1.71,10.78,55.62
2025-10-10,13-14,CR-14,IT Building,80,CLS-47,Software Engineering,FAC-09,Friday,55,2.0,0,0,74.81,41,68,1,1.34,2.23,0.8,11.86,59.69
2025-12-06,15-16,CR-02,Main Building,50,CLS-28,Python,FAC-01,Saturday,41,1.0,0,0,82.65,34,24,15,1.11,1.17,1.33,7.87,63.0
2025-08-03,15-16,CR-02,Main Building,50,CLS-04,Web Development,FAC-24,Sunday,47,1.0,1,0,97.11,46,26,18,0.08,0.0,0.19,1.33,13.05
2025-10-22,15-16,CR-03,Main Building,40,CLS-43,Computer Networks,FAC-08,Wednesday,24,2.0,0,0,84.84,20,17,5,1.67,1.69,0.53,10.26,48.12
2025-08-31,15-16,CR-16,IT Building,60,CLS-20,Python,FAC-24,Sunday,32,1.0,0,1,93.64,30,36,27,1.09,1.5,1.0,9.03,55.23
2025-07-09,12-13,CR-18,IT Building,40,CLS-47,Operating Systems,FAC-10,Wednesday,10,1.0,0,0,71.7,7,38,23,0.79,1.54,0.92,6.59,36.88
2025-07-30,09-10,CR-09,Science Building,40,CLS-07,Statistics,FAC-17,Wednesday,24,1.5,0,0,85.34,20,19,16,1.87,0.69,1.13,9.77,49.38
2025-11-23,10-11,CR-03,Main Building,40,CLS-41,Data Science,FAC-05,Sunday,14,2.0,0,1,80.06,11,16,7,1.17,2.59,1.11,10.79,34.51
2025-12-19,08-09,CR-01,Main Building,30,CLS-30,Machine Learning,FAC-07,Friday,10,2.0,1,0,88.71,9,13,22,0.2,0.32,0.34,1.06,6.06
2025-10-09,12-13,CR-12,IT Building,80,CLS-27,Operating Systems,FAC-30,Thursday,66,1.5,0,0,73.42,48,46,7,1.3,1.87,1.07,11.12,59.38
2025-12-05,15-16,CR-13,IT Building,40,CLS-25,Python,FAC-10,Friday,18,1.5,0,1,97.27,18,20,36,1.0,1.28,1.06,8.9,48.76
2025-06-26,14-15,CR-10,Main Building,80,CLS-24,Operating Systems,FAC-21,Thursday,41,1.5,1,0,67.52,28,63,23,0.55,0.16,0.06,1.69,15.85
2025-12-02,14-15,CR-13,IT Building,40,CLS-26,Web Development,FAC-16,Tuesday,20,1.0,0,0,78.26,16,14,0,0.38,0.54,1.28,4.59,38.75
2025-10-07,13-14,CR-05,Main Building,80,CLS-38,Computer Networks,FAC-10,Tuesday,37,1.0,0,0,95.24,35,74,23,0.51,1.31,0.6,6.49,55.94
2025-06-16,12-13,CR-19,Main Building,30,CLS-40,Software Engineering,FAC-17,Monday,21,2.0,0,1,73.88,16,21,16,1.83,0.82,0.37,10.45,62.43
2025-07-07,15-16,CR-12,IT Building,80,CLS-20,Web Development,FAC-05,Monday,26,1.0,0,0,90.33,23,58,2,1.08,1.25,0.83,6.89,39.69
2025-09-15,10-11,CR-20,Main Building,60,CLS-35,Operating Systems,FAC-26,Monday,55,1.0,1,1,77.97,43,36,17,0.5,0.26,0.35,1.54,15.18
2025-10-01,10-11,CR-10,Main Building,80,CLS-27,Computer Networks,FAC-07,Wednesday,53,1.0,0,0,88.47,47,23,16,0.72,1.12,0.72,7.05,51.25
2025-08-03,08-09,CR-07,Main Building,30,CLS-06,Software Engineering,FAC-23,Sunday,12,2.0,0,0,94.36,11,4,28,1.82,2.75,1.85,13.53,30.83
2025-06-21,09-10,CR-04,Science Building,30,CLS-33,Web Development,FAC-22,Saturday,6,1.5,0,0,97.04,6,20,17,1.36,2.43,0.53,8.92,31.67
2025-08-22,13-14,CR-17,Main Building,50,CLS-32,Artificial Intelligence,FAC-12,Friday,18,2.0,0,0,97.46,18,16,36,1.19,1.03,1.42,10.26,35.0
2025-09-09,09-10,CR-11,Main Building,80,CLS-05,Web Development,FAC-07,Tuesday,42,2.0,0,0,86.41,36,56,29,0.96,2.29,2.44,12.9,51.25
2025-11-29,16-17,CR-07,Main Building,30,CLS-21,Machine Learning,FAC-30,Saturday,20,2.0,0,0,75.78,15,24,16,1.09,1.49,0.48,8.58,57.5
2025-09-25,09-10,CR-08,Main Building,30,CLS-22,Artificial Intelligence,FAC-13,Thursday,19,2.0,0,0,90.14,17,25,6,1.07,2.7,2.34,10.57,63.33
2025-12-24,16-17,CR-19,Main Building,30,CLS-23,Software Engineering,FAC-14,Wednesday,27,1.0,0,0,77.85,21,24,17,0.9,0.99,1.03,6.88,72.5
2025-07-07,13-14,CR-13,IT Building,40,CLS-03,Machine Learning,FAC-20,Monday,27,2.0,0,0,68.07,18,33,8,1.65,1.19,0.29,10.19,54.38
2025-08-07,14-15,CR-20,Main Building,60,CLS-20,Operating Systems,FAC-14,Thursday,57,1.0,0,0,79.08,45,34,34,0.34,1.84,1.01,8.1,70.42
2025-08-12,10-11,CR-14,IT Building,80,CLS-34,Artificial Intelligence,FAC-27,Tuesday,23,1.5,0,0,68.82,16,36,27,1.14,1.49,0.36,9.84,26.25
2025-10-02,08-09,CR-03,Main Building,40,CLS-01,Data Science,FAC-21,Thursday,37,3.0,0,0,89.72,33,9,39,0.81,3.52,1.19,14.42,67.5
2025-08-20,10-11,CR-01,Main Building,30,CLS-13,Software Engineering,FAC-22,Wednesday,20,1.0,0,0,96.23,19,7,24,0.34,1.23,1.0,5.68,53.33
2025-12-23,13-14,CR-03,Main Building,40,CLS-37,Python,FAC-21,Tuesday,16,1.0,1,0,85.69,14,16,19,0.02,0.3,0.25,0.71,12.49
2025-12-03,12-13,CR-14,IT Building,80,CLS-45,Data Science,FAC-05,Wednesday,18,1.0,0,0,71.47,13,66,26,1.49,1.85,0.62,9.08,32.81
2025-07-26,11-12,CR-20,Main Building,60,CLS-14,Artificial Intelligence,FAC-02,Saturday,45,1.0,0,0,90.59,41,55,8,1.41,1.04,1.26,8.59,74.17
2025-09-07,10-11,CR-11,Main Building,80,CLS-16,Software Engineering,FAC-03,Sunday,33,1.0,0,0,81.45,27,75,20,0.75,1.91,0.89,8.71,48.75
2025-08-20,16-17,CR-10,Main Building,80,CLS-05,Web Development,FAC-29,Wednesday,26,1.0,0,0,73.62,19,50,12,0.66,1.9,1.1,7.62,33.44
2025-12-10,13-14,CR-02,Main Building,50,CLS-32,Web Development,FAC-12,Wednesday,10,3.0,1,1,92.28,9,20,15,0.27,0.27,0.49,1.5,7.93
2025-10-28,15-16,CR-01,Main Building,30,CLS-09,Web Development,FAC-09,Tuesday,6,1.0,0,0,81.86,5,4,29,0.73,0.74,1.36,5.97,15.83
2025-11-06,08-09,CR-15,Main Building,30,CLS-31,Machine Learning,FAC-22,Thursday,23,1.0,0,0,97.69,22,26,22,0.96,1.66,1.32,7.34,76.67
2025-08-01,10-11,CR-16,IT Building,60,CLS-31,DBMS,FAC-16,Friday,39,1.0,0,0,70.2,27,37,25,0.34,0.51,0.63,5.82,49.17
2025-06-17,15-16,CR-05,Main Building,80,CLS-29,Artificial Intelligence,FAC-16,Tuesday,76,1.0,0,0,77.95,59,51,35,0.55,0.6,0.91,8.24,71.25
2025-06-28,12-13,CR-15,Main Building,30,CLS-07,Data Science,FAC-30,Saturday,18,1.5,0,0,65.27,12,14,28,1.72,2.41,1.5,10.93,41.67
2025-11-22,11-12,CR-19,Main Building,30,CLS-14,Statistics,FAC-24,Saturday,10,2.0,0,0,89.21,9,18,22,2.35,1.02,2.49,13.16,37.5
2025-06-14,10-11,CR-03,Main Building,40,CLS-23,Python,FAC-30,Saturday,28,1.0,0,0,76.92,22,20,40,0.93,1.48,1.03,8.18,53.75
2025-08-03,08-09,CR-14,IT Building,80,CLS-11,Operating Systems,FAC-20,Sunday,70,2.0,0,1,88.26,62,54,32,0.44,1.39,1.23,11.15,78.09
2025-08-13,15-16,CR-16,IT Building,60,CLS-13,DBMS,FAC-23,Wednesday,48,1.0,0,1,69.58,33,47,2,0.71,1.24,0.33,6.76,64.16
2025-06-29,09-10,CR-05,Main Building,80,CLS-29,Artificial Intelligence,FAC-20,Sunday,31,2.0,1,0,96.23,30,52,29,0.77,0.37,0.09,2.3,13.33
2025-06-23,12-13,CR-06,IT Building,80,CLS-06,Machine Learning,FAC-14,Monday,76,2.0,0,0,97.42,74,16,25,1.93,1.94,2.16,16.27,74.38
2025-11-15,13-14,CR-20,Main Building,60,CLS-06,Python,FAC-01,Saturday,57,1.0,0,0,70.12,40,34,16,0.27,1.54,0.37,6.42,64.17
2025-07-26,14-15,CR-09,Science Building,40,CLS-19,Web Development,FAC-07,Saturday,34,1.0,1,1,73.93,25,32,37,0.63,0.46,0.16,1.48,10.01
2025-11-24,08-09,CR-02,Main Building,50,CLS-30,Data Science,FAC-06,Monday,38,1.5,1,1,72.17,27,22,20,0.11,0.07,0.03,1.23,13.75
2025-11-08,16-17,CR-15,Main Building,30,CLS-35,Artificial Intelligence,FAC-22,Saturday,21,1.0,0,1,75.59,16,10,6,1.13,1.81,1.23,7.58,53.58
2025-09-04,11-12,CR-02,Main Building,50,CLS-01,Python,FAC-19,Thursday,12,1.0,1,0,82.51,10,20,40,0.1,0.35,0.18,0.88,9.82
2025-08-27,16-17,CR-14,IT Building,80,CLS-42,Operating Systems,FAC-30,Wednesday,44,1.0,0,0,93.76,41,59,35,1.38,1.01,0.69,9.31,56.87
2025-09-14,09-10,CR-16,IT Building,60,CLS-11,Software Engineering,FAC-22,Sunday,31,1.5,1,0,84.13,26,24,18,0.73,0.03,0.3,1.83,7.75
2025-09-16,11-12,CR-08,Main Building,30,CLS-12,Web Development,FAC-27,Tuesday,18,1.0,1,0,72.88,13,20,9,0.74,0.4,0.12,0.95,18.76
2025-12-15,09-10,CR-11,Main Building,80,CLS-19,Computer Networks,FAC-24,Monday,28,1.0,0,0,88.62,25,52,31,1.27,1.04,0.46,8.73,39.69
2025-07-23,13-14,CR-03,Main Building,40,CLS-33,Artificial Intelligence,FAC-04,Wednesday,33,2.0,0,0,97.28,32,30,22,2.1,1.59,1.46,12.7,78.75
2025-11-28,13-14,CR-19,Main Building,30,CLS-27,Artificial Intelligence,FAC-26,Friday,19,1.0,0,0,74.22,14,26,7,0.45,1.22,0.83,5.16,56.67
2025-09-23,13-14,CR-05,Main Building,80,CLS-12,Statistics,FAC-27,Tuesday,41,2.0,0,1,84.93,35,44,40,1.61,0.82,2.49,14.9,49.4
2025-06-03,10-11,CR-06,IT Building,80,CLS-09,Artificial Intelligence,FAC-03,Tuesday,62,1.0,0,0,90.5,56,73,37,1.35,1.12,0.88,9.66,75.31
2025-11-10,13-14,CR-07,Main Building,30,CLS-30,Data Science,FAC-08,Monday,21,1.5,0,0,87.75,18,12,2,1.83,0.83,0.4,8.27,55.0
2025-08-12,10-11,CR-14,IT Building,80,CLS-20,DBMS,FAC-02,Tuesday,27,2.0,0,0,89.36,24,21,14,0.86,2.06,1.82,11.26,29.06
2025-12-20,15-16,CR-05,Main Building,80,CLS-12,Statistics,FAC-18,Saturday,25,1.0,0,1,83.15,21,37,23,1.34,1.64,1.34,10.14,37.08
2025-07-09,12-13,CR-07,Main Building,30,CLS-39,Data Science,FAC-06,Wednesday,25,2.0,0,0,65.67,16,6,22,0.8,0.73,1.24,7.8,45.0
2025-11-20,12-13,CR-19,Main Building,30,CLS-26,Data Science,FAC-18,Thursday,14,1.0,0,0,93.04,13,25,20,0.66,1.01,1.37,6.23,53.33
2025-11-18,13-14,CR-07,Main Building,30,CLS-39,Python,FAC-30,Tuesday,23,1.5,0,0,79.05,18,25,21,1.63,0.97,1.91,10.06,65.83
2025-08-15,15-16,CR-13,IT Building,40,CLS-30,Statistics,FAC-01,Friday,9,1.5,0,0,67.95,6,25,19,1.11,2.3,1.78,9.53,26.88
2025-09-11,14-15,CR-13,IT Building,40,CLS-25,Statistics,FAC-10,Thursday,30,2.0,0,0,66.54,20,6,36,0.93,1.61,0.64,9.45,41.25
2025-11-10,12-13,CR-07,Main Building,30,CLS-34,Computer Networks,FAC-17,Monday,11,2.0,1,0,76.44,8,27,0,0.66,0.24,0.37,1.4,11.0
2025-08-25,10-11,CR-11,Main Building,80,CLS-41,Computer Networks,FAC-06,Monday,52,1.5,0,0,96.72,50,60,36,0.45,1.92,0.65,9.24,65.62
2025-12-10,10-11,CR-07,Main Building,30,CLS-50,Data Science,FAC-11,Wednesday,20,2.0,0,0,69.48,14,11,20,0.97,1.35,2.27,9.46,44.17
2025-08-17,14-15,CR-18,IT Building,40,CLS-46,Statistics,FAC-23,Sunday,13,1.5,0,0,89.48,12,35,11,1.95,1.7,0.67,9.68,44.38
2025-07-20,11-12,CR-09,Science Building,40,CLS-41,Web Development,FAC-29,Sunday,36,1.5,0,0,75.77,27,12,2,1.43,1.56,0.92,8.56,58.12
2025-08-30,09-10,CR-10,Main Building,80,CLS-39,Computer Networks,FAC-03,Saturday,50,1.0,0,1,69.92,35,62,10,0.28,0.83,0.38,6.36,57.2
2025-10-19,14-15,CR-17,Main Building,50,CLS-45,Software Engineering,FAC-16,Sunday,20,1.0,0,1,88.9,18,23,1,0.73,0.61,1.27,6.21,45.02
2025-11-22,13-14,CR-03,Main Building,40,CLS-34,Computer Networks,FAC-20,Saturday,30,1.0,0,0,84.13,25,20,19,0.54,1.84,0.31,6.41,59.38
2025-08-09,08-09,CR-18,IT Building,40,CLS-35,DBMS,FAC-23,Saturday,28,1.0,0,1,88.41,25,21,34,0.61,0.59,1.32,6.83,62.17
2025-09-10,11-12,CR-09,Science Building,40,CLS-31,Computer Networks,FAC-19,Wednesday,10,3.0,0,0,75.35,8,37,31,0.79,2.31,2.75,12.6,38.12
2025-11-02,11-12,CR-20,Main Building,60,CLS-36,Python,FAC-03,Sunday,55,1.0,0,0,89.55,49,13,24,1.46,0.84,0.43,9.11,66.67
2025-07-26,09-10,CR-17,Main Building,50,CLS-49,Artificial Intelligence,FAC-06,Saturday,11,1.0,1,0,95.13,10,22,37,0.67,0.22,0.29,1.65,3.38
2025-07-09,11-12,CR-03,Main Building,40,CLS-13,DBMS,FAC-27,Wednesday,34,1.5,1,0,95.36,32,10,18,0.43,0.15,0.32,1.51,21.89
2025-10-30,16-17,CR-06,IT Building,80,CLS-06,Data Science,FAC-16,Thursday,18,1.0,0,0,78.72,14,66,30,0.99,1.13,0.44,8.4,33.75
2025-07-18,08-09,CR-04,Science Building,30,CLS-12,Statistics,FAC-12,Friday,25,1.0,0,0,91.38,23,25,24,0.87,0.75,0.77,6.14,78.33
2025-09-25,15-16,CR-11,Main Building,80,CLS-26,Statistics,FAC-23,Thursday,60,1.0,0,0,90.95,55,25,37,0.77,1.54,0.88,9.21,59.38
2025-11-11,09-10,CR-15,Main Building,30,CLS-25,Artificial Intelligence,FAC-27,Tuesday,12,3.0,0,0,67.78,8,13,16,1.69,1.23,0.43,11.37,30.83
2025-08-01,12-13,CR-07,Main Building,30,CLS-33,Operating Systems,FAC-04,Friday,17,1.0,0,0,81.6,14,27,15,0.87,1.56,1.18,6.5,57.5
2025-08-17,14-15,CR-20,Main Building,60,CLS-08,Machine Learning,FAC-15,Sunday,52,1.0,1,1,85.85,45,37,0,0.58,0.21,0.3,1.81,10.59
2025-07-18,08-09,CR-09,Science Building,40,CLS-04,Python,FAC-20,Friday,15,2.0,1,1,96.26,14,6,34,0.19,0.45,0.03,1.23,6.04
2025-11-08,09-10,CR-06,IT Building,80,CLS-14,Data Science,FAC-04,Saturday,40,2.0,1,0,85.67,34,15,23,0.13,0.44,0.41,1.5,13.1
2025-11-29,11-12,CR-06,IT Building,80,CLS-17,Machine Learning,FAC-18,Saturday,30,1.0,1,0,86.52,26,35,28,0.46,0.47,0.42,2.07,7.6
2025-09-01,10-11,CR-02,Main Building,50,CLS-11,Machine Learning,FAC-08,Monday,17,1.0,0,0,83.71,14,43,22,0.98,1.0,0.83,6.98,42.5
2025-12-03,12-13,CR-06,IT Building,80,CLS-34,DBMS,FAC-06,Wednesday,72,1.5,0,0,67.58,49,24,5,0.88,1.89,1.92,10.45,53.44
2025-09-11,15-16,CR-17,Main Building,50,CLS-08,Machine Learning,FAC-26,Thursday,37,1.5,1,1,85.02,31,33,8,0.19,0.35,0.04,1.38,7.22
2025-08-21,09-10,CR-11,Main Building,80,CLS-13,Software Engineering,FAC-13,Thursday,71,1.0,0,0,74.39,53,68,14,1.09,0.97,0.31,8.2,70.94
2025-12-17,08-09,CR-06,IT Building,80,CLS-11,Python,FAC-20,Wednesday,52,1.0,0,0,67.08,35,55,13,0.34,0.88,0.47,6.55,50.0
2025-11-12,08-09,CR-10,Main Building,80,CLS-44,Python,FAC-12,Wednesday,66,1.0,0,1,90.55,60,47,4,0.65,1.71,0.47,8.71,73.3
2025-08-27,08-09,CR-15,Main Building,30,CLS-21,Artificial Intelligence,FAC-01,Wednesday,22,1.0,0,0,86.52,19,9,17,1.0,1.89,0.54,6.96,55.0
2025-08-14,14-15,CR-16,IT Building,60,CLS-29,Python,FAC-08,Thursday,43,2.0,0,0,81.29,35,37,39,2.24,0.69,0.38,13.34,59.17
2025-10-04,08-09,CR-01,Main Building,30,CLS-36,DBMS,FAC-01,Saturday,26,1.5,0,0,73.58,19,25,9,0.58,1.42,1.32,6.36,68.33
2025-12-30,08-09,CR-11,Main Building,80,CLS-33,DBMS,FAC-11,Tuesday,36,2.0,0,0,73.2,26,75,10,0.93,2.03,2.38,11.89,47.81
2025-09-22,10-11,CR-15,Main Building,30,CLS-42,Statistics,FAC-15,Monday,13,2.0,0,1,77.1,10,9,18,0.86,1.64,2.07,9.97,34.65
2025-11-24,16-17,CR-08,Main Building,30,CLS-09,Python,FAC-12,Monday,9,1.0,0,0,80.06,7,10,8,1.31,1.98,0.34,6.82,25.83
2025-06-08,14-15,CR-07,Main Building,30,CLS-25,Software Engineering,FAC-01,Sunday,8,2.0,0,0,93.73,7,15,0,0.3,1.29,0.67,5.16,30.0
2025-07-16,12-13,CR-02,Main Building,50,CLS-26,Artificial Intelligence,FAC-03,Wednesday,14,2.0,0,0,95.74,13,37,4,1.76,2.78,2.44,12.6,38.0
2025-12-02,09-10,CR-15,Main Building,30,CLS-04,Computer Networks,FAC-09,Tuesday,23,1.0,0,1,71.39,16,17,29,0.53,1.56,0.3,6.45,59.23
2025-09-12,11-12,CR-03,Main Building,40,CLS-11,Web Development,FAC-27,Friday,9,1.5,1,1,66.69,6,7,19,0.61,0.32,0.33,1.76,5.63
2025-06-21,11-12,CR-18,IT Building,40,CLS-43,Software Engineering,FAC-04,Saturday,26,1.0,0,0,82.61,21,23,21,0.38,1.7,1.44,6.34,53.75
2025-11-26,14-15,CR-16,IT Building,60,CLS-45,Computer Networks,FAC-15,Wednesday,40,1.5,0,1,66.98,27,30,8,0.93,1.48,0.51,8.69,49.86
2025-09-11,08-09,CR-04,Science Building,30,CLS-31,Python,FAC-19,Thursday,10,3.0,0,0,90.84,9,17,9,2.1,2.59,0.78,14.58,36.67
2025-08-24,09-10,CR-16,IT Building,60,CLS-30,Python,FAC-05,Sunday,21,2.0,0,1,72.28,15,9,16,0.36,1.1,1.03,7.9,28.72
2025-08-29,11-12,CR-10,Main Building,80,CLS-29,Software Engineering,FAC-28,Friday,26,1.5,0,0,89.9,23,53,12,1.02,2.07,1.96,10.58,38.12
2025-12-04,10-11,CR-02,Main Building,50,CLS-40,Artificial Intelligence,FAC-21,Thursday,47,2.0,1,0,72.91,34,41,17,0.86,0.31,0.41,1.73,18.39
2025-10-21,15-16,CR-08,Main Building,30,CLS-24,Software Engineering,FAC-16,Tuesday,11,1.5,0,1,72.53,8,23,28,0.37,1.57,1.98,8.22,46.86
2025-07-26,13-14,CR-16,IT Building,60,CLS-44,Python,FAC-06,Saturday,56,1.0,0,1,89.36,50,24,36,0.66,1.74,1.21,9.09,77.52
2025-11-18,14-15,CR-07,Main Building,30,CLS-46,Statistics,FAC-26,Tuesday,22,1.0,0,0,74.41,16,21,9,1.24,1.91,1.22,7.86,57.5
2025-08-08,10-11,CR-15,Main Building,30,CLS-16,Statistics,FAC-18,Friday,13,1.0,1,0,84.98,11,25,11,0.24,0.26,0.12,0.73,6.73
2025-08-01,09-10,CR-18,IT Building,40,CLS-47,Software Engineering,FAC-14,Friday,29,1.5,0,0,92.51,27,15,30,0.92,2.15,0.83,9.32,60.0
2025-08-03,13-14,CR-08,Main Building,30,CLS-16,Web Development,FAC-29,Sunday,6,1.5,1,0,79.52,5,5,27,0.62,0.04,0.47,1.39,2.19
2025-09-17,11-12,CR-08,Main Building,30,CLS-18,Python,FAC-04,Wednesday,14,2.0,0,0,92.7,13,15,12,2.2,1.81,2.34,13.58,45.0
2025-11-24,11-12,CR-09,Science Building,40,CLS-45,Artificial Intelligence,FAC-06,Monday,35,1.5,0,0,67.14,23,16,33,0.45,1.69,0.87,7.2,53.12
2025-10-21,14-15,CR-06,IT Building,80,CLS-14,DBMS,FAC-12,Tuesday,45,1.0,0,0,78.36,35,46,23,1.28,1.39,1.5,9.54,47.19
2025-09-01,09-10,CR-10,Main Building,80,CLS-14,Web Development,FAC-28,Monday,34,1.0,0,0,90.97,31,25,29,0.59,0.9,0.67,7.32,36.88
2025-08-26,12-13,CR-19,Main Building,30,CLS-17,Web Development,FAC-19,Tuesday,16,1.5,1,0,86.12,14,9,24,0.23,0.11,0.43,1.06,14.62
2025-11-09,16-17,CR-18,IT Building,40,CLS-46,Web Development,FAC-06,Sunday,35,2.0,0,0,94.49,33,21,32,0.83,1.55,2.13,10.53,75.0
2025-06-29,13-14,CR-03,Main Building,40,CLS-11,Statistics,FAC-04,Sunday,11,1.5,0,0,82.11,9,17,16,1.85,1.15,0.52,9.43,27.5
2025-11-17,14-15,CR-10,Main Building,80,CLS-12,Statistics,FAC-20,Monday,72,2.0,0,0,88.39,64,44,28,1.46,2.64,0.43,13.7,73.75
2025-12-04,11-12,CR-11,Main Building,80,CLS-14,Statistics,FAC-20,Thursday,49,1.5,0,1,86.61,42,27,23,0.32,1.72,1.51,9.77,51.25
2025-06-01,08-09,CR-15,Main Building,30,CLS-21,Machine Learning,FAC-09,Sunday,17,2.0,0,1,77.17,13,11,27,0.73,1.84,2.12,9.91,45.33
2025-10-24,10-11,CR-08,Main Building,30,CLS-04,Artificial Intelligence,FAC-15,Friday,23,1.0,0,0,74.2,17,27,6,1.44,1.04,0.25,6.52,65.0
2025-06-20,08-09,CR-17,Main Building,50,CLS-06,Data Science,FAC-09,Friday,35,1.0,0,0,90.8,32,41,40,1.12,0.69,1.48,8.39,68.5
2025-11-22,14-15,CR-06,IT Building,80,CLS-20,DBMS,FAC-24,Saturday,19,3.0,1,0,77.61,15,46,40,0.9,0.12,0.14,3.28,6.39
2025-09-17,14-15,CR-19,Main Building,30,CLS-25,Machine Learning,FAC-24,Wednesday,6,1.5,0,0,69.04,4,11,23,1.58,1.69,1.32,9.7,19.17
2025-09-23,12-13,CR-20,Main Building,60,CLS-07,Data Science,FAC-26,Tuesday,16,2.0,0,1,90.26,14,53,40,1.06,2.5,1.03,12.31,41.81
2025-08-26,08-09,CR-14,IT Building,80,CLS-05,Web Development,FAC-15,Tuesday,21,1.0,0,0,90.02,19,25,6,0.29,1.33,1.46,6.19,25.62
2025-07-13,13-14,CR-01,Main Building,30,CLS-09,DBMS,FAC-03,Sunday,19,1.0,0,0,93.82,18,28,1,0.96,1.08,0.39,5.51,68.33
2025-07-18,15-16,CR-06,IT Building,80,CLS-36,Statistics,FAC-18,Friday,42,3.0,0,0,96.24,40,29,7,1.71,1.49,1.21,14.99,46.56
2025-07-15,08-09,CR-18,IT Building,40,CLS-26,Machine Learning,FAC-09,Tuesday,31,2.0,0,1,95.69,30,24,9,2.18,1.65,2.11,13.73,75.48
2025-09-27,14-15,CR-13,IT Building,40,CLS-40,Statistics,FAC-27,Saturday,28,3.0,0,1,78.96,22,22,10,0.94,3.94,1.09,14.56,57.19
2025-06-16,09-10,CR-10,Main Building,80,CLS-06,Web Development,FAC-27,Monday,33,1.0,0,0,95.88,32,13,30,0.89,0.5,0.72,7.5,34.06
2025-07-28,15-16,CR-06,IT Building,80,CLS-16,Software Engineering,FAC-30,Monday,43,1.0,1,0,68.68,30,59,10,0.42,0.4,0.22,1.85,11.9
2025-08-22,12-13,CR-15,Main Building,30,CLS-21,Operating Systems,FAC-23,Friday,19,1.0,0,1,84.2,16,20,5,1.32,0.96,1.28,6.95,62.22
2025-06-08,13-14,CR-11,Main Building,80,CLS-32,Operating Systems,FAC-19,Sunday,46,2.0,0,1,83.68,38,38,24,0.93,1.24,1.06,11.2,52.16
2025-06-05,15-16,CR-10,Main Building,80,CLS-47,Machine Learning,FAC-02,Thursday,39,2.0,0,1,95.37,37,46,34,1.54,2.8,0.35,14.91,51.68
2025-06-02,12-13,CR-08,Main Building,30,CLS-37,Python,FAC-08,Monday,16,3.0,0,0,76.31,12,8,16,0.31,1.45,2.62,9.3,36.67
2025-08-31,16-17,CR-14,IT Building,80,CLS-40,Computer Networks,FAC-14,Sunday,61,1.0,0,0,68.88,42,39,22,0.77,1.76,1.03,8.66,51.56
2025-08-18,15-16,CR-13,IT Building,40,CLS-02,Operating Systems,FAC-11,Monday,35,1.0,0,0,89.31,31,9,5,0.69,1.92,1.14,6.32,63.75
2025-10-07,12-13,CR-05,Main Building,80,CLS-25,Data Science,FAC-22,Tuesday,24,1.5,0,0,95.32,23,25,33,1.26,1.91,0.98,10.43,29.37
2025-06-06,10-11,CR-09,Science Building,40,CLS-23,Statistics,FAC-10,Friday,9,2.0,0,1,72.38,7,20,20,1.88,2.02,1.38,12.71,30.06
2025-08-01,13-14,CR-06,IT Building,80,CLS-18,DBMS,FAC-16,Friday,65,1.5,1,1,91.2,59,54,2,0.95,0.45,0.16,2.25,25.07
2025-09-15,13-14,CR-11,Main Building,80,CLS-30,DBMS,FAC-16,Monday,72,3.0,0,1,78.4,56,57,9,2.47,2.58,1.76,21.67,74.29
2025-07-14,10-11,CR-11,Main Building,80,CLS-48,Software Engineering,FAC-27,Monday,34,1.5,0,1,81.99,28,18,5,0.32,0.64,0.26,6.71,37.83
2025-12-24,13-14,CR-06,IT Building,80,CLS-11,Operating Systems,FAC-19,Wednesday,64,2.0,0,1,95.14,61,47,36,1.17,1.67,2.15,14.98,77.99
2025-09-18,13-14,CR-06,IT Building,80,CLS-14,Statistics,FAC-13,Thursday,47,1.0,1,1,74.79,35,18,9,0.83,0.08,0.03,2.08,6.82
2025-10-11,13-14,CR-09,Science Building,40,CLS-03,Operating Systems,FAC-01,Saturday,9,2.0,0,0,71.32,6,27,36,0.85,1.21,1.76,9.56,28.12
2025-11-30,09-10,CR-05,Main Building,80,CLS-19,Data Science,FAC-14,Sunday,52,2.0,0,0,68.01,35,52,14,0.58,1.77,2.32,10.62,49.06
2025-11-25,16-17,CR-11,Main Building,80,CLS-05,DBMS,FAC-22,Tuesday,76,2.0,0,0,93.37,71,43,21,2.43,2.13,1.77,17.13,80.0
2025-07-12,12-13,CR-14,IT Building,80,CLS-05,Web Development,FAC-05,Saturday,62,1.5,1,0,69.85,43,14,17,0.54,0.19,0.22,2.16,5.27
2025-08-30,10-11,CR-01,Main Building,30,CLS-26,DBMS,FAC-07,Saturday,14,1.5,0,0,82.28,12,20,19,0.47,1.22,0.36,5.85,46.67
2025-10-06,16-17,CR-16,IT Building,60,CLS-13,Operating Systems,FAC-05,Monday,45,1.0,1,0,80.93,36,31,38,0.14,0.19,0.06,1.26,21.31
2025-07-19,11-12,CR-17,Main Building,50,CLS-03,Web Development,FAC-04,Saturday,14,1.5,0,0,71.61,10,10,15,0.34,1.38,1.66,7.28,20.0
2025-07-22,11-12,CR-02,Main Building,50,CLS-33,Artificial Intelligence,FAC-10,Tuesday,28,1.0,0,0,71.62,20,22,26,0.68,1.77,0.36,7.35,41.0
2025-11-15,14-15,CR-02,Main Building,50,CLS-43,Data Science,FAC-22,Saturday,11,2.0,0,0,93.31,10,12,14,1.34,2.59,0.97,11.23,21.0
2025-09-29,16-17,CR-18,IT Building,40,CLS-04,Data Science,FAC-22,Monday,37,1.0,0,1,90.9,34,21,26,0.54,1.96,0.36,7.09,81.79
2025-12-03,14-15,CR-16,IT Building,60,CLS-30,Operating Systems,FAC-15,Wednesday,27,3.0,0,0,67.26,18,57,29,1.89,3.03,2.89,18.69,46.25
2025-09-05,12-13,CR-12,IT Building,80,CLS-23,Web Development,FAC-11,Friday,55,1.0,0,0,84.9,47,76,7,0.61,1.15,0.86,7.2,67.81
2025-11-05,13-14,CR-09,Science Building,40,CLS-13,Artificial Intelligence,FAC-25,Wednesday,31,2.0,0,0,67.13,21,9,8,1.34,1.57,1.85,10.17,45.0
2025-09-06,11-12,CR-19,Main Building,30,CLS-21,Artificial Intelligence,FAC-07,Saturday,13,3.0,0,1,71.8,9,23,23,0.94,1.13,2.06,11.79,48.17
2025-07-20,11-12,CR-07,Main Building,30,CLS-42,Machine Learning,FAC-07,Sunday,17,2.0,1,0,97.82,17,13,20,0.65,0.3,0.2,1.63,13.65
2025-08-26,08-09,CR-15,Main Building,30,CLS-02,Data Science,FAC-13,Tuesday,14,1.0,0,0,96.98,14,17,0,0.87,0.94,1.21,5.53,49.17
2025-09-07,15-16,CR-10,Main Building,80,CLS-46,Machine Learning,FAC-11,Sunday,56,1.0,1,0,69.37,39,51,32,0.77,0.41,0.06,1.84,12.77
2025-07-11,09-10,CR-14,IT Building,80,CLS-19,Software Engineering,FAC-08,Friday,63,1.0,1,0,73.12,46,70,37,0.58,0.21,0.1,1.97,15.35
2025-06-14,10-11,CR-19,Main Building,30,CLS-19,Python,FAC-14,Saturday,24,1.0,0,0,78.98,19,15,5,1.08,0.61,0.67,5.68,60.0
2025-11-18,08-09,CR-06,IT Building,80,CLS-15,Artificial Intelligence,FAC-17,Tuesday,55,1.0,0,0,96.84,53,26,10,0.28,1.38,1.22,7.04,57.81
2025-09-04,16-17,CR-06,IT Building,80,CLS-35,Web Development,FAC-17,Thursday,65,2.0,0,0,91.0,59,50,38,0.33,2.77,2.32,12.34,70.94
2025-08-31,09-10,CR-13,IT Building,40,CLS-44,Artificial Intelligence,FAC-20,Sunday,26,1.0,1,1,66.48,17,23,20,0.56,0.2,0.39,2.04,11.62
2025-08-15,12-13,CR-14,IT Building,80,CLS-17,Artificial Intelligence,FAC-05,Friday,31,3.0,0,0,78.33,24,15,16,2.13,0.85,0.62,15.44,27.19
2025-06-19,13-14,CR-06,IT Building,80,CLS-20,Data Science,FAC-29,Thursday,72,3.0,1,1,85.14,61,60,31,0.57,0.34,0.17,2.97,16.16
2025-10-05,08-09,CR-03,Main Building,40,CLS-33,Statistics,FAC-16,Sunday,32,1.5,0,0,76.94,25,8,7,0.8,1.92,0.53,7.47,51.88
2025-11-23,12-13,CR-13,IT Building,40,CLS-29,Python,FAC-24,Sunday,37,2.0,1,0,96.1,36,33,31,0.61,0.39,0.34,1.77,12.6
2025-11-12,13-14,CR-02,Main Building,50,CLS-48,Data Science,FAC-30,Wednesday,42,2.0,0,0,81.42,34,26,4,1.87,2.56,0.76,12.17,64.0
2025-09-27,15-16,CR-02,Main Building,50,CLS-41,Operating Systems,FAC-08,Saturday,27,2.0,0,0,79.92,22,22,6,2.24,1.36,1.09,12.1,44.0
2025-09-14,09-10,CR-08,Main Building,30,CLS-43,Web Development,FAC-01,Sunday,21,2.0,0,0,93.39,20,25,23,1.41,1.84,2.19,11.78,70.83
2025-06-23,14-15,CR-09,Science Building,40,CLS-23,Operating Systems,FAC-11,Monday,34,1.0,0,0,67.83,23,24,11,0.47,1.11,0.87,5.61,58.12
2025-12-01,16-17,CR-07,Main Building,30,CLS-09,Software Engineering,FAC-25,Monday,18,1.5,1,1,96.87,17,14,29,0.97,0.43,0.16,2.17,11.71
2025-06-14,14-15,CR-13,IT Building,40,CLS-34,Software Engineering,FAC-03,Saturday,19,1.0,1,0,65.55,12,13,20,0.15,0.41,0.32,0.82,6.41
2025-09-15,14-15,CR-03,Main Building,40,CLS-27,Computer Networks,FAC-18,Monday,26,1.0,0,1,77.02,20,21,26,0.88,1.86,1.04,8.0,58.23
2025-08-01,14-15,CR-09,Science Building,40,CLS-27,Python,FAC-11,Friday,26,1.0,0,0,74.69,19,32,7,1.47,1.16,0.84,7.52,55.62
2025-06-19,11-12,CR-07,Main Building,30,CLS-38,Artificial Intelligence,FAC-14,Thursday,12,1.0,0,0,81.45,10,15,29,1.36,1.41,1.12,7.88,37.5
2025-06-20,16-17,CR-05,Main Building,80,CLS-24,Computer Networks,FAC-20,Friday,41,1.0,0,0,95.72,39,22,9,1.44,1.92,1.43,9.79,43.44
2025-11-12,14-15,CR-19,Main Building,30,CLS-29,Web Development,FAC-18,Wednesday,28,1.5,0,0,91.9,26,21,9,1.45,2.19,1.3,9.48,82.5
2025-10-13,15-16,CR-19,Main Building,30,CLS-49,Software Engineering,FAC-21,Monday,25,1.5,1,0,97.05,24,6,18,0.35,0.43,0.05,0.92,14.78
2025-07-28,08-09,CR-12,IT Building,80,CLS-11,Operating Systems,FAC-21,Monday,19,1.0,1,0,76.03,14,61,36,0.35,0.03,0.06,1.52,11.67
2025-07-17,10-11,CR-12,IT Building,80,CLS-37,Machine Learning,FAC-14,Thursday,32,1.0,0,0,67.09,21,27,8,0.62,0.52,1.12,6.41,28.12
2025-10-02,12-13,CR-13,IT Building,40,CLS-38,Python,FAC-04,Thursday,23,1.5,0,0,85.47,20,11,36,1.38,1.25,0.61,9.52,44.38
2025-12-29,16-17,CR-14,IT Building,80,CLS-16,Operating Systems,FAC-22,Monday,57,1.0,0,0,69.57,40,56,14,0.86,0.87,0.46,7.73,55.0
2025-12-25,14-15,CR-01,Main Building,30,CLS-27,Data Science,FAC-06,Thursday,12,1.0,0,0,89.23,11,15,13,0.92,0.82,0.64,5.66,40.0
2025-09-29,11-12,CR-12,IT Building,80,CLS-32,Operating Systems,FAC-12,Monday,41,2.0,1,0,85.59,35,33,38,0.38,0.04,0.2,2.21,11.05
2025-12-22,09-10,CR-01,Main Building,30,CLS-20,Python,FAC-27,Monday,28,1.0,0,0,84.6,24,19,6,0.61,1.77,0.44,5.46,75.83
2025-06-05,11-12,CR-05,Main Building,80,CLS-20,Software Engineering,FAC-06,Thursday,61,1.5,0,0,78.36,48,38,20,0.32,1.05,0.95,7.92,56.88
2025-07-03,11-12,CR-11,Main Building,80,CLS-27,Machine Learning,FAC-04,Thursday,51,2.0,1,0,80.78,41,13,15,0.54,0.14,0.26,1.41,14.89
2025-10-17,08-09,CR-14,IT Building,80,CLS-44,Statistics,FAC-11,Friday,48,2.0,0,0,92.4,44,20,35,1.48,1.33,2.38,13.82,47.5
2025-08-25,11-12,CR-03,Main Building,40,CLS-46,Machine Learning,FAC-04,Monday,28,1.0,0,0,92.89,26,35,31,1.48,1.54,0.72,8.94,70.62
2025-12-21,08-09,CR-07,Main Building,30,CLS-41,Computer Networks,FAC-14,Sunday,18,1.5,0,0,97.37,18,24,23,1.35,2.26,0.83,9.09,65.0
2025-11-05,12-13,CR-16,IT Building,60,CLS-12,Software Engineering,FAC-03,Wednesday,53,1.0,0,0,78.43,42,29,37,1.38,1.64,1.48,10.11,64.58
2025-10-10,12-13,CR-11,Main Building,80,CLS-01,DBMS,FAC-07,Friday,59,1.5,0,0,82.53,49,34,38,1.83,1.6,0.7,13.11,56.56
2025-08-11,08-09,CR-08,Main Building,30,CLS-32,Artificial Intelligence,FAC-07,Monday,17,2.0,1,0,79.38,13,25,23,0.52,0.05,0.37,1.34,7.06
2025-07-22,10-11,CR-09,Science Building,40,CLS-48,Artificial Intelligence,FAC-05,Tuesday,35,2.0,0,0,91.55,32,32,28,1.3,2.61,1.02,11.49,80.0
2025-12-30,09-10,CR-19,Main Building,30,CLS-41,Artificial Intelligence,FAC-02,Tuesday,13,1.0,0,0,96.6,13,20,14,0.51,0.56,1.34,4.85,49.17
2025-10-21,08-09,CR-15,Main Building,30,CLS-05,Data Science,FAC-23,Tuesday,18,1.0,0,0,97.5,18,23,9,0.88,1.93,0.88,6.79,64.17
2025-12-21,16-17,CR-20,Main Building,60,CLS-05,Software Engineering,FAC-12,Sunday,22,3.0,1,1,80.57,18,41,15,0.45,0.17,0.27,1.86,16.51
2025-06-02,09-10,CR-11,Main Building,80,CLS-08,Web Development,FAC-19,Monday,45,1.5,0,0,73.59,33,46,36,0.62,2.23,1.3,10.33,45.31
2025-06-23,11-12,CR-13,IT Building,40,CLS-47,Machine Learning,FAC-14,Monday,35,1.0,0,0,90.2,32,28,8,1.45,1.47,1.48,8.12,77.5
2025-10-09,10-11,CR-05,Main Building,80,CLS-46,Computer Networks,FAC-04,Thursday,69,2.0,1,0,78.31,54,46,36,0.47,0.45,0.28,2.13,19.49
2025-06-07,10-11,CR-19,Main Building,30,CLS-20,Software Engineering,FAC-28,Saturday,14,2.0,0,0,74.64,10,25,27,1.92,1.76,0.61,11.64,45.83
2025-12-08,12-13,CR-11,Main Building,80,CLS-30,Operating Systems,FAC-27,Monday,67,1.5,0,0,92.81,62,42,34,1.28,1.25,0.4,10.9,71.25
2025-10-16,14-15,CR-11,Main Building,80,CLS-41,Artificial Intelligence,FAC-01,Thursday,65,2.0,0,1,80.5,52,23,23,1.94,1.4,0.78,14.66,61.5
2025-12-02,14-15,CR-15,Main Building,30,CLS-33,DBMS,FAC-05,Tuesday,12,2.0,1,0,69.78,8,28,18,0.1,0.31,0.06,1.12,14.17
2025-09-07,08-09,CR-04,Science Building,30,CLS-38,Web Development,FAC-03,Sunday,10,2.0,0,0,92.81,9,17,12,2.48,1.42,1.27,12.46,36.67
2025-06-28,16-17,CR-11,Main Building,80,CLS-43,DBMS,FAC-14,Saturday,18,2.0,0,0,94.51,17,17,28,0.38,0.92,1.95,9.09,21.25
2025-07-05,08-09,CR-05,Main Building,80,CLS-02,DBMS,FAC-30,Saturday,56,2.0,0,1,87.73,49,24,4,0.55,1.76,2.01,11.14,56.39
2025-12-12,14-15,CR-13,IT Building,40,CLS-31,Computer Networks,FAC-08,Friday,22,1.0,0,0,66.75,15,34,14,1.23,1.42,0.64,7.23,49.38
2025-08-15,12-13,CR-17,Main Building,50,CLS-15,Computer Networks,FAC-12,Friday,36,1.5,0,0,88.79,32,47,6,1.62,2.37,0.89,10.69,71.5
2025-10-27,08-09,CR-12,IT Building,80,CLS-26,Artificial Intelligence,FAC-16,Monday,67,1.0,0,1,82.33,55,64,31,1.36,0.5,0.6,10.39,76.43
2025-08-21,12-13,CR-13,IT Building,40,CLS-29,DBMS,FAC-20,Thursday,15,1.0,0,0,82.76,12,6,37,0.47,1.86,1.06,7.26,26.25
2025-12-08,13-14,CR-09,Science Building,40,CLS-28,Software Engineering,FAC-21,Monday,25,1.5,1,0,79.88,20,9,22,0.56,0.0,0.18,1.31,11.01
2025-10-07,14-15,CR-18,IT Building,40,CLS-08,Python,FAC-28,Tuesday,13,1.0,0,0,69.58,9,14,37,1.11,1.22,0.63,7.16,25.62
2025-12-23,10-11,CR-14,IT Building,80,CLS-27,Data Science,FAC-11,Tuesday,33,1.5,0,0,95.53,32,16,36,0.34,2.23,1.14,9.26,35.0
2025-08-23,16-17,CR-02,Main Building,50,CLS-20,Python,FAC-28,Saturday,15,3.0,0,0,85.43,13,14,20,1.08,3.88,1.03,14.3,26.5
2025-11-03,15-16,CR-01,Main Building,30,CLS-03,Python,FAC-03,Monday,24,2.0,0,0,97.68,23,18,6,1.83,1.02,1.16,10.42,72.5
2025-10-11,16-17,CR-11,Main Building,80,CLS-17,Computer Networks,FAC-15,Saturday,74,3.0,1,0,76.04,56,51,31,0.34,0.38,0.29,2.42,12.66
2025-09-11,11-12,CR-19,Main Building,30,CLS-41,Python,FAC-18,Thursday,25,1.0,0,0,82.58,21,7,18,0.53,0.89,1.01,5.67,58.33
2025-10-14,13-14,CR-19,Main Building,30,CLS-25,Operating Systems,FAC-03,Tuesday,22,1.0,0,0,66.35,15,10,30,1.46,1.88,0.73,7.82,45.83
2025-06-04,13-14,CR-10,Main Building,80,CLS-09,Software Engineering,FAC-21,Wednesday,32,2.0,1,0,94.11,30,57,40,0.69,0.14,0.22,2.5,5.53
2025-06-23,08-09,CR-07,Main Building,30,CLS-49,Artificial Intelligence,FAC-20,Monday,15,3.0,1,0,79.16,12,22,9,0.96,0.09,0.04,1.79,7.24
2025-10-26,12-13,CR-03,Main Building,40,CLS-12,Artificial Intelligence,FAC-19,Sunday,22,2.0,0,1,86.77,19,8,14,1.52,0.67,1.59,10.96,47.19
2025-07-06,11-12,CR-18,IT Building,40,CLS-35,Operating Systems,FAC-22,Sunday,21,1.5,0,0,65.45,14,8,40,0.82,2.36,0.78,9.41,31.25
2025-09-08,10-11,CR-17,Main Building,50,CLS-37,Artificial Intelligence,FAC-29,Monday,14,1.0,0,0,90.13,13,20,36,0.88,1.82,0.3,7.17,29.5
2025-11-04,15-16,CR-18,IT Building,40,CLS-14,Software Engineering,FAC-15,Tuesday,17,1.0,1,0,95.43,16,7,33,0.2,0.44,0.2,1.27,4.47
2025-07-21,14-15,CR-08,Main Building,30,CLS-11,Statistics,FAC-22,Monday,12,2.0,0,0,70.81,8,26,0,2.32,1.11,0.8,11.04,41.67
2025-07-17,14-15,CR-13,IT Building,40,CLS-16,Software Engineering,FAC-06,Thursday,36,1.0,0,0,91.87,33,28,19,0.38,0.83,0.88,5.47,79.38
2025-10-22,09-10,CR-18,IT Building,40,CLS-21,Machine Learning,FAC-08,Wednesday,15,3.0,0,0,83.07,12,36,32,2.21,3.51,2.82,19.49,45.0
2025-09-15,08-09,CR-11,Main Building,80,CLS-29,Operating Systems,FAC-13,Monday,69,1.5,0,0,90.89,63,29,35,1.39,1.37,0.45,11.96,68.12
2025-10-20,10-11,CR-02,Main Building,50,CLS-15,Python,FAC-30,Monday,19,2.0,0,0,87.76,17,35,17,1.87,1.9,0.75,11.82,43.0
2025-06-09,13-14,CR-17,Main Building,50,CLS-40,Data Science,FAC-08,Monday,10,1.0,0,0,96.09,10,31,28,1.12,0.86,0.65,7.03,30.5
2025-10-04,16-17,CR-16,IT Building,60,CLS-08,Statistics,FAC-28,Saturday,53,1.0,0,1,66.6,35,39,11,0.6,1.44,0.98,7.64,64.27
2025-08-27,15-16,CR-03,Main Building,40,CLS-13,Computer Networks,FAC-10,Wednesday,26,3.0,0,0,85.92,22,22,23,2.22,0.57,0.54,13.45,55.0
2025-06-25,12-13,CR-11,Main Building,80,CLS-15,Operating Systems,FAC-12,Wednesday,64,1.0,0,0,67.49,43,50,19,1.05,1.72,1.19,9.31,55.94
2025-11-21,16-17,CR-18,IT Building,40,CLS-10,Artificial Intelligence,FAC-05,Friday,31,1.5,1,1,91.96,29,9,7,0.67,0.37,0.14,1.3,14.02
2025-06-27,09-10,CR-04,Science Building,30,CLS-21,Computer Networks,FAC-16,Friday,13,3.0,0,1,97.19,13,15,2,2.97,3.28,1.98,20.18,48.92
2025-09-18,12-13,CR-14,IT Building,80,CLS-32,Python,FAC-21,Thursday,39,1.0,1,0,82.16,32,13,38,0.97,0.35,0.47,1.7,8.97
2025-10-08,11-12,CR-03,Main Building,40,CLS-38,DBMS,FAC-09,Wednesday,21,1.0,1,0,93.21,20,17,31,0.15,0.47,0.25,0.82,9.43
2025-09-18,08-09,CR-08,Main Building,30,CLS-41,Web Development,FAC-24,Thursday,17,1.5,0,0,95.57,16,10,24,0.84,1.93,1.1,8.06,48.33
2025-10-17,10-11,CR-08,Main Building,30,CLS-20,Statistics,FAC-29,Friday,17,1.0,0,0,96.91,16,18,1,1.12,0.88,1.39,6.88,55.0
2025-08-26,09-10,CR-11,Main Building,80,CLS-22,Operating Systems,FAC-28,Tuesday,49,2.0,0,0,74.7,37,36,34,1.09,0.76,2.27,11.8,45.94
2025-10-18,08-09,CR-07,Main Building,30,CLS-11,Web Development,FAC-22,Saturday,10,1.5,0,0,95.37,10,7,21,1.66,0.78,1.6,8.89,30.83
2025-10-13,14-15,CR-06,IT Building,80,CLS-46,Software Engineering,FAC-30,Monday,56,1.5,0,0,95.13,53,44,30,0.39,2.15,1.21,9.61,63.44
2025-09-15,10-11,CR-07,Main Building,30,CLS-41,Operating Systems,FAC-01,Monday,12,2.0,0,0,88.03,11,24,8,0.33,2.41,0.33,7.14,47.5
2025-09-29,16-17,CR-15,Main Building,30,CLS-49,Data Science,FAC-14,Monday,22,1.0,0,0,80.02,18,7,25,0.44,1.74,0.64,5.41,50.83
2025-11-04,10-11,CR-06,IT Building,80,CLS-47,Statistics,FAC-09,Tuesday,21,3.0,1,0,90.49,19,40,8,0.48,0.39,0.04,1.61,7.67
2025-11-26,08-09,CR-13,IT Building,40,CLS-12,Artificial Intelligence,FAC-08,Wednesday,29,2.0,0,0,71.32,21,38,23,1.49,2.87,0.42,11.39,63.12
2025-08-10,13-14,CR-12,IT Building,80,CLS-18,Machine Learning,FAC-27,Sunday,50,2.0,0,0,92.24,46,42,5,0.41,0.99,0.93,8.58,56.25
2025-08-06,08-09,CR-02,Main Building,50,CLS-15,Artificial Intelligence,FAC-13,Wednesday,24,1.0,0,0,85.68,21,39,9,1.11,0.69,1.43,7.37,51.0
2025-09-19,15-16,CR-07,Main Building,30,CLS-21,Web Development,FAC-28,Friday,25,1.0,0,0,82.3,21,22,26,0.53,1.77,1.27,6.42,70.83
2025-12-11,16-17,CR-13,IT Building,40,CLS-24,Operating Systems,FAC-04,Thursday,21,3.0,0,1,78.07,16,33,8,1.87,1.4,2.15,15.41,53.18
2025-07-08,13-14,CR-02,Main Building,50,CLS-34,Computer Networks,FAC-06,Tuesday,44,1.5,0,0,72.17,32,31,18,0.28,1.04,0.58,6.26,63.5
2025-11-08,11-12,CR-10,Main Building,80,CLS-29,Computer Networks,FAC-02,Saturday,59,2.0,0,1,81.77,48,34,13,0.71,2.41,0.79,11.88,57.75
2025-07-14,13-14,CR-18,IT Building,40,CLS-29,Data Science,FAC-17,Monday,27,3.0,1,0,97.55,26,31,29,1.0,0.43,0.38,2.85,25.88
2025-11-18,11-12,CR-13,IT Building,40,CLS-14,Machine Learning,FAC-13,Tuesday,14,1.0,0,1,77.75,11,24,24,1.19,1.94,0.28,7.87,37.88
2025-09-29,10-11,CR-13,IT Building,40,CLS-10,Software Engineering,FAC-25,Monday,8,1.0,0,0,83.41,7,25,38,0.83,1.36,0.94,7.2,28.75
2025-06-13,16-17,CR-10,Main Building,80,CLS-43,Operating Systems,FAC-10,Friday,52,1.0,1,0,96.68,50,67,15,0.55,0.42,0.16,1.27,11.95
2025-11-14,11-12,CR-02,Main Building,50,CLS-15,Machine Learning,FAC-02,Friday,16,1.5,0,0,74.2,12,31,27,0.91,1.7,1.27,8.15,33.5
2025-07-16,10-11,CR-17,Main Building,50,CLS-18,Artificial Intelligence,FAC-27,Wednesday,30,1.0,0,0,86.0,26,7,34,0.69,0.97,1.01,6.98,42.5
2025-11-10,13-14,CR-15,Main Building,30,CLS-40,Computer Networks,FAC-05,Monday,11,2.0,0,0,66.39,7,28,26,0.41,1.11,0.29,6.13,40.83
2025-06-27,08-09,CR-17,Main Building,50,CLS-20,Software Engineering,FAC-14,Friday,15,1.0,0,0,73.1,11,9,3,1.07,0.59,0.8,6.25,21.0
2025-07-17,14-15,CR-01,Main Building,30,CLS-19,Computer Networks,FAC-19,Thursday,6,2.0,0,0,75.88,5,12,19,0.41,2.99,2.21,9.12,22.5
2025-11-16,13-14,CR-07,Main Building,30,CLS-33,Statistics,FAC-04,Sunday,18,3.0,0,0,80.38,14,12,2,2.08,2.85,0.78,14.47,45.0
2025-06-07,14-15,CR-13,IT Building,40,CLS-41,Operating Systems,FAC-18,Saturday,25,1.0,0,0,95.08,24,20,9,0.26,1.67,0.32,4.71,57.5
2025-06-20,14-15,CR-12,IT Building,80,CLS-04,Data Science,FAC-30,Friday,59,1.0,0,0,80.78,48,36,22,1.05,1.53,0.32,9.19,56.25
2025-08-08,12-13,CR-01,Main Building,30,CLS-30,Machine Learning,FAC-26,Friday,8,2.0,0,0,67.18,5,28,5,0.55,2.16,1.42,7.15,35.83
2025-11-05,16-17,CR-12,IT Building,80,CLS-02,Data Science,FAC-08,Wednesday,58,2.0,0,0,70.34,41,15,27,1.45,2.78,0.29,13.32,43.12
2025-09-20,15-16,CR-04,Science Building,30,CLS-17,Software Engineering,FAC-11,Saturday,13,1.0,1,0,65.21,8,28,3,0.15,0.21,0.4,0.81,10.83
2025-06-21,12-13,CR-15,Main Building,30,CLS-37,Artificial Intelligence,FAC-12,Saturday,14,2.0,0,0,74.3,10,22,29,1.66,1.53,0.78,11.06,43.33
2025-12-22,16-17,CR-06,IT Building,80,CLS-19,Statistics,FAC-06,Monday,26,1.0,0,1,92.47,24,21,22,1.31,1.01,1.24,9.6,35.78
2025-07-17,08-09,CR-17,Main Building,50,CLS-38,Artificial Intelligence,FAC-05,Thursday,17,3.0,0,0,72.0,12,42,0,2.28,3.82,0.29,17.0,39.0
2025-07-01,10-11,CR-14,IT Building,80,CLS-39,Computer Networks,FAC-06,Tuesday,37,1.0,0,0,88.16,33,73,14,0.47,1.96,1.02,7.37,53.75
2025-11-30,10-11,CR-09,Science Building,40,CLS-48,Statistics,FAC-03,Sunday,15,2.0,0,0,70.42,11,9,15,0.3,2.46,0.43,7.41,26.25
2025-12-27,10-11,CR-12,IT Building,80,CLS-03,Data Science,FAC-16,Saturday,32,2.0,0,0,84.92,27,42,35,1.8,1.48,1.99,13.9,38.44
2025-07-29,16-17,CR-10,Main Building,80,CLS-19,Python,FAC-25,Tuesday,74,2.0,0,0,97.15,72,62,22,0.86,2.26,2.34,13.29,86.88
2025-08-05,11-12,CR-20,Main Building,60,CLS-38,Statistics,FAC-09,Tuesday,21,3.0,1,1,72.38,15,57,22,0.54,0.28,0.35,2.51,5.17
2025-07-28,08-09,CR-17,Main Building,50,CLS-27,Web Development,FAC-27,Monday,16,1.0,0,0,97.9,16,22,8,0.29,0.6,0.35,4.19,35.0
2025-10-30,08-09,CR-17,Main Building,50,CLS-21,Python,FAC-11,Thursday,13,3.0,0,1,85.54,11,38,6,1.14,2.1,0.84,12.39,39.51
2025-06-08,13-14,CR-04,Science Building,30,CLS-36,Data Science,FAC-30,Sunday,12,1.5,0,0,93.58,11,7,1,1.28,2.39,1.26,8.64,33.33
2025-11-05,08-09,CR-16,IT Building,60,CLS-17,Web Development,FAC-09,Wednesday,42,2.0,1,0,97.64,41,45,6,0.73,0.02,0.35,1.71,21.53
2025-09-29,09-10,CR-16,IT Building,60,CLS-17,Python,FAC-01,Monday,24,2.0,0,0,78.6,19,34,33,0.94,0.89,2.14,10.4,37.92
2025-11-21,16-17,CR-09,Science Building,40,CLS-34,Computer Networks,FAC-11,Friday,29,1.5,0,0,75.11,22,24,17,0.53,1.52,0.27,6.51,56.25
2025-11-01,14-15,CR-13,IT Building,40,CLS-25,Python,FAC-15,Saturday,12,1.0,0,0,74.93,9,9,18,1.42,0.97,0.7,8.02,22.5
2025-12-21,15-16,CR-09,Science Building,40,CLS-07,Data Science,FAC-01,Sunday,25,1.0,0,0,91.69,23,18,27,0.49,1.81,1.2,6.56,54.37
2025-10-11,11-12,CR-17,Main Building,50,CLS-41,Data Science,FAC-12,Saturday,18,3.0,0,1,88.85,16,47,18,0.49,0.58,1.88,9.9,49.53
2025-07-26,11-12,CR-12,IT Building,80,CLS-08,Computer Networks,FAC-01,Saturday,24,1.5,0,0,72.04,17,73,28,0.41,1.9,1.51,9.2,38.75
2025-09-04,10-11,CR-14,IT Building,80,CLS-27,Software Engineering,FAC-10,Thursday,76,2.0,0,0,70.69,54,24,27,0.31,1.52,1.56,10.66,58.12
2025-07-21,14-15,CR-16,IT Building,60,CLS-34,Machine Learning,FAC-15,Monday,32,1.0,0,1,85.15,27,13,15,0.39,1.52,1.48,7.45,43.2
2025-10-03,14-15,CR-09,Science Building,40,CLS-11,Statistics,FAC-27,Friday,36,2.0,0,1,94.88,34,20,0,2.21,1.26,1.94,13.45,79.51
2025-11-07,13-14,CR-08,Main Building,30,CLS-39,Artificial Intelligence,FAC-05,Friday,28,3.0,0,0,73.27,21,20,20,2.87,2.08,0.61,17.46,69.17
2025-10-16,13-14,CR-07,Main Building,30,CLS-12,Statistics,FAC-26,Thursday,23,3.0,0,0,68.62,16,13,22,2.03,2.03,0.51,14.5,50.83
2025-06-08,09-10,CR-03,Main Building,40,CLS-17,Statistics,FAC-26,Sunday,27,1.5,1,0,88.94,24,35,21,0.2,0.34,0.01,1.33,12.15
2025-10-04,11-12,CR-15,Main Building,30,CLS-30,Python,FAC-09,Saturday,24,2.0,0,1,75.07,18,17,14,1.15,2.59,1.13,11.17,64.37
2025-11-02,12-13,CR-12,IT Building,80,CLS-25,Artificial Intelligence,FAC-19,Sunday,46,1.5,0,1,96.05,44,61,6,0.57,0.87,0.54,7.91,66.99
2025-06-09,11-12,CR-09,Science Building,40,CLS-02,Artificial Intelligence,FAC-16,Monday,14,1.5,0,1,91.03,13,12,3,0.26,0.75,1.19,5.31,36.99
2025-12-08,08-09,CR-10,Main Building,80,CLS-08,Operating Systems,FAC-29,Monday,36,1.5,0,0,76.88,28,39,2,0.73,1.52,1.96,8.85,38.44
2025-09-30,10-11,CR-04,Science Building,30,CLS-44,Software Engineering,FAC-22,Tuesday,22,1.5,1,0,69.1,15,6,21,0.37,0.47,0.44,1.67,13.42
2025-10-26,09-10,CR-13,IT Building,40,CLS-21,Software Engineering,FAC-15,Sunday,13,1.0,0,0,67.9,9,25,4,1.14,1.96,0.92,6.99,32.5
2025-07-01,08-09,CR-09,Science Building,40,CLS-35,Artificial Intelligence,FAC-15,Tuesday,25,2.0,0,0,81.45,20,13,9,0.67,2.08,1.58,8.78,45.62
2025-09-07,13-14,CR-16,IT Building,60,CLS-45,Data Science,FAC-18,Sunday,16,2.0,0,1,83.11,13,16,10,1.59,1.02,0.72,10.92,30.01
2025-12-12,16-17,CR-20,Main Building,60,CLS-42,Software Engineering,FAC-17,Friday,35,2.0,0,0,74.12,26,45,37,1.85,2.02,2.15,14.63,51.25
2025-06-17,14-15,CR-01,Main Building,30,CLS-41,Software Engineering,FAC-10,Tuesday,9,2.0,1,0,89.54,8,25,17,0.4,0.05,0.13,1.09,13.62
2025-09-03,11-12,CR-15,Main Building,30,CLS-46,DBMS,FAC-02,Wednesday,28,3.0,0,0,96.57,27,18,28,1.1,1.65,0.77,11.3,82.5
2025-09-15,11-12,CR-04,Science Building,30,CLS-34,Artificial Intelligence,FAC-12,Monday,24,1.5,0,0,75.9,18,19,26,0.98,1.37,0.97,8.23,60.83
2025-07-02,14-15,CR-20,Main Building,60,CLS-17,Web Development,FAC-18,Wednesday,57,3.0,0,0,81.62,47,56,19,2.49,3.37,2.45,21.07,82.08
2025-06-01,08-09,CR-02,Main Building,50,CLS-48,Web Development,FAC-02,Sunday,38,1.0,0,0,68.97,26,16,15,0.41,1.92,1.27,6.84,47.0
2025-12-16,09-10,CR-02,Main Building,50,CLS-47,Computer Networks,FAC-10,Tuesday,12,1.5,0,0,83.23,10,17,37,1.78,2.48,1.32,12.33,23.5
2025-09-14,16-17,CR-06,IT Building,80,CLS-12,Software Engineering,FAC-17,Sunday,58,1.0,1,0,72.66,42,31,29,0.17,0.38,0.17,1.66,18.51
2025-12-08,12-13,CR-09,Science Building,40,CLS-38,Operating Systems,FAC-19,Monday,34,2.0,0,0,69.46,24,29,7,0.96,1.4,2.42,9.75,63.12
2025-12-22,15-16,CR-07,Main Building,30,CLS-27,Computer Networks,FAC-21,Monday,16,1.0,0,0,96.97,16,20,28,1.38,1.27,1.38,8.57,56.67
2025-12-31,15-16,CR-18,IT Building,40,CLS-45,DBMS,FAC-22,Wednesday,23,1.0,0,0,78.34,18,18,37,0.54,0.85,1.08,6.96,45.0
2025-12-08,10-11,CR-12,IT Building,80,CLS-42,Statistics,FAC-02,Monday,66,1.5,1,0,87.64,58,70,7,0.02,0.03,0.27,1.37,20.39
2025-07-20,14-15,CR-01,Main Building,30,CLS-50,Machine Learning,FAC-16,Sunday,15,1.0,1,0,71.3,11,12,1,0.63,0.28,0.29,1.26,14.58
2025-07-11,13-14,CR-13,IT Building,40,CLS-04,Python,FAC-10,Friday,11,1.0,0,0,92.37,10,31,31,1.5,1.76,0.95,8.41,38.12
2025-09-28,13-14,CR-05,Main Building,80,CLS-31,Python,FAC-15,Sunday,23,1.0,0,1,71.38,16,71,6,1.1,1.91,0.51,8.56,41.82
2025-07-25,13-14,CR-01,Main Building,30,CLS-27,Web Development,FAC-06,Friday,28,1.5,0,1,89.31,25,27,19,0.96,0.63,1.78,8.15,92.5
2025-11-24,12-13,CR-07,Main Building,30,CLS-33,Software Engineering,FAC-21,Monday,9,1.5,1,0,83.4,8,18,12,0.33,0.17,0.15,0.5,4.92
2025-07-13,15-16,CR-02,Main Building,50,CLS-10,Artificial Intelligence,FAC-10,Sunday,25,1.0,0,0,83.08,21,43,4,1.22,1.51,0.62,7.17,53.0
2025-08-21,16-17,CR-10,Main Building,80,CLS-27,Web Development,FAC-29,Thursday,46,1.0,0,0,82.45,38,18,18,1.3,0.6,0.35,8.72,41.25
2025-09-07,15-16,CR-17,Main Building,50,CLS-11,Python,FAC-22,Sunday,23,1.5,0,0,71.98,17,32,6,1.55,1.79,1.87,10.37,41.5
2025-08-21,13-14,CR-02,Main Building,50,CLS-43,Data Science,FAC-13,Thursday,14,1.0,0,0,70.58,10,46,30,1.19,0.63,0.96,6.91,38.0
2025-07-28,09-10,CR-05,Main Building,80,CLS-10,Python,FAC-27,Monday,68,2.0,0,0,92.87,63,68,27,0.26,1.8,0.74,10.03,80.31
2025-09-12,13-14,CR-10,Main Building,80,CLS-42,Python,FAC-11,Friday,30,2.0,1,0,89.54,27,47,10,0.04,0.42,0.42,1.42,11.53
2025-11-14,09-10,CR-14,IT Building,80,CLS-37,Web Development,FAC-08,Friday,37,1.0,1,0,85.8,32,76,27,0.01,0.42,0.36,1.41,20.1
2025-09-28,16-17,CR-01,Main Building,30,CLS-24,Software Engineering,FAC-29,Sunday,8,1.0,0,0,82.53,7,14,14,1.16,0.64,0.91,6.3,29.17
2025-07-28,10-11,CR-04,Science Building,30,CLS-15,Computer Networks,FAC-25,Monday,20,3.0,0,1,95.81,19,16,9,1.2,3.65,1.14,14.53,64.97
2025-12-31,13-14,CR-05,Main Building,80,CLS-27,Machine Learning,FAC-11,Wednesday,23,1.0,0,0,89.18,21,56,23,1.17,0.53,0.7,7.87,37.19
2025-10-06,08-09,CR-12,IT Building,80,CLS-11,Statistics,FAC-12,Monday,18,2.0,0,1,91.09,16,75,17,0.7,1.71,1.62,10.54,42.17
2025-07-03,11-12,CR-11,Main Building,80,CLS-44,Statistics,FAC-19,Thursday,69,3.0,1,1,70.29,49,67,11,0.78,0.15,0.11,2.2,14.55
2025-09-10,10-11,CR-13,IT Building,40,CLS-16,Artificial Intelligence,FAC-14,Wednesday,8,1.0,0,0,95.37,8,27,22,1.35,1.23,0.7,7.83,31.88
2025-06-17,13-14,CR-03,Main Building,40,CLS-31,Statistics,FAC-28,Tuesday,32,1.5,1,0,75.74,24,10,37,0.27,0.27,0.4,1.2,8.21
2025-10-12,12-13,CR-19,Main Building,30,CLS-22,DBMS,FAC-03,Sunday,11,1.5,0,0,80.69,9,28,27,0.37,1.9,1.16,6.74,45.83
2025-08-04,13-14,CR-17,Main Building,50,CLS-42,Python,FAC-22,Monday,14,2.0,0,0,81.38,11,17,7,0.93,2.76,0.45,9.26,25.0
2025-07-21,12-13,CR-14,IT Building,80,CLS-49,Machine Learning,FAC-13,Monday,33,2.0,0,0,94.06,31,52,9,1.89,0.76,2.12,12.92,45.31
2025-11-27,14-15,CR-11,Main Building,80,CLS-16,Data Science,FAC-26,Thursday,25,1.0,1,0,87.51,22,69,2,0.03,0.07,0.32,1.31,13.6
2025-10-09,09-10,CR-01,Main Building,30,CLS-07,Web Development,FAC-17,Thursday,28,1.0,0,1,88.77,25,27,14,1.07,1.65,0.97,7.98,87.43
2025-10-21,16-17,CR-09,Science Building,40,CLS-03,Software Engineering,FAC-20,Tuesday,36,2.0,0,0,73.61,26,34,19,2.3,0.55,1.07,11.94,70.0
2025-10-20,09-10,CR-05,Main Building,80,CLS-26,Software Engineering,FAC-04,Monday,47,3.0,0,0,65.82,31,13,0,0.43,2.77,2.9,13.83,33.12
2025-10-12,08-09,CR-11,Main Building,80,CLS-33,Software Engineering,FAC-26,Sunday,53,2.0,0,0,83.21,44,17,34,1.39,1.3,0.83,12.08,46.56
2025-07-01,12-13,CR-01,Main Building,30,CLS-13,DBMS,FAC-10,Tuesday,28,3.0,0,0,67.88,19,5,17,2.22,3.63,2.83,18.74,51.67
2025-12-07,09-10,CR-02,Main Building,50,CLS-22,Computer Networks,FAC-23,Sunday,24,1.0,1,1,85.39,20,34,37,0.05,0.37,0.06,1.53,15.26
2025-06-28,11-12,CR-03,Main Building,40,CLS-07,Computer Networks,FAC-23,Saturday,21,2.0,0,0,88.95,19,7,8,2.39,2.35,1.81,14.02,40.0
2025-11-10,09-10,CR-06,IT Building,80,CLS-19,Computer Networks,FAC-15,Monday,69,1.5,0,0,73.64,51,76,7,1.87,0.86,1.83,11.72,71.56
2025-07-09,13-14,CR-19,Main Building,30,CLS-34,DBMS,FAC-13,Wednesday,11,1.0,0,0,92.28,10,23,16,0.25,1.75,0.58,4.91,44.17
2025-12-28,16-17,CR-09,Science Building,40,CLS-38,Artificial Intelligence,FAC-20,Sunday,10,3.0,0,0,94.2,9,6,37,2.15,2.83,1.25,17.02,20.62
2025-07-09,08-09,CR-08,Main Building,30,CLS-15,Machine Learning,FAC-24,Wednesday,14,2.0,0,0,84.81,12,17,30,1.34,1.0,0.57,8.9,44.17
2025-11-23,13-14,CR-16,IT Building,60,CLS-46,Machine Learning,FAC-25,Sunday,38,1.5,0,0,69.07,26,41,40,1.76,0.56,1.96,11.52,49.58
2025-06-25,11-12,CR-01,Main Building,30,CLS-19,Statistics,FAC-20,Wednesday,17,3.0,0,0,84.04,14,11,29,0.47,2.61,2.59,11.88,44.17
2025-10-07,14-15,CR-10,Main Building,80,CLS-42,Machine Learning,FAC-13,Tuesday,33,1.0,0,1,66.58,22,61,9,1.25,1.09,0.45,8.5,46.94
2025-11-28,13-14,CR-07,Main Building,30,CLS-09,Data Science,FAC-28,Friday,13,1.0,0,0,80.33,10,12,28,1.27,1.59,0.86,7.76,35.0
2025-12-04,16-17,CR-16,IT Building,60,CLS-25,Web Development,FAC-04,Thursday,23,1.5,0,0,93.38,21,51,36,0.46,2.32,1.73,9.53,47.5
2025-09-02,13-14,CR-16,IT Building,60,CLS-17,Artificial Intelligence,FAC-18,Tuesday,37,1.0,0,0,82.95,31,53,20,1.09,1.34,0.69,8.09,60.83
2025-10-08,11-12,CR-19,Main Building,30,CLS-16,Web Development,FAC-29,Wednesday,7,2.0,0,0,83.77,6,12,20,0.83,1.6,0.88,7.92,25.0
2025-12-26,12-13,CR-05,Main Building,80,CLS-44,Operating Systems,FAC-17,Friday,49,1.0,0,1,93.12,46,27,37,0.73,1.62,0.47,9.05,54.59
2025-09-19,14-15,CR-12,IT Building,80,CLS-25,Statistics,FAC-07,Friday,27,1.0,1,1,79.01,21,65,9,0.11,0.07,0.31,0.88,11.01
2025-07-12,10-11,CR-08,Main Building,30,CLS-27,Software Engineering,FAC-08,Saturday,8,3.0,0,0,80.66,6,14,7,2.62,1.11,0.3,13.88,26.67
2025-08-05,09-10,CR-18,IT Building,40,CLS-14,Statistics,FAC-24,Tuesday,27,2.0,0,0,86.52,23,36,35,0.37,2.95,1.62,9.44,65.62
2025-12-28,08-09,CR-06,IT Building,80,CLS-09,Software Engineering,FAC-01,Sunday,21,3.0,0,0,83.91,18,22,1,0.5,3.76,1.97,13.09,23.75
2025-09-16,10-11,CR-19,Main Building,30,CLS-19,Artificial Intelligence,FAC-28,Tuesday,6,1.0,1,0,71.07,4,25,24,0.56,0.07,0.01,1.41,8.37
2025-08-08,15-16,CR-08,Main Building,30,CLS-50,Artificial Intelligence,FAC-22,Friday,12,1.0,0,0,84.26,10,26,7,0.48,1.41,0.32,5.1,46.67
2025-11-07,09-10,CR-01,Main Building,30,CLS-48,DBMS,FAC-06,Friday,13,2.0,1,0,85.1,11,20,13,0.55,0.33,0.45,1.28,15.52
2025-12-09,14-15,CR-15,Main Building,30,CLS-37,Python,FAC-29,Tuesday,19,1.5,1,0,66.62,13,27,8,0.84,0.24,0.41,1.41,13.27
2025-11-13,10-11,CR-02,Main Building,50,CLS-46,Machine Learning,FAC-03,Thursday,13,1.0,0,1,75.33,10,21,32,0.75,1.55,1.39,7.97,29.0
2025-12-07,15-16,CR-18,IT Building,40,CLS-12,Computer Networks,FAC-01,Sunday,33,1.0,1,1,76.72,25,34,30,0.05,0.01,0.24,1.37,24.98
2025-12-10,13-14,CR-08,Main Building,30,CLS-13,Web Development,FAC-05,Wednesday,10,1.0,0,1,68.15,7,11,30,0.49,1.77,0.96,6.46,32.36
2025-07-05,12-13,CR-05,Main Building,80,CLS-24,Operating Systems,FAC-16,Saturday,44,3.0,0,0,92.35,41,70,16,2.64,2.33,2.76,20.94,60.31
2025-09-01,15-16,CR-11,Main Building,80,CLS-04,Data Science,FAC-04,Monday,58,3.0,0,1,92.88,54,56,11,2.26,3.07,0.54,19.99,70.68
2025-08-12,16-17,CR-10,Main Building,80,CLS-28,Python,FAC-08,Tuesday,61,1.5,0,1,65.29,40,41,37,0.53,2.26,0.67,10.86,57.28
2025-11-30,16-17,CR-16,IT Building,60,CLS-35,Software Engineering,FAC-28,Sunday,31,1.0,0,0,97.02,30,38,21,1.0,0.86,0.87,7.41,53.33
2025-11-24,16-17,CR-08,Main Building,30,CLS-24,Software Engineering,FAC-26,Monday,25,1.0,0,0,67.72,17,5,28,1.09,1.47,0.52,7.28,46.67
2025-09-07,11-12,CR-19,Main Building,30,CLS-12,Software Engineering,FAC-11,Sunday,13,1.0,1,0,90.03,12,8,29,0.09,0.24,0.0,0.78,7.16
2025-09-13,09-10,CR-14,IT Building,80,CLS-46,Operating Systems,FAC-19,Saturday,76,1.0,0,0,70.3,53,69,33,1.21,0.59,1.3,9.39,71.25
2025-11-18,09-10,CR-17,Main Building,50,CLS-49,Statistics,FAC-17,Tuesday,37,1.0,1,0,96.09,36,12,14,0.68,0.11,0.18,1.93,21.66
2025-08-23,12-13,CR-11,Main Building,80,CLS-38,Data Science,FAC-23,Saturday,20,1.0,1,1,87.07,17,54,28,0.55,0.18,0.45,1.53,13.83
2025-08-25,08-09,CR-03,Main Building,40,CLS-40,Web Development,FAC-15,Monday,14,1.5,0,1,67.69,9,33,8,1.07,2.05,0.36,8.65,41.91
2025-07-21,16-17,CR-19,Main Building,30,CLS-25,Artificial Intelligence,FAC-10,Monday,24,2.0,0,0,86.81,21,22,2,0.28,0.95,1.02,5.69,70.83
2025-11-29,15-16,CR-18,IT Building,40,CLS-41,Data Science,FAC-26,Saturday,35,3.0,0,0,72.71,25,8,35,2.9,2.78,1.07,19.98,51.88
2025-12-01,09-10,CR-01,Main Building,30,CLS-02,Machine Learning,FAC-24,Monday,14,1.0,0,0,74.39,10,25,13,0.72,0.8,1.46,5.81,45.83
2025-10-31,08-09,CR-13,IT Building,40,CLS-12,Artificial Intelligence,FAC-03,Friday,18,1.5,0,1,82.07,15,27,6,1.82,1.19,1.76,10.57,48.52
2025-10-28,08-09,CR-19,Main Building,30,CLS-45,Computer Networks,FAC-15,Tuesday,9,2.0,1,0,90.57,8,25,16,0.75,0.45,0.15,1.67,4.18
2025-11-30,12-13,CR-12,IT Building,80,CLS-33,Operating Systems,FAC-29,Sunday,27,1.0,0,0,80.36,22,73,18,1.33,1.67,0.74,8.86,43.44
2025-12-02,14-15,CR-14,IT Building,80,CLS-23,Data Science,FAC-20,Tuesday,35,3.0,0,0,74.44,26,17,22,1.61,2.07,1.68,16.37,29.69
2025-06-30,15-16,CR-04,Science Building,30,CLS-38,Operating Systems,FAC-05,Monday,16,1.0,0,0,82.98,13,12,6,0.66,0.76,1.21,5.27,42.5
2025-12-12,11-12,CR-11,Main Building,80,CLS-15,Computer Networks,FAC-15,Friday,39,2.0,0,0,86.27,34,75,28,2.3,2.27,0.35,14.33,55.31
2025-07-25,12-13,CR-05,Main Building,80,CLS-25,Artificial Intelligence,FAC-18,Friday,70,1.5,0,0,92.67,65,38,4,1.98,1.44,1.95,12.22,72.81
2025-06-03,12-13,CR-19,Main Building,30,CLS-29,Statistics,FAC-03,Tuesday,14,1.0,0,0,75.94,11,6,20,1.07,0.84,0.38,6.71,32.5
2025-11-23,10-11,CR-17,Main Building,50,CLS-02,Computer Networks,FAC-03,Sunday,46,2.0,0,0,65.9,30,23,25,0.91,1.49,1.49,10.18,56.5
2025-09-09,14-15,CR-20,Main Building,60,CLS-49,Operating Systems,FAC-27,Tuesday,54,1.0,0,0,68.41,37,56,5,0.58,0.57,0.95,5.71,69.58
2025-09-26,09-10,CR-06,IT Building,80,CLS-19,DBMS,FAC-12,Friday,40,1.5,0,0,89.79,36,18,13,0.59,1.24,0.28,7.8,39.38
2025-07-10,13-14,CR-07,Main Building,30,CLS-25,Statistics,FAC-12,Thursday,28,1.0,0,0,67.09,19,21,14,0.71,1.93,0.74,6.63,65.0
2025-12-04,14-15,CR-16,IT Building,60,CLS-14,Artificial Intelligence,FAC-24,Thursday,12,1.5,0,0,82.36,10,56,3,0.87,1.69,1.96,8.36,35.83
2025-11-17,15-16,CR-06,IT Building,80,CLS-34,DBMS,FAC-21,Monday,54,1.0,0,0,76.77,41,46,26,1.48,1.56,0.81,9.43,52.81
2025-12-09,09-10,CR-06,IT Building,80,CLS-44,Computer Networks,FAC-03,Tuesday,32,2.0,1,1,65.4,21,38,25,0.52,0.49,0.26,2.31,6.43
2025-12-15,14-15,CR-06,IT Building,80,CLS-29,Artificial Intelligence,FAC-13,Monday,60,1.0,0,0,97.89,59,16,37,1.43,1.59,0.95,10.51,60.31
2025-08-21,09-10,CR-20,Main Building,60,CLS-22,Computer Networks,FAC-29,Thursday,37,1.0,0,0,84.49,31,50,25,0.92,1.56,0.77,7.78,59.58
2025-07-22,14-15,CR-05,Main Building,80,CLS-46,Machine Learning,FAC-26,Tuesday,19,1.0,1,0,73.77,14,61,16,0.84,0.45,0.27,1.71,3.76
2025-10-09,15-16,CR-02,Main Building,50,CLS-20,Software Engineering,FAC-04,Thursday,15,1.0,1,0,66.04,10,19,30,0.93,0.35,0.21,1.21,7.95
2025-11-19,11-12,CR-20,Main Building,60,CLS-27,Artificial Intelligence,FAC-30,Wednesday,22,1.5,1,0,80.36,18,57,38,0.89,0.08,0.05,2.31,9.02
2025-12-09,16-17,CR-13,IT Building,40,CLS-29,Operating Systems,FAC-16,Tuesday,30,1.0,0,0,65.09,20,25,33,0.64,0.72,0.52,6.16,53.12
2025-10-30,08-09,CR-16,IT Building,60,CLS-06,Data Science,FAC-23,Thursday,49,2.0,0,1,85.06,42,57,38,1.53,0.74,1.59,13.25,83.83
2025-08-23,12-13,CR-18,IT Building,40,CLS-12,Operating Systems,FAC-01,Saturday,9,2.0,0,1,97.96,9,21,13,2.38,0.51,2.04,12.94,36.66
2025-12-29,09-10,CR-07,Main Building,30,CLS-09,Computer Networks,FAC-17,Monday,24,1.0,0,0,74.77,18,17,0,0.65,1.28,1.08,5.44,59.17
2025-07-11,09-10,CR-08,Main Building,30,CLS-28,Software Engineering,FAC-28,Friday,23,1.0,0,0,89.72,21,19,15,0.56,0.98,0.64,5.09,68.33
2025-06-22,10-11,CR-20,Main Building,60,CLS-05,Software Engineering,FAC-09,Sunday,23,2.0,1,0,77.86,18,13,37,0.49,0.21,0.41,2.26,5.75
2025-09-14,09-10,CR-16,IT Building,60,CLS-28,Artificial Intelligence,FAC-11,Sunday,47,2.0,0,0,80.35,38,23,23,0.92,2.44,2.17,12.49,57.08
2025-09-01,10-11,CR-18,IT Building,40,CLS-21,Software Engineering,FAC-16,Monday,29,1.0,0,0,66.94,19,6,9,0.91,0.57,0.29,5.46,39.38
2025-12-14,10-11,CR-18,IT Building,40,CLS-50,Data Science,FAC-20,Sunday,37,1.0,0,0,85.23,32,15,34,0.63,1.61,1.37,7.66,69.38
2025-09-21,16-17,CR-20,Main Building,60,CLS-32,Machine Learning,FAC-12,Sunday,24,1.0,0,0,81.98,20,28,31,0.39,1.48,1.01,6.69,36.67
2025-07-11,14-15,CR-17,Main Building,50,CLS-43,Web Development,FAC-28,Friday,41,1.0,0,0,82.02,34,30,20,1.41,1.28,1.49,8.65,66.0
2025-06-09,15-16,CR-05,Main Building,80,CLS-34,DBMS,FAC-04,Monday,64,1.0,0,1,80.53,52,57,3,0.48,1.4,1.12,7.9,71.72
2025-06-13,16-17,CR-16,IT Building,60,CLS-21,Computer Networks,FAC-24,Friday,31,3.0,0,0,80.46,25,56,21,0.52,2.14,0.47,10.96,54.58
2025-10-17,09-10,CR-01,Main Building,30,CLS-21,Software Engineering,FAC-01,Friday,9,1.0,0,1,96.76,9,25,26,0.44,1.3,0.96,6.22,47.86
2025-10-31,15-16,CR-09,Science Building,40,CLS-17,Operating Systems,FAC-14,Friday,10,2.0,0,0,95.44,10,33,24,1.66,0.86,1.23,10.7,39.38
2025-07-20,14-15,CR-10,Main Building,80,CLS-25,Artificial Intelligence,FAC-08,Sunday,75,1.0,0,0,93.48,70,68,28,0.48,1.93,0.32,8.57,86.88
2025-08-10,14-15,CR-08,Main Building,30,CLS-13,Operating Systems,FAC-19,Sunday,10,1.0,1,0,97.46,10,9,16,0.86,0.33,0.37,0.9,4.37
2025-06-20,13-14,CR-01,Main Building,30,CLS-12,DBMS,FAC-16,Friday,15,1.0,0,0,93.39,14,11,9,0.81,1.54,1.07,6.25,44.17
2025-08-20,08-09,CR-11,Main Building,80,CLS-11,Machine Learning,FAC-20,Wednesday,34,1.0,0,0,75.56,26,44,30,0.55,1.01,1.25,7.25,38.12
2025-07-04,14-15,CR-01,Main Building,30,CLS-40,Operating Systems,FAC-28,Friday,26,2.0,0,0,91.99,24,23,2,0.37,2.25,1.24,7.44,79.17
2025-08-09,13-14,CR-19,Main Building,30,CLS-32,Operating Systems,FAC-08,Saturday,19,1.5,0,1,89.13,17,21,24,1.87,2.0,1.02,11.58,66.45
2025-08-21,09-10,CR-20,Main Building,60,CLS-36,Machine Learning,FAC-15,Thursday,31,1.5,1,0,80.2,25,33,27,0.08,0.36,0.15,1.24,9.43
2025-11-05,15-16,CR-17,Main Building,50,CLS-34,Artificial Intelligence,FAC-17,Wednesday,38,3.0,0,1,66.61,25,45,22,2.73,2.19,1.02,20.04,67.42
2025-09-01,15-16,CR-04,Science Building,30,CLS-16,Machine Learning,FAC-26,Monday,26,2.0,0,0,65.01,17,12,8,1.8,2.42,0.72,11.37,52.5
2025-12-20,14-15,CR-03,Main Building,40,CLS-28,DBMS,FAC-28,Saturday,26,1.0,0,0,81.16,21,36,16,0.36,1.62,1.31,5.93,61.88
2025-10-01,15-16,CR-16,IT Building,60,CLS-18,DBMS,FAC-15,Wednesday,52,1.0,0,0,87.78,46,23,32,0.25,1.9,0.94,7.69,67.08
2025-08-10,16-17,CR-15,Main Building,30,CLS-29,Artificial Intelligence,FAC-13,Sunday,8,3.0,0,0,85.47,7,21,24,2.08,2.46,2.61,16.76,35.0
2025-10-23,16-17,CR-16,IT Building,60,CLS-22,Artificial Intelligence,FAC-16,Thursday,49,3.0,1,1,84.22,41,23,8,0.17,0.46,0.34,2.0,23.14
2025-06-11,08-09,CR-02,Main Building,50,CLS-21,Statistics,FAC-01,Wednesday,30,1.0,0,0,88.07,26,35,14,1.48,0.61,0.79,7.86,56.5
2025-09-06,13-14,CR-18,IT Building,40,CLS-24,Web Development,FAC-02,Saturday,18,2.0,0,0,91.62,16,20,17,2.42,1.64,2.02,13.38,42.5
2025-08-17,10-11,CR-10,Main Building,80,CLS-27,Data Science,FAC-28,Sunday,58,2.0,0,0,95.26,55,29,12,1.79,1.11,1.62,13.28,60.62
2025-11-04,11-12,CR-08,Main Building,30,CLS-04,Computer Networks,FAC-11,Tuesday,13,1.0,0,0,71.61,9,26,11,0.56,1.93,0.42,5.67,44.17
2025-11-04,15-16,CR-11,Main Building,80,CLS-38,Software Engineering,FAC-01,Tuesday,52,1.5,0,1,71.31,37,35,7,0.99,1.68,1.31,10.67,51.19
2025-06-01,16-17,CR-16,IT Building,60,CLS-36,Operating Systems,FAC-25,Sunday,52,1.0,1,0,95.2,50,41,35,0.39,0.22,0.35,1.47,11.45
2025-11-27,15-16,CR-07,Main Building,30,CLS-30,Computer Networks,FAC-08,Thursday,7,2.0,0,0,86.88,6,11,18,1.11,1.54,1.03,8.69,24.17
2025-11-12,16-17,CR-08,Main Building,30,CLS-28,Computer Networks,FAC-14,Wednesday,6,2.0,0,1,87.65,5,19,16,1.92,2.45,1.09,12.38,35.2
2025-08-25,08-09,CR-02,Main Building,50,CLS-44,Web Development,FAC-09,Monday,33,2.0,0,0,90.23,30,15,38,0.26,1.69,2.04,9.29,52.5
2025-09-11,10-11,CR-20,Main Building,60,CLS-47,Python,FAC-22,Thursday,17,1.0,0,1,86.27,15,23,11,1.38,1.35,1.25,9.48,34.47
2025-07-08,14-15,CR-12,IT Building,80,CLS-10,Operating Systems,FAC-17,Tuesday,26,1.0,0,0,97.36,25,42,1,1.13,1.36,0.3,7.72,36.56
2025-08-25,12-13,CR-03,Main Building,40,CLS-48,Artificial Intelligence,FAC-14,Monday,23,1.0,0,0,91.31,21,34,20,0.8,1.94,0.59,6.48,60.62
2025-07-23,16-17,CR-15,Main Building,30,CLS-11,Web Development,FAC-26,Wednesday,26,1.0,0,0,89.57,23,26,28,0.77,1.23,1.25,6.68,79.17
2025-10-30,16-17,CR-15,Main Building,30,CLS-43,Python,FAC-17,Thursday,27,2.0,0,0,82.17,22,19,10,1.44,2.49,2.43,11.68,70.83
2025-11-30,13-14,CR-07,Main Building,30,CLS-45,Software Engineering,FAC-26,Sunday,6,1.0,0,0,66.82,4,14,19,0.99,1.52,1.48,7.03,21.67
2025-11-08,15-16,CR-05,Main Building,80,CLS-28,Software Engineering,FAC-07,Saturday,71,2.0,0,0,82.22,58,70,1,0.61,1.46,1.57,10.02,76.25
2025-08-29,09-10,CR-07,Main Building,30,CLS-03,Computer Networks,FAC-20,Friday,19,1.5,0,0,88.93,17,28,4,1.36,1.93,1.0,8.34,65.83
2025-10-15,09-10,CR-11,Main Building,80,CLS-25,Software Engineering,FAC-08,Wednesday,51,1.5,0,0,70.37,36,73,33,0.53,2.28,0.38,9.66,56.56
2025-08-25,11-12,CR-15,Main Building,30,CLS-37,Software Engineering,FAC-25,Monday,10,1.0,0,1,91.45,9,9,9,0.54,1.2,1.39,5.52,32.51
2025-09-30,09-10,CR-16,IT Building,60,CLS-16,Python,FAC-28,Tuesday,39,2.0,0,1,74.37,29,11,33,2.32,1.57,1.57,16.11,45.07
2025-07-26,08-09,CR-14,IT Building,80,CLS-36,Web Development,FAC-22,Saturday,74,2.0,0,0,80.18,59,27,27,1.1,1.06,1.79,12.03,63.75
2025-09-22,10-11,CR-07,Main Building,30,CLS-35,Computer Networks,FAC-14,Monday,16,2.0,0,0,91.04,15,16,15,2.17,2.8,0.61,12.92,50.83
2025-10-02,13-14,CR-12,IT Building,80,CLS-37,Artificial Intelligence,FAC-15,Thursday,66,1.0,1,0,75.03,50,49,6,0.86,0.1,0.0,1.55,21.35
2025-08-21,15-16,CR-16,IT Building,60,CLS-43,Data Science,FAC-12,Thursday,12,1.0,0,0,78.68,9,30,34,0.81,1.77,0.67,7.91,23.75
2025-11-14,16-17,CR-18,IT Building,40,CLS-05,Python,FAC-21,Friday,25,1.0,0,1,94.45,24,34,9,1.02,1.29,0.66,7.33,69.52
2025-10-03,16-17,CR-10,Main Building,80,CLS-49,Artificial Intelligence,FAC-26,Friday,46,2.0,0,0,79.75,37,14,9,2.3,1.73,1.4,14.2,39.06
2025-08-13,09-10,CR-01,Main Building,30,CLS-19,Machine Learning,FAC-12,Wednesday,7,3.0,0,0,78.75,6,22,7,2.42,1.99,0.99,14.82,33.33
2025-06-30,14-15,CR-13,IT Building,40,CLS-01,Software Engineering,FAC-22,Monday,11,1.5,1,0,84.52,9,11,21,0.61,0.36,0.16,1.63,6.9
2025-11-09,14-15,CR-14,IT Building,80,CLS-06,DBMS,FAC-21,Sunday,34,1.0,1,0,66.12,22,68,22,0.81,0.06,0.36,1.6,4.75
2025-06-11,12-13,CR-11,Main Building,80,CLS-36,Web Development,FAC-02,Wednesday,76,2.0,0,1,67.08,51,29,8,1.42,2.13,0.64,13.4,62.63
2025-06-06,14-15,CR-19,Main Building,30,CLS-40,Python,FAC-30,Friday,26,1.5,0,1,77.26,20,13,19,1.88,1.38,1.65,11.24,64.29
2025-09-20,13-14,CR-17,Main Building,50,CLS-03,DBMS,FAC-26,Saturday,35,1.0,0,0,96.76,34,32,18,1.27,1.76,0.27,8.24,67.0
2025-10-03,10-11,CR-06,IT Building,80,CLS-20,Artificial Intelligence,FAC-11,Friday,65,2.0,1,0,96.49,63,74,2,0.78,0.38,0.04,1.4,21.14
2025-07-27,11-12,CR-12,IT Building,80,CLS-05,Web Development,FAC-28,Sunday,57,2.0,0,0,92.72,53,46,40,0.45,1.54,1.1,10.64,64.06
2025-12-18,14-15,CR-13,IT Building,40,CLS-45,DBMS,FAC-22,Thursday,27,1.0,0,0,76.55,21,22,22,0.63,0.82,0.47,5.95,53.12
2025-07-25,16-17,CR-01,Main Building,30,CLS-18,Software Engineering,FAC-28,Friday,23,3.0,1,0,81.79,19,19,20,0.3,0.08,0.42,1.57,9.48
2025-08-20,09-10,CR-10,Main Building,80,CLS-01,Statistics,FAC-13,Wednesday,23,2.0,0,0,97.06,22,76,28,1.04,1.23,1.6,10.97,44.38
2025-07-24,09-10,CR-16,IT Building,60,CLS-01,Statistics,FAC-17,Thursday,19,1.5,0,1,85.79,16,44,6,1.5,2.42,0.54,11.08,41.67
2025-06-05,11-12,CR-18,IT Building,40,CLS-19,Computer Networks,FAC-20,Thursday,11,2.0,0,1,97.91,11,12,23,1.13,2.31,1.54,11.9,30.45
2025-09-06,12-13,CR-11,Main Building,80,CLS-17,Computer Networks,FAC-13,Saturday,25,1.0,0,0,78.06,20,26,9,0.41,1.23,0.9,6.36,26.88
2025-08-29,11-12,CR-14,IT Building,80,CLS-07,Data Science,FAC-15,Friday,41,2.0,0,0,71.66,29,62,11,2.36,1.07,1.17,13.87,46.56
2025-12-15,10-11,CR-19,Main Building,30,CLS-23,Operating Systems,FAC-26,Monday,26,2.0,0,0,75.15,20,12,11,1.35,1.06,0.37,8.25,60.0
2025-06-10,16-17,CR-02,Main Building,50,CLS-41,Statistics,FAC-21,Tuesday,42,2.0,0,0,90.71,38,36,14,1.69,1.35,0.36,10.85,75.0
2025-11-14,11-12,CR-03,Main Building,40,CLS-49,Artificial Intelligence,FAC-25,Friday,23,1.0,0,0,95.71,22,23,11,0.85,1.01,1.18,6.43,55.63
2025-09-06,09-10,CR-09,Science Building,40,CLS-50,Web Development,FAC-15,Saturday,10,1.5,0,0,93.94,9,22,16,0.9,1.31,1.01,7.45,30.62
2025-12-14,09-10,CR-12,IT Building,80,CLS-12,Computer Networks,FAC-09,Sunday,34,1.0,1,1,73.17,25,30,38,0.18,0.12,0.13,1.67,9.02
2025-10-31,12-13,CR-12,IT Building,80,CLS-17,Machine Learning,FAC-22,Friday,59,3.0,0,0,72.6,43,40,29,2.06,0.91,1.32,16.63,52.81
2025-10-21,08-09,CR-09,Science Building,40,CLS-39,Software Engineering,FAC-16,Tuesday,34,1.5,0,0,67.15,23,18,35,0.39,0.75,1.71,7.55,54.37
2025-12-24,11-12,CR-15,Main Building,30,CLS-16,Statistics,FAC-13,Wednesday,16,2.0,0,0,86.71,14,9,26,0.4,1.48,0.88,7.36,42.5
2025-09-30,14-15,CR-01,Main Building,30,CLS-46,Operating Systems,FAC-10,Tuesday,27,2.0,0,0,80.88,22,17,8,0.96,0.84,1.92,8.96,69.17
2025-12-13,12-13,CR-01,Main Building,30,CLS-11,Computer Networks,FAC-23,Saturday,9,1.0,0,0,94.04,8,13,4,1.43,0.59,1.17,6.78,30.83
2025-08-23,13-14,CR-11,Main Building,80,CLS-25,Machine Learning,FAC-18,Saturday,28,1.0,0,0,66.8,19,23,13,1.04,1.03,1.21,7.78,25.0
2025-10-15,12-13,CR-04,Science Building,30,CLS-45,Artificial Intelligence,FAC-12,Wednesday,8,3.0,0,1,93.49,7,25,11,1.25,2.34,0.57,11.6,41.97
2025-07-04,13-14,CR-05,Main Building,80,CLS-31,Artificial Intelligence,FAC-01,Friday,39,1.5,0,1,71.04,28,19,32,1.82,0.8,1.36,12.46,39.62
2025-11-13,16-17,CR-06,IT Building,80,CLS-45,Python,FAC-15,Thursday,26,1.5,0,0,94.37,25,62,12,1.85,2.09,0.56,11.29,42.81
2025-07-23,12-13,CR-02,Main Building,50,CLS-45,Data Science,FAC-22,Wednesday,23,1.5,0,0,95.44,22,22,9,1.49,2.07,0.4,9.6,44.0
2025-09-13,15-16,CR-06,IT Building,80,CLS-29,DBMS,FAC-08,Saturday,25,1.5,0,0,84.23,21,69,27,1.69,2.22,0.3,11.94,41.25
2025-09-21,12-13,CR-14,IT Building,80,CLS-40,Artificial Intelligence,FAC-30,Sunday,48,3.0,0,0,68.54,33,49,24,0.38,3.25,1.31,13.92,46.25
2025-10-16,15-16,CR-15,Main Building,30,CLS-49,Web Development,FAC-19,Thursday,27,1.0,0,0,68.53,19,12,19,1.2,1.77,0.98,7.86,57.5
2025-11-04,11-12,CR-03,Main Building,40,CLS-13,Computer Networks,FAC-16,Tuesday,19,2.0,0,0,86.48,16,31,26,2.08,1.59,0.53,12.48,49.38
2025-10-08,12-13,CR-20,Main Building,60,CLS-01,Artificial Intelligence,FAC-08,Wednesday,37,2.0,0,0,96.02,36,50,32,1.48,2.04,2.35,13.51,65.83
2025-07-24,10-11,CR-02,Main Building,50,CLS-13,Machine Learning,FAC-13,Thursday,17,2.0,1,0,74.82,13,13,30,1.0,0.34,0.2,2.18,6.11
2025-06-04,13-14,CR-08,Main Building,30,CLS-20,Python,FAC-30,Wednesday,12,2.0,1,1,83.47,10,11,6,0.42,0.44,0.24,1.37,11.07
2025-12-21,09-10,CR-17,Main Building,50,CLS-02,Machine Learning,FAC-13,Sunday,35,1.0,0,0,92.2,32,17,15,1.15,1.78,0.73,8.08,56.5
2025-09-17,10-11,CR-18,IT Building,40,CLS-04,Machine Learning,FAC-28,Wednesday,27,1.0,0,1,68.78,19,29,12,1.3,1.25,0.41,8.0,56.18
2025-08-30,12-13,CR-08,Main Building,30,CLS-37,Operating Systems,FAC-18,Saturday,9,1.0,0,0,71.73,6,12,25,1.31,0.92,1.24,7.6,25.0
2025-06-23,13-14,CR-19,Main Building,30,CLS-06,Python,FAC-22,Monday,18,3.0,0,0,81.13,15,20,13,2.26,1.83,1.2,14.84,54.17
2025-07-17,11-12,CR-13,IT Building,40,CLS-23,Python,FAC-10,Thursday,20,1.0,0,0,79.27,16,17,9,1.04,0.68,0.89,6.28,40.62
2025-08-19,15-16,CR-18,IT Building,40,CLS-41,Statistics,FAC-05,Tuesday,12,1.0,0,1,97.51,12,15,27,0.54,1.58,0.79,6.51,39.65
2025-06-26,11-12,CR-11,Main Building,80,CLS-03,Computer Networks,FAC-05,Thursday,20,1.0,0,0,80.53,16,16,4,1.48,0.79,1.05,8.36,20.0
2025-08-22,15-16,CR-20,Main Building,60,CLS-38,Operating Systems,FAC-30,Friday,53,1.0,0,0,83.99,45,54,39,0.96,1.42,0.88,8.7,78.75
2025-10-13,09-10,CR-02,Main Building,50,CLS-37,Statistics,FAC-16,Monday,32,1.0,0,1,78.64,25,32,26,1.21,1.97,1.44,9.86,61.1
2025-06-13,16-17,CR-07,Main Building,30,CLS-27,Software Engineering,FAC-03,Friday,18,2.0,1,0,94.68,17,7,9,0.16,0.46,0.44,0.77,5.44
2025-07-28,15-16,CR-07,Main Building,30,CLS-04,Software Engineering,FAC-22,Monday,20,1.0,0,0,80.18,16,22,0,1.07,0.89,0.28,5.14,58.33
2025-07-20,08-09,CR-20,Main Building,60,CLS-10,Python,FAC-30,Sunday,15,1.0,1,0,69.66,10,20,25,0.44,0.14,0.38,1.17,7.06
2025-10-02,08-09,CR-06,IT Building,80,CLS-42,Web Development,FAC-16,Thursday,34,2.0,0,0,79.46,27,33,4,0.55,2.97,1.0,10.25,35.62
2025-07-30,10-11,CR-15,Main Building,30,CLS-15,Software Engineering,FAC-04,Wednesday,16,1.0,0,1,84.32,13,10,5,1.22,1.88,1.19,7.8,43.64
2025-09-25,10-11,CR-11,Main Building,80,CLS-17,Python,FAC-04,Thursday,34,2.0,1,0,84.98,29,49,31,0.09,0.44,0.27,2.25,14.08
2025-09-03,12-13,CR-08,Main Building,30,CLS-42,Machine Learning,FAC-17,Wednesday,23,1.5,0,0,66.32,15,23,8,1.86,1.48,1.77,10.18,56.67
2025-09-25,16-17,CR-02,Main Building,50,CLS-04,Operating Systems,FAC-27,Thursday,46,1.0,1,0,67.03,31,34,13,0.25,0.44,0.45,1.31,13.97
2025-11-01,16-17,CR-08,Main Building,30,CLS-31,Artificial Intelligence,FAC-12,Saturday,26,2.0,0,0,80.12,21,12,26,1.24,0.94,2.43,10.18,62.5
2025-08-26,16-17,CR-08,Main Building,30,CLS-35,Operating Systems,FAC-12,Tuesday,7,1.0,1,0,86.8,6,27,14,0.24,0.47,0.01,0.73,14.65
2025-11-05,08-09,CR-07,Main Building,30,CLS-08,Operating Systems,FAC-26,Wednesday,10,1.0,1,0,65.19,7,11,24,0.5,0.24,0.08,0.5,5.57
2025-10-29,16-17,CR-01,Main Building,30,CLS-19,DBMS,FAC-07,Wednesday,13,1.0,0,0,94.38,12,22,13,0.26,1.96,1.03,5.36,48.33
2025-08-07,08-09,CR-04,Science Building,30,CLS-04,Machine Learning,FAC-10,Thursday,18,1.0,0,1,70.01,13,25,6,0.31,1.31,0.54,4.64,61.27
2025-07-24,13-14,CR-06,IT Building,80,CLS-01,Computer Networks,FAC-06,Thursday,27,3.0,0,0,86.46,23,38,4,1.77,0.77,1.7,13.83,33.44
2025-09-08,12-13,CR-05,Main Building,80,CLS-49,Computer Networks,FAC-13,Monday,69,1.0,0,0,91.11,63,60,6,0.35,1.83,0.97,7.62,77.81
2025-08-14,08-09,CR-18,IT Building,40,CLS-10,DBMS,FAC-04,Thursday,8,1.0,0,0,65.78,5,34,7,1.42,1.47,0.36,7.79,30.62
2025-11-02,12-13,CR-11,Main Building,80,CLS-30,Web Development,FAC-02,Sunday,37,3.0,0,1,65.69,24,58,1,0.39,2.63,1.94,12.52,45.95
2025-11-01,08-09,CR-01,Main Building,30,CLS-49,Artificial Intelligence,FAC-14,Saturday,20,3.0,0,0,82.55,17,9,25,1.67,0.57,1.03,11.9,50.0
2025-09-15,11-12,CR-12,IT Building,80,CLS-39,Artificial Intelligence,FAC-03,Monday,46,3.0,0,0,66.76,31,58,11,2.73,3.04,2.99,22.14,47.19
2025-08-07,09-10,CR-08,Main Building,30,CLS-42,Python,FAC-05,Thursday,28,1.0,0,0,84.9,24,19,3,0.82,0.83,1.17,5.64,75.83
2025-06-14,14-15,CR-14,IT Building,80,CLS-21,Computer Networks,FAC-01,Saturday,26,1.0,0,0,94.84,25,36,23,0.54,0.76,1.12,6.79,34.69
2025-09-23,15-16,CR-15,Main Building,30,CLS-19,Machine Learning,FAC-22,Tuesday,15,2.0,0,0,77.68,12,19,2,2.17,2.43,1.58,12.03,45.83
2025-10-06,13-14,CR-07,Main Building,30,CLS-10,Data Science,FAC-23,Monday,21,3.0,1,1,74.07,16,23,27,0.94,0.33,0.49,2.7,20.4
2025-11-21,13-14,CR-06,IT Building,80,CLS-26,Machine Learning,FAC-11,Friday,49,1.5,0,1,91.83,45,26,25,0.84,2.43,0.29,10.92,57.21
2025-10-20,11-12,CR-04,Science Building,30,CLS-31,Machine Learning,FAC-11,Monday,9,1.0,0,0,90.37,8,9,23,1.46,1.01,1.06,7.96,27.5
2025-08-07,09-10,CR-06,IT Building,80,CLS-19,Software Engineering,FAC-10,Thursday,39,1.0,0,0,93.58,36,39,4,1.0,1.72,0.64,8.09,45.94
2025-11-20,11-12,CR-15,Main Building,30,CLS-05,Operating Systems,FAC-29,Thursday,28,1.0,0,1,72.54,20,4,21,0.79,1.52,0.48,6.71,57.79
2025-10-31,13-14,CR-10,Main Building,80,CLS-21,Python,FAC-18,Friday,38,1.5,1,0,91.25,35,36,16,0.04,0.33,0.32,1.81,4.5
2025-07-02,09-10,CR-16,IT Building,60,CLS-26,Machine Learning,FAC-15,Wednesday,13,1.5,0,0,96.05,12,50,2,1.5,2.09,1.83,9.91,35.83
2025-06-30,09-10,CR-05,Main Building,80,CLS-29,DBMS,FAC-18,Monday,30,3.0,0,1,93.7,28,23,29,2.31,1.99,2.2,20.9,36.41
2025-08-02,13-14,CR-16,IT Building,60,CLS-38,Computer Networks,FAC-12,Saturday,39,1.0,0,0,93.63,37,13,36,1.47,1.93,0.66,9.6,51.67
2025-06-17,13-14,CR-10,Main Building,80,CLS-09,Computer Networks,FAC-24,Tuesday,19,2.0,0,1,73.17,14,31,18,2.24,1.4,1.65,15.09,25.26
2025-09-16,12-13,CR-07,Main Building,30,CLS-18,Data Science,FAC-10,Tuesday,27,2.0,0,0,86.98,23,12,28,2.01,0.96,0.94,10.94,67.5
2025-09-30,13-14,CR-10,Main Building,80,CLS-43,Computer Networks,FAC-14,Tuesday,25,1.0,0,0,97.44,24,28,14,1.29,1.22,1.35,8.57,31.25
2025-06-16,14-15,CR-10,Main Building,80,CLS-09,Machine Learning,FAC-26,Monday,21,1.5,0,0,76.47,16,63,3,1.63,0.95,1.6,9.87,34.69
2025-07-28,16-17,CR-20,Main Building,60,CLS-23,Machine Learning,FAC-21,Monday,56,1.0,0,0,74.02,41,24,17,0.75,1.62,0.34,7.43,61.25
2025-11-24,14-15,CR-13,IT Building,40,CLS-21,Data Science,FAC-03,Monday,35,3.0,0,0,86.77,30,33,16,2.22,2.79,2.34,17.95,76.88
2025-08-23,11-12,CR-08,Main Building,30,CLS-07,Computer Networks,FAC-25,Saturday,14,2.0,0,0,96.06,13,17,1,1.62,2.03,1.91,10.41,46.67
2025-12-17,13-14,CR-10,Main Building,80,CLS-07,Machine Learning,FAC-23,Wednesday,72,1.0,0,0,76.0,55,40,18,1.13,1.87,0.26,9.18,64.06
2025-11-12,14-15,CR-08,Main Building,30,CLS-41,Machine Learning,FAC-25,Wednesday,27,1.0,0,1,80.05,22,23,27,1.32,1.74,1.36,9.28,80.27
2025-11-11,15-16,CR-18,IT Building,40,CLS-28,Statistics,FAC-27,Tuesday,29,2.0,0,0,96.03,28,30,3,1.26,2.14,1.13,9.77,71.25
2025-06-29,16-17,CR-17,Main Building,50,CLS-15,Python,FAC-09,Sunday,16,2.0,1,0,89.52,14,47,17,0.5,0.41,0.37,1.08,12.98
2025-10-04,12-13,CR-16,IT Building,60,CLS-16,DBMS,FAC-09,Saturday,56,1.0,0,1,65.68,37,39,15,1.04,1.15,0.82,8.62,67.09
2025-11-02,15-16,CR-02,Main Building,50,CLS-07,Computer Networks,FAC-17,Sunday,33,1.0,0,0,94.23,31,11,30,1.14,1.33,1.19,8.71,52.0
2025-12-22,13-14,CR-02,Main Building,50,CLS-17,Python,FAC-26,Monday,46,1.0,0,0,66.27,30,12,7,0.28,0.63,0.8,5.63,51.0
2025-10-11,13-14,CR-20,Main Building,60,CLS-26,Software Engineering,FAC-19,Saturday,56,1.5,0,0,74.2,42,56,39,0.81,1.17,1.47,9.89,75.83
2025-08-31,10-11,CR-19,Main Building,30,CLS-02,Artificial Intelligence,FAC-24,Sunday,27,1.0,0,1,80.63,22,15,15,0.9,1.39,1.21,7.35,75.03
2025-07-10,16-17,CR-03,Main Building,40,CLS-34,Web Development,FAC-15,Thursday,31,1.0,0,0,83.59,26,38,3,1.09,0.99,0.76,6.47,72.5
2025-09-10,11-12,CR-20,Main Building,60,CLS-39,Data Science,FAC-10,Wednesday,16,1.5,1,0,72.63,12,14,38,0.98,0.25,0.5,1.58,4.25
2025-08-08,08-09,CR-13,IT Building,40,CLS-12,Operating Systems,FAC-17,Friday,28,2.0,0,1,81.75,23,9,25,0.34,2.76,2.09,10.5,53.76
2025-07-22,09-10,CR-04,Science Building,30,CLS-10,Machine Learning,FAC-15,Tuesday,24,1.0,0,0,88.95,21,21,4,1.01,1.37,1.5,6.97,70.0
2025-12-17,10-11,CR-07,Main Building,30,CLS-16,Machine Learning,FAC-06,Wednesday,16,1.5,0,0,84.19,13,8,11,1.96,2.16,2.0,10.92,39.17
2025-06-01,11-12,CR-17,Main Building,50,CLS-23,Computer Networks,FAC-04,Sunday,37,1.0,1,0,84.41,31,14,16,0.2,0.25,0.36,0.73,6.83
2025-08-11,10-11,CR-16,IT Building,60,CLS-42,Operating Systems,FAC-07,Monday,21,1.0,0,0,93.87,20,23,31,0.44,1.5,0.58,6.69,34.58
2025-08-05,10-11,CR-04,Science Building,30,CLS-44,Web Development,FAC-24,Tuesday,10,1.0,0,0,76.77,8,9,1,1.43,0.86,0.37,6.22,27.5
2025-09-21,11-12,CR-16,IT Building,60,CLS-17,Machine Learning,FAC-12,Sunday,53,2.0,0,0,86.18,46,48,39,0.99,2.23,0.39,11.33,77.5
2025-08-13,10-11,CR-11,Main Building,80,CLS-04,Artificial Intelligence,FAC-19,Wednesday,24,2.0,0,0,93.29,22,12,36,2.09,2.96,2.36,16.3,24.38
2025-09-02,13-14,CR-18,IT Building,40,CLS-32,Operating Systems,FAC-20,Tuesday,33,2.0,0,0,89.62,30,31,18,0.55,1.29,0.52,7.05,75.62
2025-11-19,10-11,CR-16,IT Building,60,CLS-14,Operating Systems,FAC-19,Wednesday,34,1.5,0,0,80.01,27,42,40,1.22,0.92,0.3,9.16,51.25
2025-06-26,14-15,CR-03,Main Building,40,CLS-09,Statistics,FAC-05,Thursday,10,1.0,0,0,66.97,7,12,40,0.84,1.28,1.32,7.92,20.62
2025-06-19,11-12,CR-07,Main Building,30,CLS-04,Machine Learning,FAC-01,Thursday,21,1.0,0,0,89.17,19,28,21,0.35,0.81,0.64,4.84,70.83
2025-06-12,10-11,CR-09,Science Building,40,CLS-26,Statistics,FAC-09,Thursday,38,2.0,0,0,97.48,37,16,13,1.41,2.35,1.79,11.49,79.38
2025-07-06,10-11,CR-06,IT Building,80,CLS-15,Data Science,FAC-30,Sunday,18,2.0,0,0,93.05,17,53,30,0.74,2.38,2.23,11.69,32.5
2025-06-16,12-13,CR-07,Main Building,30,CLS-38,Machine Learning,FAC-08,Monday,21,1.0,0,0,97.01,20,21,28,1.23,0.92,0.95,7.06,67.5
2025-09-21,16-17,CR-07,Main Building,30,CLS-31,Statistics,FAC-06,Sunday,9,1.0,0,0,78.34,7,27,17,0.86,1.03,0.6,6.06,40.0
2025-07-18,10-11,CR-13,IT Building,40,CLS-42,Python,FAC-17,Friday,8,2.0,0,0,93.84,8,34,4,0.6,2.56,0.82,8.1,36.25
2025-09-04,09-10,CR-20,Main Building,60,CLS-15,Machine Learning,FAC-30,Thursday,40,3.0,0,0,79.1,32,26,38,2.73,2.09,0.79,19.33,50.83
2025-10-18,16-17,CR-08,Main Building,30,CLS-35,Python,FAC-07,Saturday,20,2.0,0,0,90.17,18,27,25,2.49,2.47,2.22,14.66,67.5
2025-07-30,16-17,CR-04,Science Building,30,CLS-07,DBMS,FAC-26,Wednesday,12,1.5,0,0,89.68,11,22,8,1.82,0.65,1.88,9.29,45.83
2025-09-10,10-11,CR-10,Main Building,80,CLS-24,Artificial Intelligence,FAC-10,Wednesday,17,1.5,0,0,67.5,11,13,20,1.5,1.97,1.99,11.52,14.38
2025-07-30,13-14,CR-11,Main Building,80,CLS-42,Software Engineering,FAC-17,Wednesday,24,3.0,0,0,90.37,22,24,7,1.3,2.45,1.26,14.02,28.13
2025-12-17,16-17,CR-01,Main Building,30,CLS-43,Software Engineering,FAC-26,Wednesday,11,2.0,1,0,72.33,8,20,10,0.55,0.45,0.46,1.17,4.3
2025-07-05,16-17,CR-09,Science Building,40,CLS-32,Operating Systems,FAC-19,Saturday,25,3.0,0,0,66.81,17,38,31,0.47,1.36,0.95,9.59,55.62
2025-12-06,13-14,CR-08,Main Building,30,CLS-30,Machine Learning,FAC-12,Saturday,19,3.0,0,0,84.39,16,14,28,1.84,2.4,1.18,14.72,51.67
2025-12-24,11-12,CR-07,Main Building,30,CLS-48,Python,FAC-15,Wednesday,6,1.5,0,0,88.31,5,25,28,1.7,1.19,0.4,8.78,33.33
2025-10-05,08-09,CR-13,IT Building,40,CLS-14,DBMS,FAC-03,Sunday,11,2.0,0,0,80.42,9,11,6,0.6,1.66,0.75,7.03,23.75
2025-10-30,13-14,CR-11,Main Building,80,CLS-48,DBMS,FAC-01,Thursday,54,1.0,0,0,89.38,48,26,12,0.28,1.33,0.46,6.38,53.12
2025-08-05,08-09,CR-08,Main Building,30,CLS-32,Operating Systems,FAC-20,Tuesday,8,1.5,0,0,86.91,7,19,18,1.32,1.45,0.98,8.37,33.33
2025-11-09,11-12,CR-01,Main Building,30,CLS-27,Machine Learning,FAC-26,Sunday,23,2.0,0,0,94.27,22,4,9,0.8,1.5,0.99,7.82,58.33
2025-09-03,16-17,CR-05,Main Building,80,CLS-03,Operating Systems,FAC-05,Wednesday,67,1.0,0,0,93.04,62,46,28,1.25,1.98,1.12,10.41,72.5
2025-11-25,12-13,CR-05,Main Building,80,CLS-20,Computer Networks,FAC-18,Tuesday,33,1.5,0,0,89.78,30,58,20,1.97,0.51,1.36,11.39,46.25
2025-06-16,14-15,CR-11,Main Building,80,CLS-09,Statistics,FAC-22,Monday,54,1.0,0,0,94.17,51,61,28,1.3,1.92,0.92,10.15,66.88
2025-11-07,09-10,CR-05,Main Building,80,CLS-02,Operating Systems,FAC-06,Friday,74,2.0,1,0,65.23,48,56,30,0.01,0.27,0.22,1.31,16.54
2025-11-17,08-09,CR-08,Main Building,30,CLS-21,Artificial Intelligence,FAC-01,Monday,23,1.0,0,1,95.28,22,28,25,0.7,1.78,1.38,7.32,85.07
2025-09-15,16-17,CR-09,Science Building,40,CLS-18,Artificial Intelligence,FAC-14,Monday,18,2.0,0,1,81.48,15,11,28,1.26,2.4,1.84,12.38,38.58
2025-07-18,08-09,CR-11,Main Building,80,CLS-17,Python,FAC-30,Friday,56,1.0,0,0,73.74,41,53,26,0.41,0.94,0.58,7.04,55.0
2025-10-02,12-13,CR-01,Main Building,30,CLS-37,Data Science,FAC-02,Thursday,9,2.0,0,0,86.04,8,14,19,2.4,2.21,2.33,14.2,31.67
2025-12-06,11-12,CR-02,Main Building,50,CLS-02,Machine Learning,FAC-08,Saturday,26,3.0,1,0,78.66,20,26,2,0.32,0.42,0.45,1.83,8.8
2025-11-09,16-17,CR-02,Main Building,50,CLS-25,Operating Systems,FAC-01,Sunday,46,1.0,0,0,79.91,37,34,22,0.26,1.69,0.61,6.83,72.5
2025-08-19,16-17,CR-09,Science Building,40,CLS-01,Python,FAC-01,Tuesday,9,1.0,0,0,95.18,9,24,26,0.93,1.25,0.61,6.73,31.88
2025-08-05,13-14,CR-09,Science Building,40,CLS-40,Operating Systems,FAC-13,Tuesday,24,3.0,0,0,75.07,18,34,22,2.44,2.07,0.7,16.25,55.0
2025-07-14,13-14,CR-14,IT Building,80,CLS-02,Web Development,FAC-29,Monday,51,2.0,0,0,80.34,41,48,25,1.72,1.68,0.57,12.85,53.44
2025-09-17,10-11,CR-11,Main Building,80,CLS-29,Computer Networks,FAC-02,Wednesday,21,1.0,0,0,81.76,17,72,38,1.38,0.74,1.11,9.57,38.44
2025-08-24,09-10,CR-03,Main Building,40,CLS-33,Machine Learning,FAC-06,Sunday,29,1.0,0,0,69.97,20,17,23,1.43,1.43,1.31,8.74,48.12
2025-06-16,16-17,CR-04,Science Building,30,CLS-24,Statistics,FAC-11,Monday,25,1.0,0,0,73.14,18,7,10,1.17,1.67,0.75,7.5,50.83
2025-06-06,15-16,CR-03,Main Building,40,CLS-50,Operating Systems,FAC-09,Friday,10,2.0,0,0,68.08,7,36,30,1.91,0.61,0.68,10.37,35.62
2025-12-14,14-15,CR-07,Main Building,30,CLS-50,Machine Learning,FAC-21,Sunday,7,2.0,0,0,86.92,6,26,7,0.47,2.93,2.2,9.06,36.67
2025-07-02,15-16,CR-13,IT Building,40,CLS-31,Python,FAC-06,Wednesday,19,1.0,0,0,94.29,18,32,32,0.57,1.77,0.49,6.74,53.75
2025-08-05,12-13,CR-09,Science Building,40,CLS-25,Statistics,FAC-14,Tuesday,17,1.0,1,1,78.64,13,17,16,0.56,0.36,0.02,1.44,5.15
2025-11-18,16-17,CR-08,Main Building,30,CLS-12,Software Engineering,FAC-29,Tuesday,8,3.0,0,0,76.79,6,18,20,2.38,2.78,0.89,15.8,30.0
2025-07-03,12-13,CR-09,Science Building,40,CLS-50,Operating Systems,FAC-30,Thursday,30,2.0,1,0,69.82,21,35,20,0.63,0.23,0.08,1.28,24.12
2025-06-24,12-13,CR-10,Main Building,80,CLS-34,Statistics,FAC-10,Tuesday,17,1.0,0,0,68.57,12,61,21,0.93,1.65,0.97,7.92,30.31
2025-12-12,16-17,CR-09,Science Building,40,CLS-26,DBMS,FAC-29,Friday,33,2.0,0,0,92.27,30,38,31,0.54,1.59,1.62,9.44,80.0
2025-10-22,08-09,CR-16,IT Building,60,CLS-49,DBMS,FAC-16,Wednesday,37,2.0,1,0,89.06,33,35,16,0.65,0.05,0.35,2.02,19.88
2025-09-29,11-12,CR-15,Main Building,30,CLS-34,Python,FAC-11,Monday,13,1.0,0,0,88.92,12,7,18,1.49,1.54,1.11,8.27,35.83
2025-06-26,16-17,CR-15,Main Building,30,CLS-08,Computer Networks,FAC-05,Thursday,23,2.0,0,0,97.9,23,18,13,2.0,2.03,0.43,11.39,72.5
2025-12-24,15-16,CR-14,IT Building,80,CLS-28,Computer Networks,FAC-25,Wednesday,19,2.0,0,0,88.98,17,27,38,1.84,2.44,0.53,13.66,24.38
2025-07-19,13-14,CR-06,IT Building,80,CLS-25,Web Development,FAC-05,Saturday,37,2.0,1,1,90.09,33,38,7,0.24,0.34,0.15,1.93,17.07
2025-10-06,08-09,CR-17,Main Building,50,CLS-23,Computer Networks,FAC-25,Monday,38,1.0,0,0,65.3,25,8,40,1.04,0.67,1.07,8.17,41.5
2025-09-04,14-15,CR-07,Main Building,30,CLS-47,Statistics,FAC-21,Thursday,27,3.0,0,0,76.67,21,5,21,2.73,3.26,0.45,17.93,56.67
2025-08-17,12-13,CR-15,Main Building,30,CLS-31,Operating Systems,FAC-30,Sunday,9,1.0,0,0,78.44,7,18,27,0.67,1.68,0.76,6.56,32.5
2025-09-28,08-09,CR-05,Main Building,80,CLS-24,Python,FAC-23,Sunday,21,1.0,0,0,97.2,20,44,39,1.42,1.14,1.15,10.07,32.5
2025-08-12,08-09,CR-20,Main Building,60,CLS-45,Statistics,FAC-29,Tuesday,46,1.0,0,0,92.37,42,17,23,1.37,0.6,0.63,8.04,59.58
2025-09-08,11-12,CR-16,IT Building,60,CLS-17,Web Development,FAC-30,Monday,47,1.0,0,0,70.59,33,55,21,0.87,1.49,0.87,7.45,64.17
2025-11-29,15-16,CR-13,IT Building,40,CLS-49,Computer Networks,FAC-07,Saturday,15,3.0,0,0,86.97,13,17,0,0.43,3.57,2.83,12.18,35.0
2025-11-29,13-14,CR-01,Main Building,30,CLS-37,Artificial Intelligence,FAC-07,Saturday,6,2.0,0,0,69.34,4,19,29,2.04,0.8,1.17,11.2,25.83
2025-12-05,15-16,CR-05,Main Building,80,CLS-34,Data Science,FAC-16,Friday,40,2.0,0,1,75.69,30,75,3,1.57,1.25,1.68,13.05,59.24
2025-10-21,12-13,CR-06,IT Building,80,CLS-48,Computer Networks,FAC-27,Tuesday,41,1.0,0,0,85.92,35,66,39,0.52,1.0,1.31,7.94,53.44
2025-10-17,08-09,CR-06,IT Building,80,CLS-50,Operating Systems,FAC-14,Friday,59,1.0,0,1,77.75,46,34,38,0.92,1.47,0.68,9.88,61.52
2025-12-23,12-13,CR-07,Main Building,30,CLS-45,Artificial Intelligence,FAC-02,Tuesday,7,1.5,0,0,72.09,5,7,13,0.75,0.62,0.78,5.32,18.33
2025-08-30,11-12,CR-16,IT Building,60,CLS-32,Operating Systems,FAC-22,Saturday,45,1.0,0,0,75.58,34,40,6,1.45,1.38,1.23,8.87,59.17
2025-09-16,12-13,CR-19,Main Building,30,CLS-05,Statistics,FAC-04,Tuesday,18,1.0,1,0,71.3,13,22,10,0.4,0.27,0.42,1.28,5.41
2025-11-23,15-16,CR-06,IT Building,80,CLS-22,Statistics,FAC-06,Sunday,38,1.0,0,0,66.99,25,21,22,1.0,1.58,1.47,8.85,30.0
2025-09-18,15-16,CR-17,Main Building,50,CLS-04,Operating Systems,FAC-20,Thursday,42,1.0,0,0,88.42,37,37,2,1.2,1.59,1.28,8.17,74.0
2025-06-06,16-17,CR-03,Main Building,40,CLS-13,DBMS,FAC-25,Friday,35,2.0,0,1,94.82,33,7,9,0.47,0.76,2.04,8.42,69.5
2025-12-15,15-16,CR-10,Main Building,80,CLS-15,Data Science,FAC-27,Monday,43,2.0,1,0,69.18,30,47,39,0.67,0.0,0.05,2.05,7.9
2025-10-20,08-09,CR-03,Main Building,40,CLS-45,Computer Networks,FAC-22,Monday,26,2.0,0,1,76.58,20,13,7,0.44,2.61,2.19,9.63,51.49
2025-07-15,12-13,CR-14,IT Building,80,CLS-17,Python,FAC-08,Tuesday,20,1.0,0,0,82.27,16,71,38,0.48,0.92,0.9,7.42,37.19
2025-06-25,12-13,CR-14,IT Building,80,CLS-23,Statistics,FAC-12,Wednesday,22,1.0,1,0,89.26,20,15,12,0.09,0.15,0.46,1.32,8.15
2025-10-23,08-09,CR-12,IT Building,80,CLS-39,Computer Networks,FAC-14,Thursday,59,1.5,1,1,97.72,58,44,9,0.53,0.14,0.4,1.82,27.44
2025-08-14,11-12,CR-18,IT Building,40,CLS-44,DBMS,FAC-24,Thursday,23,1.0,1,0,70.26,16,16,33,0.25,0.39,0.22,1.33,10.01
2025-09-07,11-12,CR-16,IT Building,60,CLS-47,Operating Systems,FAC-08,Sunday,31,2.0,0,0,89.18,28,12,15,0.53,1.19,0.75,7.66,40.0
2025-06-03,10-11,CR-15,Main Building,30,CLS-31,Data Science,FAC-22,Tuesday,8,1.5,0,0,77.54,6,6,12,1.59,1.93,1.41,9.27,20.0
2025-07-11,13-14,CR-02,Main Building,50,CLS-22,Artificial Intelligence,FAC-07,Friday,20,1.5,0,1,69.83,14,45,9,0.97,0.65,1.56,7.94,47.17
2025-11-15,12-13,CR-17,Main Building,50,CLS-16,Operating Systems,FAC-05,Saturday,35,2.0,1,0,90.99,32,38,37,0.57,0.04,0.45,2.06,24.49
2025-12-05,16-17,CR-17,Main Building,50,CLS-37,Web Development,FAC-28,Friday,15,3.0,0,1,82.81,12,34,28,1.14,2.17,1.66,14.61,37.99
2025-10-03,15-16,CR-09,Science Building,40,CLS-32,Software Engineering,FAC-13,Friday,37,2.0,0,0,78.22,29,24,1,2.34,2.36,0.79,13.44,69.38
2025-09-22,14-15,CR-06,IT Building,80,CLS-39,Computer Networks,FAC-28,Monday,55,3.0,0,0,69.63,38,35,18,1.24,3.67,1.81,17.55,46.56
2025-06-26,13-14,CR-16,IT Building,60,CLS-15,Machine Learning,FAC-22,Thursday,44,1.0,0,0,72.16,32,27,1,0.4,1.28,0.93,6.28,51.25
2025-08-07,09-10,CR-01,Main Building,30,CLS-30,Machine Learning,FAC-19,Thursday,8,1.0,0,0,67.27,5,11,25,0.43,1.32,0.33,4.8,21.67
2025-11-24,11-12,CR-15,Main Building,30,CLS-04,Data Science,FAC-14,Monday,17,1.5,0,0,94.07,16,13,19,0.5,1.85,0.93,7.17,50.83
2025-09-10,11-12,CR-12,IT Building,80,CLS-21,Python,FAC-03,Wednesday,53,1.0,0,0,81.48,43,20,5,1.16,1.26,0.99,8.35,46.56
2025-06-08,09-10,CR-11,Main Building,80,CLS-33,Web Development,FAC-12,Sunday,41,1.5,0,0,90.1,37,40,30,1.31,1.73,1.63,11.48,47.19
2025-06-15,08-09,CR-03,Main Building,40,CLS-43,Operating Systems,FAC-09,Sunday,26,1.0,0,0,84.04,22,29,26,0.36,1.04,0.77,5.79,59.38
2025-06-08,15-16,CR-08,Main Building,30,CLS-01,Data Science,FAC-04,Sunday,28,2.0,0,0,92.56,26,18,6,1.41,2.33,0.29,9.99,80.0
2025-07-31,15-16,CR-02,Main Building,50,CLS-06,Python,FAC-04,Thursday,28,2.0,0,0,72.4,20,17,4,0.32,1.58,1.83,7.68,38.5
2025-12-29,16-17,CR-20,Main Building,60,CLS-11,Data Science,FAC-24,Monday,55,1.0,0,0,80.0,44,35,4,0.82,1.5,0.57,7.02,69.58
2025-07-24,16-17,CR-13,IT Building,40,CLS-22,Web Development,FAC-28,Thursday,30,2.0,0,0,78.06,23,9,10,1.73,2.57,2.03,12.83,48.75
2025-11-14,13-14,CR-03,Main Building,40,CLS-18,DBMS,FAC-11,Friday,25,2.0,0,0,88.82,22,36,5,1.06,0.81,0.74,8.34,63.75
2025-06-17,16-17,CR-01,Main Building,30,CLS-03,Web Development,FAC-11,Tuesday,7,1.0,0,0,88.45,6,6,22,1.05,1.66,0.7,7.03,20.0
2025-06-29,13-14,CR-20,Main Building,60,CLS-41,Computer Networks,FAC-02,Sunday,21,1.5,0,1,70.92,15,21,17,0.61,0.52,0.86,7.16,34.28
2025-12-11,15-16,CR-16,IT Building,60,CLS-39,Computer Networks,FAC-14,Thursday,15,3.0,0,0,85.73,13,41,21,2.71,3.44,0.94,19.32,33.33
2025-09-05,10-11,CR-11,Main Building,80,CLS-31,Artificial Intelligence,FAC-01,Friday,69,1.0,0,0,69.42,48,51,25,0.49,1.96,0.94,8.62,60.94
2025-08-06,08-09,CR-13,IT Building,40,CLS-38,Web Development,FAC-22,Wednesday,31,2.0,0,0,78.04,24,13,31,2.27,1.15,1.13,12.95,53.12
2025-08-26,12-13,CR-04,Science Building,30,CLS-48,Software Engineering,FAC-06,Tuesday,21,3.0,0,0,81.66,17,7,9,2.7,3.54,1.83,18.65,48.33
2025-10-22,16-17,CR-04,Science Building,30,CLS-25,Python,FAC-12,Wednesday,23,1.0,0,1,97.2,22,19,21,1.01,1.67,0.81,7.37,77.55
2025-08-24,13-14,CR-16,IT Building,60,CLS-03,Software Engineering,FAC-06,Sunday,37,1.5,1,1,82.56,31,33,20,0.43,0.35,0.43,0.85,10.7
2025-12-05,12-13,CR-03,Main Building,40,CLS-20,Web Development,FAC-24,Friday,12,2.0,0,0,76.23,9,31,31,0.65,2.85,0.96,10.05,36.25
2025-12-20,08-09,CR-17,Main Building,50,CLS-35,Python,FAC-23,Saturday,32,3.0,0,0,91.42,29,28,7,2.22,3.27,2.83,18.91,57.5
2025-07-29,15-16,CR-17,Main Building,50,CLS-43,Computer Networks,FAC-25,Tuesday,21,1.5,0,0,70.53,15,46,28,1.35,2.04,0.73,10.02,45.5
2025-06-12,12-13,CR-05,Main Building,80,CLS-17,Machine Learning,FAC-14,Thursday,62,2.0,1,1,89.44,55,26,18,0.78,0.42,0.16,2.1,23.28
2025-06-02,15-16,CR-13,IT Building,40,CLS-43,Software Engineering,FAC-03,Monday,22,2.0,0,0,89.39,20,33,34,1.29,1.99,1.19,11.43,58.12
2025-06-20,12-13,CR-08,Main Building,30,CLS-28,Artificial Intelligence,FAC-19,Friday,21,1.0,1,0,70.35,15,23,23,0.18,0.04,0.31,0.92,16.73
2025-09-28,14-15,CR-14,IT Building,80,CLS-48,Machine Learning,FAC-22,Sunday,19,1.0,0,0,89.34,17,70,5,0.45,0.91,0.54,5.57,37.81
2025-08-22,08-09,CR-01,Main Building,30,CLS-32,Computer Networks,FAC-01,Friday,8,2.0,0,0,78.17,6,28,30,0.76,1.38,1.89,8.63,38.33
2025-06-29,16-17,CR-01,Main Building,30,CLS-01,Operating Systems,FAC-30,Sunday,21,2.0,0,0,86.05,18,20,9,1.32,2.84,0.9,10.5,61.67
2025-09-03,13-14,CR-15,Main Building,30,CLS-28,Machine Learning,FAC-17,Wednesday,26,1.5,0,0,88.96,23,5,13,1.53,0.94,1.83,9.61,61.67
2025-09-18,15-16,CR-05,Main Building,80,CLS-45,Machine Learning,FAC-20,Thursday,62,1.0,0,1,69.81,43,41,19,0.57,1.38,0.65,8.32,58.64
2025-07-01,12-13,CR-07,Main Building,30,CLS-01,Statistics,FAC-26,Tuesday,10,1.0,0,0,81.49,8,18,30,0.72,1.46,0.86,5.99,35.0
2025-07-16,13-14,CR-20,Main Building,60,CLS-32,Software Engineering,FAC-08,Wednesday,24,1.5,0,0,68.11,16,53,3,0.64,0.95,1.89,7.13,42.08
2025-10-13,09-10,CR-06,IT Building,80,CLS-44,Python,FAC-12,Monday,53,2.0,0,0,79.27,42,71,40,0.34,0.85,0.43,8.74,61.56
2025-12-15,14-15,CR-19,Main Building,30,CLS-48,Software Engineering,FAC-28,Monday,23,1.0,0,0,81.45,19,25,24,0.71,1.71,0.65,6.61,68.33
2025-07-13,13-14,CR-13,IT Building,40,CLS-09,Python,FAC-18,Sunday,14,1.5,0,0,80.12,11,8,9,1.51,1.37,1.64,8.95,25.63
2025-08-31,15-16,CR-02,Main Building,50,CLS-05,Computer Networks,FAC-28,Sunday,20,2.0,0,0,81.63,16,22,29,2.43,2.15,2.29,15.77,35.0
2025-06-16,11-12,CR-12,IT Building,80,CLS-22,Statistics,FAC-12,Monday,72,2.0,0,0,70.9,51,27,25,1.34,2.77,0.98,13.87,56.25
2025-09-21,14-15,CR-03,Main Building,40,CLS-28,Computer Networks,FAC-05,Sunday,26,1.5,0,1,67.43,18,31,12,1.79,1.0,0.29,9.95,57.44
2025-06-14,10-11,CR-12,IT Building,80,CLS-16,Computer Networks,FAC-17,Saturday,47,1.0,0,0,69.48,33,30,11,1.07,1.97,0.39,8.27,40.31
2025-08-23,12-13,CR-12,IT Building,80,CLS-03,Software Engineering,FAC-30,Saturday,17,1.5,0,0,89.59,15,14,39,0.46,0.98,0.59,7.86,18.44
2025-09-21,16-17,CR-15,Main Building,30,CLS-14,Software Engineering,FAC-16,Sunday,9,3.0,0,0,83.23,7,24,28,2.65,2.29,0.41,16.84,37.5
2025-08-13,09-10,CR-02,Main Building,50,CLS-04,Python,FAC-14,Wednesday,34,1.0,0,0,69.36,24,39,18,0.34,0.78,1.18,5.85,55.5
2025-08-01,11-12,CR-01,Main Building,30,CLS-49,Python,FAC-09,Friday,19,1.0,0,0,84.53,16,24,22,0.93,0.87,0.67,6.25,60.0
2025-09-15,08-09,CR-18,IT Building,40,CLS-39,Operating Systems,FAC-29,Monday,9,1.5,0,1,69.07,6,21,30,1.07,2.4,0.98,10.27,28.61
2025-12-21,08-09,CR-10,Main Building,80,CLS-19,Operating Systems,FAC-29,Sunday,55,1.0,1,0,93.49,51,43,3,0.26,0.29,0.42,1.33,10.95
2025-06-04,10-11,CR-16,IT Building,60,CLS-42,Software Engineering,FAC-19,Wednesday,13,1.0,0,0,86.11,11,25,23,0.25,0.88,0.6,5.56,24.17
2025-06-30,11-12,CR-01,Main Building,30,CLS-44,Python,FAC-11,Monday,26,3.0,0,0,68.09,18,23,17,1.02,1.62,2.91,12.25,64.17
2025-08-23,15-16,CR-11,Main Building,80,CLS-20,Operating Systems,FAC-07,Saturday,73,2.0,0,0,97.61,71,48,11,0.59,1.69,1.71,11.18,81.56
2025-10-03,12-13,CR-01,Main Building,30,CLS-25,Data Science,FAC-17,Friday,11,2.0,0,0,66.83,7,18,5,1.86,0.75,0.57,9.47,32.5
2025-08-28,13-14,CR-08,Main Building,30,CLS-12,Python,FAC-12,Thursday,28,1.0,0,0,83.33,23,6,10,0.62,1.43,0.76,6.09,62.5
2025-09-03,08-09,CR-04,Science Building,30,CLS-13,Artificial Intelligence,FAC-06,Wednesday,14,1.5,0,0,69.8,10,18,17,1.46,0.76,0.58,7.97,40.0
2025-10-09,15-16,CR-12,IT Building,80,CLS-01,Artificial Intelligence,FAC-04,Thursday,29,3.0,0,0,85.82,25,46,5,1.4,1.89,2.15,14.93,37.81
2025-10-10,08-09,CR-12,IT Building,80,CLS-48,Machine Learning,FAC-27,Friday,34,1.0,0,0,89.42,30,12,31,0.89,1.95,1.44,9.59,31.88
2025-08-06,08-09,CR-09,Science Building,40,CLS-48,Artificial Intelligence,FAC-03,Wednesday,18,1.5,0,1,82.93,15,19,13,1.15,0.61,1.25,8.11,46.81
2025-07-10,15-16,CR-14,IT Building,80,CLS-45,Statistics,FAC-05,Thursday,66,3.0,0,1,94.72,63,45,28,2.4,3.25,0.69,21.82,76.48
2025-09-28,11-12,CR-02,Main Building,50,CLS-37,Data Science,FAC-22,Sunday,33,1.0,0,1,75.43,25,10,24,0.97,1.05,0.95,7.86,50.37
2025-09-02,14-15,CR-07,Main Building,30,CLS-27,Python,FAC-15,Tuesday,8,1.0,0,0,79.47,6,10,15,0.61,0.64,1.36,5.36,23.33
2025-07-23,12-13,CR-20,Main Building,60,CLS-06,Data Science,FAC-21,Wednesday,32,2.0,0,1,72.82,23,23,27,0.28,0.55,1.63,8.78,42.67
2025-08-13,11-12,CR-14,IT Building,80,CLS-20,DBMS,FAC-14,Wednesday,38,2.0,1,0,65.72,25,22,19,0.99,0.09,0.36,2.23,11.23
2025-08-20,12-13,CR-12,IT Building,80,CLS-27,Software Engineering,FAC-25,Wednesday,23,1.0,0,1,67.66,16,52,6,1.21,1.38,0.36,8.13,38.75
2025-09-06,11-12,CR-04,Science Building,30,CLS-35,Operating Systems,FAC-20,Saturday,23,2.0,0,0,93.0,21,28,7,1.48,2.8,2.31,11.46,75.83
2025-08-01,08-09,CR-05,Main Building,80,CLS-13,Python,FAC-09,Friday,25,3.0,0,0,90.4,23,40,33,0.98,3.05,2.55,16.38,34.06
2025-10-13,11-12,CR-04,Science Building,30,CLS-43,Statistics,FAC-13,Monday,6,3.0,0,0,90.88,5,4,19,1.0,1.91,1.39,10.61,15.83
2025-12-03,10-11,CR-16,IT Building,60,CLS-02,Web Development,FAC-01,Wednesday,13,3.0,0,0,79.93,10,43,27,1.65,2.36,2.5,16.34,30.42
2025-09-06,14-15,CR-17,Main Building,50,CLS-20,Operating Systems,FAC-02,Saturday,41,2.0,0,0,82.07,34,9,10,0.77,2.16,2.04,10.5,55.5
2025-09-27,13-14,CR-16,IT Building,60,CLS-47,Software Engineering,FAC-20,Saturday,38,1.5,0,0,69.85,27,41,1,0.85,2.32,1.84,8.94,50.83
2025-08-31,11-12,CR-16,IT Building,60,CLS-13,Software Engineering,FAC-02,Sunday,47,3.0,0,0,83.99,39,21,12,2.18,3.49,2.89,20.64,57.5
2025-06-12,15-16,CR-01,Main Building,30,CLS-06,Statistics,FAC-26,Thursday,24,2.0,0,0,78.72,19,18,15,0.41,1.56,2.03,7.73,62.5
2025-06-13,15-16,CR-12,IT Building,80,CLS-07,Software Engineering,FAC-23,Friday,75,1.5,0,0,91.56,69,12,36,1.81,0.6,1.17,12.31,68.44
2025-10-08,14-15,CR-07,Main Building,30,CLS-26,Operating Systems,FAC-17,Wednesday,27,1.0,0,0,94.71,26,17,17,0.87,1.64,0.33,6.41,79.17
2025-10-25,14-15,CR-01,Main Building,30,CLS-01,Computer Networks,FAC-25,Saturday,18,3.0,0,1,78.76,14,6,28,2.1,0.97,1.15,15.18,47.44
2025-10-03,08-09,CR-10,Main Building,80,CLS-47,Data Science,FAC-12,Friday,26,2.0,1,0,97.04,25,60,20,0.83,0.49,0.42,2.0,10.59
2025-06-06,14-15,CR-18,IT Building,40,CLS-50,Machine Learning,FAC-22,Friday,22,2.0,0,0,93.22,21,24,6,1.55,1.8,1.16,10.32,54.38
2025-11-18,15-16,CR-20,Main Building,60,CLS-29,Python,FAC-07,Tuesday,19,1.0,0,0,66.86,13,42,13,1.43,0.51,1.47,8.05,33.75
2025-08-07,16-17,CR-01,Main Building,30,CLS-40,Software Engineering,FAC-30,Thursday,17,2.0,0,0,89.05,15,20,14,0.99,2.24,2.09,10.16,54.17
2025-10-20,08-09,CR-09,Science Building,40,CLS-35,DBMS,FAC-07,Monday,16,1.5,0,1,91.54,15,30,29,0.69,0.58,0.61,6.92,54.37
2025-11-10,10-11,CR-13,IT Building,40,CLS-04,Data Science,FAC-04,Monday,14,1.0,1,1,71.62,10,7,27,0.07,0.36,0.19,0.99,9.52
2025-09-15,12-13,CR-02,Main Building,50,CLS-21,Statistics,FAC-29,Monday,46,1.5,1,0,79.96,37,21,40,0.64,0.44,0.26,1.98,7.08
2025-10-06,16-17,CR-01,Main Building,30,CLS-45,DBMS,FAC-15,Monday,22,1.0,1,0,77.33,17,26,29,0.87,0.16,0.04,1.72,22.61
2025-09-21,09-10,CR-05,Main Building,80,CLS-27,Software Engineering,FAC-17,Sunday,47,1.0,0,0,66.02,31,54,20,0.98,1.39,1.41,8.79,45.94
2025-10-03,16-17,CR-04,Science Building,30,CLS-16,Operating Systems,FAC-07,Friday,28,1.0,0,0,74.45,21,7,26,0.6,1.16,0.7,6.23,58.33
2025-10-01,13-14,CR-13,IT Building,40,CLS-09,Web Development,FAC-16,Wednesday,27,2.0,0,0,90.04,24,21,12,2.1,2.81,1.22,13.71,58.12
2025-12-31,09-10,CR-16,IT Building,60,CLS-35,Data Science,FAC-15,Wednesday,26,2.0,0,0,97.5,25,50,39,0.74,2.29,1.45,11.05,52.08
2025-10-01,14-15,CR-14,IT Building,80,CLS-09,Python,FAC-17,Wednesday,35,3.0,0,0,90.87,32,47,25,2.81,3.06,2.38,22.48,44.69
2025-08-04,08-09,CR-04,Science Building,30,CLS-22,Operating Systems,FAC-15,Monday,15,1.5,0,0,67.22,10,7,19,0.61,2.45,1.46,7.44,30.83
2025-11-05,15-16,CR-17,Main Building,50,CLS-43,Artificial Intelligence,FAC-27,Wednesday,37,1.0,1,0,66.46,25,27,21,0.37,0.25,0.11,1.47,15.26
2025-08-16,10-11,CR-09,Science Building,40,CLS-22,Software Engineering,FAC-26,Saturday,21,1.5,0,0,70.71,15,17,36,1.14,1.67,0.67,9.31,38.75
2025-11-03,08-09,CR-15,Main Building,30,CLS-11,Data Science,FAC-23,Monday,19,1.5,0,0,80.61,15,5,13,1.75,2.35,0.41,9.86,41.67
2025-11-18,08-09,CR-04,Science Building,30,CLS-21,Web Development,FAC-04,Tuesday,13,2.0,0,0,68.16,9,26,29,1.32,1.97,1.21,10.79,44.17
2025-07-30,16-17,CR-14,IT Building,80,CLS-43,Software Engineering,FAC-17,Wednesday,29,1.0,0,0,65.07,19,37,34,1.46,0.85,1.4,9.3,29.38
2025-11-18,16-17,CR-13,IT Building,40,CLS-09,Data Science,FAC-12,Tuesday,28,1.0,0,1,68.6,19,32,11,0.55,0.85,1.5,6.44,61.0
2025-09-19,09-10,CR-02,Main Building,50,CLS-15,Artificial Intelligence,FAC-13,Friday,33,1.5,0,1,76.97,25,10,35,1.93,2.29,1.01,13.51,49.98
2025-07-22,15-16,CR-03,Main Building,40,CLS-46,Web Development,FAC-27,Tuesday,32,2.0,0,0,83.92,27,15,30,2.43,2.96,1.26,15.25,60.0
2025-07-30,13-14,CR-01,Main Building,30,CLS-42,Computer Networks,FAC-02,Wednesday,7,2.0,0,0,77.27,5,17,13,0.62,1.02,1.73,7.39,26.67
2025-08-13,14-15,CR-02,Main Building,50,CLS-38,Computer Networks,FAC-03,Wednesday,28,2.0,0,1,81.86,23,12,0,0.77,1.51,1.09,8.98,42.78
2025-06-28,14-15,CR-13,IT Building,40,CLS-23,Statistics,FAC-28,Saturday,18,1.0,0,0,76.31,14,21,2,1.08,1.95,0.74,6.92,39.38
2025-06-14,09-10,CR-16,IT Building,60,CLS-34,Web Development,FAC-28,Saturday,37,1.0,1,0,87.44,32,55,19,0.3,0.13,0.29,1.23,22.57
2025-11-14,10-11,CR-01,Main Building,30,CLS-42,Artificial Intelligence,FAC-06,Friday,28,1.0,0,1,95.94,27,22,16,1.39,0.88,0.75,7.9,93.44
2025-09-26,11-12,CR-02,Main Building,50,CLS-32,DBMS,FAC-06,Friday,16,1.5,0,0,86.23,14,32,36,1.16,0.69,1.99,9.24,37.0
2025-06-28,08-09,CR-15,Main Building,30,CLS-04,Software Engineering,FAC-22,Saturday,27,1.5,0,0,85.4,23,19,2,0.4,1.49,1.88,6.81,73.33
2025-07-25,12-13,CR-01,Main Building,30,CLS-41,Data Science,FAC-12,Friday,7,1.0,0,0,94.59,7,9,4,0.67,1.3,1.12,5.27,25.0
2025-09-26,14-15,CR-09,Science Building,40,CLS-16,Web Development,FAC-27,Friday,26,2.0,0,0,81.68,21,27,8,1.6,0.51,0.47,8.9,56.25
2025-09-19,13-14,CR-02,Main Building,50,CLS-21,DBMS,FAC-10,Friday,41,1.5,1,0,71.84,29,12,5,0.35,0.27,0.15,1.41,19.74
2025-06-04,10-11,CR-17,Main Building,50,CLS-24,Statistics,FAC-29,Wednesday,32,1.0,1,1,69.79,22,41,31,0.5,0.48,0.31,1.46,16.11
2025-10-22,15-16,CR-11,Main Building,80,CLS-37,Data Science,FAC-02,Wednesday,32,2.0,0,0,88.67,28,53,10,1.22,0.55,1.7,10.13,42.81
2025-12-20,16-17,CR-06,IT Building,80,CLS-49,DBMS,FAC-02,Saturday,67,3.0,0,0,80.25,54,47,14,2.77,1.22,1.52,19.39,65.31
2025-06-06,11-12,CR-05,Main Building,80,CLS-39,Operating Systems,FAC-15,Friday,61,1.0,0,0,80.22,49,41,14,1.26,1.74,1.2,9.51,58.75
2025-12-16,10-11,CR-19,Main Building,30,CLS-45,Web Development,FAC-12,Tuesday,27,1.5,0,0,76.53,21,19,22,1.44,1.91,1.94,10.15,68.33
2025-11-12,12-13,CR-02,Main Building,50,CLS-19,Operating Systems,FAC-15,Wednesday,18,1.0,1,0,79.97,14,24,39,0.63,0.27,0.08,2.0,8.06
2025-12-19,16-17,CR-07,Main Building,30,CLS-43,Web Development,FAC-04,Friday,24,3.0,0,0,96.37,23,18,20,1.26,3.93,1.74,14.59,72.5
2025-12-20,09-10,CR-01,Main Building,30,CLS-03,Statistics,FAC-19,Saturday,20,2.0,0,0,73.0,15,9,19,0.68,0.85,1.27,7.38,45.0
2025-10-09,10-11,CR-19,Main Building,30,CLS-37,DBMS,FAC-03,Thursday,18,2.0,0,0,97.62,18,7,4,1.76,2.4,0.52,10.55,50.83
2025-10-07,10-11,CR-14,IT Building,80,CLS-23,Software Engineering,FAC-12,Tuesday,54,1.5,0,0,80.61,44,48,33,0.75,2.29,0.57,10.87,56.25
2025-10-30,09-10,CR-01,Main Building,30,CLS-22,Artificial Intelligence,FAC-16,Thursday,24,2.0,0,0,81.96,20,15,24,2.12,1.08,1.1,11.49,62.5
2025-12-30,16-17,CR-09,Science Building,40,CLS-15,Web Development,FAC-22,Tuesday,19,1.5,0,0,91.14,17,15,14,1.17,1.3,0.3,7.93,41.25
2025-08-13,11-12,CR-09,Science Building,40,CLS-18,Python,FAC-23,Wednesday,35,1.5,1,0,82.06,29,38,1,0.23,0.01,0.33,1.09,17.53
2025-11-14,11-12,CR-03,Main Building,40,CLS-47,DBMS,FAC-19,Friday,18,2.0,1,0,81.27,15,21,20,0.78,0.35,0.49,1.04,15.67
2025-10-17,12-13,CR-11,Main Building,80,CLS-40,Python,FAC-24,Friday,46,1.0,1,0,74.46,34,31,33,0.48,0.44,0.02,1.75,6.2
2025-11-11,09-10,CR-03,Main Building,40,CLS-12,Computer Networks,FAC-10,Tuesday,28,1.0,0,1,97.27,27,11,20,1.49,1.4,0.66,8.67,61.04
2025-12-14,15-16,CR-18,IT Building,40,CLS-33,Statistics,FAC-07,Sunday,32,1.5,1,0,66.65,21,9,31,0.48,0.03,0.36,1.22,5.29
2025-06-08,15-16,CR-01,Main Building,30,CLS-40,Artificial Intelligence,FAC-21,Sunday,6,2.0,0,0,77.27,5,16,21,0.7,1.86,2.44,9.09,25.83
2025-07-26,10-11,CR-15,Main Building,30,CLS-26,Data Science,FAC-30,Saturday,14,2.0,1,0,90.64,13,8,13,0.74,0.45,0.1,1.95,7.85
2025-07-10,08-09,CR-16,IT Building,60,CLS-39,Software Engineering,FAC-02,Thursday,28,2.0,0,0,93.34,26,39,32,0.93,2.85,0.88,11.51,48.75
2025-11-07,11-12,CR-15,Main Building,30,CLS-39,Software Engineering,FAC-16,Friday,21,2.0,0,0,81.12,17,26,20,1.49,2.24,2.43,11.94,64.17
2025-07-19,14-15,CR-07,Main Building,30,CLS-25,Statistics,FAC-26,Saturday,9,3.0,0,0,90.85,8,15,8,0.87,1.56,0.52,8.53,32.5
2025-08-08,09-10,CR-19,Main Building,30,CLS-35,DBMS,FAC-17,Friday,17,1.5,1,1,73.49,12,8,16,0.89,0.16,0.28,1.66,13.59
2025-12-08,08-09,CR-04,Science Building,30,CLS-27,Artificial Intelligence,FAC-04,Monday,16,2.0,1,1,78.12,12,14,5,0.07,0.18,0.2,0.88,8.62
2025-12-23,16-17,CR-16,IT Building,60,CLS-07,Artificial Intelligence,FAC-21,Tuesday,33,2.0,0,0,77.51,26,22,4,2.01,2.4,2.05,13.93,41.67
2025-11-13,15-16,CR-19,Main Building,30,CLS-50,DBMS,FAC-03,Thursday,27,1.0,1,0,96.47,26,19,10,0.8,0.2,0.41,0.79,29.83
2025-06-17,14-15,CR-04,Science Building,30,CLS-30,Computer Networks,FAC-12,Tuesday,26,1.0,0,0,75.0,20,4,25,0.53,0.72,0.48,5.34,53.33
2025-06-06,08-09,CR-06,IT Building,80,CLS-32,Software Engineering,FAC-14,Friday,35,2.0,0,1,67.08,23,57,33,2.25,2.83,1.57,17.65,45.4
2025-12-11,15-16,CR-02,Main Building,50,CLS-50,Python,FAC-12,Thursday,17,2.0,0,0,94.76,16,21,32,1.39,0.67,0.57,9.86,34.5
2025-11-14,08-09,CR-14,IT Building,80,CLS-13,Machine Learning,FAC-20,Friday,60,1.0,0,0,75.2,45,75,24,0.3,0.96,0.32,6.54,65.62
2025-11-01,11-12,CR-06,IT Building,80,CLS-47,Software Engineering,FAC-15,Saturday,56,2.0,1,0,97.81,55,75,18,0.24,0.12,0.34,1.55,22.7
2025-12-21,14-15,CR-06,IT Building,80,CLS-12,Computer Networks,FAC-30,Sunday,48,2.0,0,0,93.36,45,52,12,1.12,2.69,1.02,11.99,58.44
2025-06-23,09-10,CR-12,IT Building,80,CLS-11,Web Development,FAC-25,Monday,66,1.0,0,0,85.11,56,29,1,0.71,1.51,0.55,7.26,61.56
2025-09-22,13-14,CR-15,Main Building,30,CLS-39,DBMS,FAC-24,Monday,9,1.0,1,0,88.13,8,12,20,0.35,0.23,0.28,0.71,8.48
2025-12-25,09-10,CR-19,Main Building,30,CLS-46,Statistics,FAC-13,Thursday,27,1.0,0,1,92.59,25,28,24,1.15,0.85,1.47,8.15,91.74
2025-07-16,12-13,CR-07,Main Building,30,CLS-36,Web Development,FAC-01,Wednesday,24,2.0,0,0,86.94,21,18,30,1.27,0.89,1.45,9.7,67.5
2025-11-18,09-10,CR-12,IT Building,80,CLS-29,DBMS,FAC-22,Tuesday,56,1.5,0,0,78.49,44,12,28,1.51,0.88,1.69,11.21,45.0
2025-06-16,13-14,CR-04,Science Building,30,CLS-35,Data Science,FAC-12,Monday,8,2.0,0,0,75.76,6,10,2,1.25,2.43,1.66,9.59,23.33
2025-11-15,16-17,CR-14,IT Building,80,CLS-29,Data Science,FAC-01,Saturday,46,1.0,0,0,75.09,35,47,17,0.99,1.0,1.16,7.91,47.5
2025-12-30,13-14,CR-14,IT Building,80,CLS-28,Machine Learning,FAC-20,Tuesday,42,3.0,0,0,84.13,35,60,0,0.65,1.59,0.86,10.85,51.56
2025-06-24,13-14,CR-02,Main Building,50,CLS-46,Web Development,FAC-08,Tuesday,27,1.0,0,0,81.72,22,18,25,1.19,0.78,1.43,7.3,42.0
2025-11-15,13-14,CR-11,Main Building,80,CLS-30,Computer Networks,FAC-23,Saturday,35,1.5,0,0,76.31,27,62,23,0.78,1.87,1.66,10.3,44.69
2025-12-08,15-16,CR-07,Main Building,30,CLS-47,Data Science,FAC-19,Monday,26,1.5,0,0,94.16,24,6,24,1.59,0.57,1.7,9.09,65.0
2025-06-16,13-14,CR-01,Main Building,30,CLS-28,Software Engineering,FAC-11,Monday,25,1.0,1,0,90.56,23,11,7,0.67,0.38,0.49,1.0,7.76
2025-12-18,12-13,CR-14,IT Building,80,CLS-49,Data Science,FAC-04,Thursday,35,2.0,0,0,80.21,28,65,6,0.35,1.24,1.57,8.4,46.56
2025-09-05,13-14,CR-08,Main Building,30,CLS-30,DBMS,FAC-27,Friday,6,1.0,0,0,75.22,5,9,17,1.11,1.73,0.78,7.03,20.0
2025-10-31,08-09,CR-16,IT Building,60,CLS-46,Software Engineering,FAC-03,Friday,52,3.0,0,0,75.63,39,46,12,1.07,1.57,2.48,13.82,67.92
2025-06-16,14-15,CR-04,Science Building,30,CLS-23,Python,FAC-16,Monday,9,3.0,0,0,92.44,8,16,3,1.16,2.57,0.63,10.82,33.33
2025-09-10,08-09,CR-08,Main Building,30,CLS-28,Operating Systems,FAC-02,Wednesday,16,2.0,0,0,70.24,11,7,3,2.38,2.56,2.44,13.86,33.33
2025-09-26,15-16,CR-15,Main Building,30,CLS-39,Computer Networks,FAC-22,Friday,12,1.0,0,1,70.93,9,13,13,0.52,0.53,1.16,5.01,37.99
2025-10-24,14-15,CR-02,Main Building,50,CLS-36,Operating Systems,FAC-09,Friday,36,3.0,0,0,91.11,33,16,38,1.07,0.97,1.41,12.73,57.5
2025-10-09,11-12,CR-01,Main Building,30,CLS-33,Operating Systems,FAC-18,Thursday,22,1.0,1,0,68.0,15,18,27,0.26,0.19,0.43,1.0,14.12
2025-10-09,16-17,CR-05,Main Building,80,CLS-17,DBMS,FAC-15,Thursday,38,2.0,0,1,88.91,34,62,34,1.53,1.35,1.88,14.73,57.37
2025-07-16,15-16,CR-09,Science Building,40,CLS-33,Data Science,FAC-23,Wednesday,15,1.0,0,1,87.56,13,34,4,1.02,1.43,1.1,7.43,53.02
2025-08-05,15-16,CR-11,Main Building,80,CLS-38,Artificial Intelligence,FAC-01,Tuesday,23,3.0,0,0,70.36,16,61,28,2.68,1.7,0.59,18.23,34.06
2025-07-09,09-10,CR-03,Main Building,40,CLS-21,Computer Networks,FAC-15,Wednesday,32,2.0,0,0,84.8,27,23,1,1.1,2.54,1.22,9.69,65.0
2025-10-16,10-11,CR-18,IT Building,40,CLS-12,Web Development,FAC-25,Thursday,34,1.5,0,1,71.91,24,13,15,0.93,1.71,1.4,9.49,57.82
2025-09-16,13-14,CR-02,Main Building,50,CLS-37,Web Development,FAC-22,Tuesday,20,2.0,0,0,84.08,17,30,36,2.47,2.23,2.35,15.67,40.5
2025-09-13,11-12,CR-16,IT Building,60,CLS-35,Machine Learning,FAC-26,Saturday,26,1.0,1,1,82.35,21,13,23,0.52,0.29,0.37,1.4,10.91
2025-11-29,11-12,CR-13,IT Building,40,CLS-38,Python,FAC-01,Saturday,16,1.5,0,0,97.05,16,25,27,1.79,0.74,0.84,9.34,45.62
2025-12-05,12-13,CR-10,Main Building,80,CLS-39,Web Development,FAC-02,Friday,65,1.0,1,1,82.98,54,20,21,0.55,0.11,0.36,1.65,19.51
2025-11-05,12-13,CR-05,Main Building,80,CLS-32,Software Engineering,FAC-19,Wednesday,72,1.0,1,0,89.19,64,32,27,0.02,0.2,0.45,0.94,23.58
2025-10-15,08-09,CR-01,Main Building,30,CLS-40,Software Engineering,FAC-28,Wednesday,19,2.0,0,0,73.37,14,20,2,0.8,0.75,2.09,7.54,51.67
2025-12-31,12-13,CR-10,Main Building,80,CLS-06,Computer Networks,FAC-29,Wednesday,56,1.5,1,0,67.86,38,24,6,0.29,0.02,0.39,1.48,10.48
2025-09-28,10-11,CR-20,Main Building,60,CLS-18,Data Science,FAC-01,Sunday,38,3.0,0,0,83.92,32,44,1,1.38,1.49,1.01,12.36,58.33
2025-08-27,16-17,CR-12,IT Building,80,CLS-36,Data Science,FAC-09,Wednesday,59,1.0,0,1,91.33,54,73,31,1.47,1.02,0.3,10.71,79.71
2025-10-29,13-14,CR-16,IT Building,60,CLS-12,Web Development,FAC-01,Wednesday,14,1.0,0,0,88.02,12,14,23,1.38,1.83,1.24,9.07,20.83
2025-06-17,16-17,CR-14,IT Building,80,CLS-06,Operating Systems,FAC-12,Tuesday,53,2.0,0,0,80.68,43,34,9,0.94,1.77,1.38,10.68,50.94
2025-11-23,12-13,CR-20,Main Building,60,CLS-20,Operating Systems,FAC-14,Sunday,28,2.0,0,1,86.64,24,26,37,1.28,2.05,0.79,12.83,48.62
2025-08-28,16-17,CR-07,Main Building,30,CLS-12,Artificial Intelligence,FAC-03,Thursday,25,2.0,0,0,79.34,20,4,4,0.72,2.69,1.35,8.59,53.33
2025-12-25,14-15,CR-08,Main Building,30,CLS-14,Web Development,FAC-30,Thursday,25,3.0,0,0,97.66,24,18,29,1.72,1.51,2.06,14.63,75.0
2025-12-10,15-16,CR-16,IT Building,60,CLS-04,Software Engineering,FAC-11,Wednesday,48,1.0,1,0,74.08,36,36,32,0.82,0.15,0.49,2.0,9.1
2025-11-05,13-14,CR-12,IT Building,80,CLS-17,DBMS,FAC-23,Wednesday,33,1.0,0,0,67.4,22,23,15,0.69,1.61,1.07,7.85,27.81
2025-10-12,08-09,CR-04,Science Building,30,CLS-08,Artificial Intelligence,FAC-21,Sunday,16,1.5,0,1,71.41,11,12,24,0.87,1.03,1.32,7.7,40.1
2025-09-03,09-10,CR-07,Main Building,30,CLS-40,Software Engineering,FAC-25,Wednesday,17,1.0,0,0,71.84,12,10,15,0.76,0.79,1.45,5.69,38.33
2025-09-01,08-09,CR-17,Main Building,50,CLS-49,DBMS,FAC-20,Monday,41,1.0,0,0,70.1,29,27,10,1.39,1.14,0.72,8.1,57.0
2025-12-26,13-14,CR-05,Main Building,80,CLS-44,DBMS,FAC-05,Friday,33,1.0,0,0,87.62,29,24,13,0.83,0.58,1.4,7.06,34.69
2025-10-24,13-14,CR-16,IT Building,60,CLS-37,Computer Networks,FAC-11,Friday,39,1.0,0,0,97.35,38,40,12,0.79,1.42,0.81,7.05,64.17
2025-07-28,13-14,CR-01,Main Building,30,CLS-01,Computer Networks,FAC-23,Monday,14,3.0,1,0,80.05,11,28,10,0.82,0.01,0.29,1.64,16.07
2025-06-12,12-13,CR-17,Main Building,50,CLS-11,Statistics,FAC-29,Thursday,28,1.0,0,1,94.07,26,17,33,0.52,0.77,1.22,6.94,51.77
2025-09-02,13-14,CR-17,Main Building,50,CLS-29,Data Science,FAC-19,Tuesday,22,3.0,1,0,77.47,17,8,27,0.39,0.44,0.31,1.79,10.71
2025-07-11,13-14,CR-17,Main Building,50,CLS-30,DBMS,FAC-13,Friday,11,2.0,0,0,78.4,9,29,34,1.45,2.88,0.5,11.98,28.0
2025-07-05,10-11,CR-14,IT Building,80,CLS-10,DBMS,FAC-30,Saturday,61,2.0,0,0,66.64,41,70,23,1.72,0.69,0.38,11.81,60.31
2025-06-06,09-10,CR-03,Main Building,40,CLS-24,DBMS,FAC-28,Friday,12,2.0,0,0,81.01,10,19,19,2.41,1.57,1.05,12.84,30.62
2025-12-14,09-10,CR-10,Main Building,80,CLS-29,Operating Systems,FAC-30,Sunday,37,3.0,0,1,77.38,29,65,13,1.31,1.18,1.66,14.83,53.92
2025-06-23,11-12,CR-15,Main Building,30,CLS-38,Statistics,FAC-18,Monday,21,1.0,0,0,79.48,17,26,27,0.59,0.74,0.64,5.37,64.17
2025-08-25,11-12,CR-17,Main Building,50,CLS-12,Software Engineering,FAC-30,Monday,47,2.0,1,0,70.07,33,18,9,0.95,0.27,0.03,1.86,17.34
2025-12-16,11-12,CR-20,Main Building,60,CLS-25,Artificial Intelligence,FAC-15,Tuesday,56,2.0,0,0,87.87,49,57,31,0.39,2.35,1.94,11.19,85.0
2025-12-20,14-15,CR-09,Science Building,40,CLS-19,Artificial Intelligence,FAC-04,Saturday,13,2.0,0,0,67.9,9,15,10,1.89,0.84,1.01,10.48,26.25
2025-07-10,08-09,CR-18,IT Building,40,CLS-43,DBMS,FAC-26,Thursday,16,3.0,0,0,96.11,15,23,8,1.63,3.89,0.49,14.46,42.5
2025-10-29,14-15,CR-04,Science Building,30,CLS-14,Software Engineering,FAC-02,Wednesday,20,1.0,0,0,85.8,17,5,29,0.35,0.76,0.57,5.04,46.67
2025-12-04,14-15,CR-19,Main Building,30,CLS-38,DBMS,FAC-20,Thursday,25,1.0,0,0,89.71,22,5,30,0.45,1.77,0.41,6.08,59.17
2025-09-07,16-17,CR-07,Main Building,30,CLS-34,Data Science,FAC-20,Sunday,10,1.0,0,0,97.32,10,22,16,0.39,0.65,1.19,4.67,43.33
2025-12-05,14-15,CR-01,Main Building,30,CLS-20,Data Science,FAC-16,Friday,22,1.0,1,0,75.3,17,7,24,0.72,0.1,0.23,1.16,5.66
2025-09-16,11-12,CR-01,Main Building,30,CLS-24,Computer Networks,FAC-20,Tuesday,16,2.0,1,0,90.38,14,9,10,0.76,0.26,0.46,1.06,12.24
2025-11-23,14-15,CR-20,Main Building,60,CLS-20,Machine Learning,FAC-05,Sunday,25,1.0,0,1,73.7,18,42,34,0.55,1.42,1.03,7.92,45.69
2025-11-20,08-09,CR-18,IT Building,40,CLS-33,Software Engineering,FAC-30,Thursday,20,3.0,0,1,77.36,15,10,5,2.31,3.33,1.77,18.57,41.68
2025-06-01,15-16,CR-04,Science Building,30,CLS-19,Statistics,FAC-24,Sunday,11,1.0,1,0,65.06,7,4,7,0.64,0.37,0.12,1.17,6.96
2025-09-14,16-17,CR-01,Main Building,30,CLS-33,Artificial Intelligence,FAC-18,Sunday,27,2.0,0,0,74.84,20,28,8,0.75,1.03,1.51,7.61,73.33
2025-07-24,15-16,CR-05,Main Building,80,CLS-50,Machine Learning,FAC-27,Thursday,28,1.0,0,0,96.34,27,75,26,1.01,0.95,1.05,8.56,48.75
2025-07-25,16-17,CR-08,Main Building,30,CLS-50,Machine Learning,FAC-23,Friday,24,1.0,1,1,70.26,17,5,25,0.63,0.22,0.01,1.73,12.81
2025-08-16,11-12,CR-02,Main Building,50,CLS-50,Statistics,FAC-16,Saturday,46,1.5,0,0,82.81,38,39,16,1.98,1.2,1.94,11.67,76.5
2025-07-16,09-10,CR-18,IT Building,40,CLS-08,Software Engineering,FAC-25,Wednesday,38,1.0,0,1,68.77,26,36,17,0.59,1.36,0.99,6.86,76.03
2025-11-01,09-10,CR-08,Main Building,30,CLS-07,Machine Learning,FAC-06,Saturday,18,1.0,0,0,90.58,16,13,12,1.02,1.39,1.39,6.51,50.83
2025-06-02,11-12,CR-02,Main Building,50,CLS-09,DBMS,FAC-04,Monday,18,1.0,0,1,70.34,13,14,28,0.75,1.57,0.3,7.32,33.22
2025-06-05,12-13,CR-06,IT Building,80,CLS-46,DBMS,FAC-28,Thursday,24,1.5,0,1,69.26,17,23,5,0.44,1.67,0.68,8.0,28.32
2025-11-04,10-11,CR-01,Main Building,30,CLS-27,DBMS,FAC-01,Tuesday,14,1.0,0,0,90.12,13,8,27,0.67,1.37,0.37,5.65,39.17
2025-09-25,10-11,CR-13,IT Building,40,CLS-06,Software Engineering,FAC-29,Thursday,26,1.0,0,1,95.86,25,28,14,0.67,2.0,1.47,7.47,66.96
2025-06-11,08-09,CR-03,Main Building,40,CLS-30,Statistics,FAC-22,Wednesday,34,1.0,0,0,94.54,32,20,25,1.24,1.96,1.01,8.61,72.5
2025-11-11,10-11,CR-05,Main Building,80,CLS-13,Software Engineering,FAC-21,Tuesday,17,1.0,0,0,82.23,14,16,11,0.9,1.08,0.84,7.39,18.12
2025-06-08,16-17,CR-03,Main Building,40,CLS-39,Web Development,FAC-01,Sunday,10,3.0,0,0,84.66,8,30,5,2.61,3.52,1.68,18.23,33.75
2025-11-28,11-12,CR-13,IT Building,40,CLS-03,Operating Systems,FAC-16,Friday,12,1.5,0,0,76.47,9,24,23,1.37,1.39,0.39,8.55,31.88
2025-06-13,16-17,CR-01,Main Building,30,CLS-28,DBMS,FAC-23,Friday,27,1.0,0,0,92.76,25,10,11,1.06,1.35,1.13,6.85,70.83
2025-06-07,09-10,CR-13,IT Building,40,CLS-46,Data Science,FAC-14,Saturday,12,1.0,0,0,79.17,10,25,36,0.36,1.94,0.79,6.59,34.38
2025-08-09,14-15,CR-04,Science Building,30,CLS-32,DBMS,FAC-02,Saturday,17,2.0,0,0,66.8,11,7,6,2.39,2.48,0.59,13.09,33.33
2025-07-27,10-11,CR-01,Main Building,30,CLS-38,Computer Networks,FAC-15,Sunday,12,1.0,0,0,97.39,12,13,0,1.17,1.21,1.01,6.35,40.83
2025-10-01,12-13,CR-03,Main Building,40,CLS-41,DBMS,FAC-11,Wednesday,26,2.0,1,0,67.43,18,32,21,0.54,0.28,0.44,1.35,9.23
2025-10-23,08-09,CR-08,Main Building,30,CLS-25,DBMS,FAC-22,Thursday,22,1.0,0,0,88.93,20,10,7,0.56,1.83,0.97,5.58,58.33
2025-11-02,09-10,CR-19,Main Building,30,CLS-21,Software Engineering,FAC-01,Sunday,28,1.0,0,1,93.31,26,13,3,1.41,1.66,1.43,8.57,80.18
2025-11-22,14-15,CR-16,IT Building,60,CLS-24,Python,FAC-03,Saturday,57,1.0,0,1,74.98,43,24,7,1.33,1.23,0.45,9.11,67.36
2025-09-01,08-09,CR-01,Main Building,30,CLS-15,Statistics,FAC-09,Monday,26,1.0,0,1,74.47,19,26,21,0.28,0.8,0.75,5.53,75.52
2025-08-14,14-15,CR-10,Main Building,80,CLS-42,Data Science,FAC-02,Thursday,22,2.0,0,1,70.53,16,14,8,0.69,1.48,2.41,10.64,22.66
2025-06-01,09-10,CR-13,IT Building,40,CLS-23,Machine Learning,FAC-20,Sunday,24,2.0,0,0,96.4,23,31,1,1.7,1.64,1.3,10.9,62.5
2025-10-31,09-10,CR-16,IT Building,60,CLS-50,Artificial Intelligence,FAC-02,Friday,41,1.0,0,1,78.55,32,19,24,0.54,1.08,0.91,7.82,54.81
2025-09-27,15-16,CR-12,IT Building,80,CLS-02,Web Development,FAC-13,Saturday,22,1.5,1,0,76.84,17,30,40,0.72,0.29,0.48,2.04,9.42
2025-11-08,12-13,CR-07,Main Building,30,CLS-47,Statistics,FAC-22,Saturday,19,1.0,0,1,77.71,15,27,27,1.38,1.73,1.05,8.79,65.82
2025-12-30,15-16,CR-06,IT Building,80,CLS-01,Data Science,FAC-29,Tuesday,16,1.0,0,0,96.36,15,22,1,0.38,1.34,0.66,5.89,20.94
2025-12-30,11-12,CR-13,IT Building,40,CLS-44,Artificial Intelligence,FAC-08,Tuesday,17,1.5,0,0,79.19,13,11,16,1.32,2.32,1.05,9.52,31.25
2025-08-14,10-11,CR-16,IT Building,60,CLS-08,Statistics,FAC-30,Thursday,40,1.0,0,0,70.3,28,13,18,0.49,1.57,0.31,6.61,40.42
2025-09-02,13-14,CR-12,IT Building,80,CLS-01,Software Engineering,FAC-02,Tuesday,19,1.0,1,1,80.85,15,14,27,0.15,0.22,0.37,1.1,5.07
2025-09-29,11-12,CR-11,Main Building,80,CLS-28,Web Development,FAC-05,Monday,67,1.5,1,0,73.31,49,44,13,0.37,0.03,0.29,1.61,13.36
2025-06-24,08-09,CR-20,Main Building,60,CLS-02,Statistics,FAC-17,Tuesday,22,1.0,0,0,85.05,19,50,33,0.33,1.1,0.77,6.49,44.58
2025-06-30,12-13,CR-14,IT Building,80,CLS-43,Web Development,FAC-15,Monday,18,1.0,0,0,76.42,14,12,28,0.77,1.7,0.45,7.35,16.88
2025-08-15,09-10,CR-16,IT Building,60,CLS-04,Computer Networks,FAC-01,Friday,22,1.0,0,0,85.43,19,30,20,0.88,0.96,1.16,6.9,36.25
2025-07-22,09-10,CR-07,Main Building,30,CLS-17,Machine Learning,FAC-15,Tuesday,19,1.0,0,1,87.03,17,4,29,1.25,1.96,1.04,9.59,51.29
2025-08-16,09-10,CR-16,IT Building,60,CLS-24,Web Development,FAC-22,Saturday,14,1.0,0,0,93.86,13,37,39,0.25,1.3,0.52,6.24,31.67
2025-06-10,13-14,CR-18,IT Building,40,CLS-18,Software Engineering,FAC-06,Tuesday,25,1.0,0,0,89.65,22,19,13,0.77,1.51,0.86,6.3,53.13
2025-12-11,14-15,CR-20,Main Building,60,CLS-41,Machine Learning,FAC-01,Thursday,46,1.0,0,0,79.42,37,50,22,0.61,1.07,0.69,6.7,67.08
2025-09-20,09-10,CR-05,Main Building,80,CLS-04,Computer Networks,FAC-10,Saturday,40,1.0,1,0,68.06,27,73,24,0.66,0.27,0.22,1.72,8.56
2025-10-21,13-14,CR-13,IT Building,40,CLS-11,Artificial Intelligence,FAC-29,Tuesday,9,2.0,0,0,70.03,6,9,4,1.17,2.47,2.25,10.42,16.88
2025-11-14,12-13,CR-08,Main Building,30,CLS-37,Statistics,FAC-19,Friday,10,1.0,0,0,87.12,9,22,18,0.55,0.97,0.49,5.08,40.83
2025-07-14,16-17,CR-14,IT Building,80,CLS-08,Python,FAC-05,Monday,49,1.0,1,0,90.6,44,25,16,0.65,0.31,0.33,1.55,8.42
2025-11-21,10-11,CR-11,Main Building,80,CLS-44,Artificial Intelligence,FAC-05,Friday,16,1.0,0,1,85.9,14,64,21,1.05,1.69,0.61,8.53,40.12
2025-07-01,16-17,CR-04,Science Building,30,CLS-37,Software Engineering,FAC-02,Tuesday,17,1.0,0,0,90.42,15,23,24,0.8,1.51,0.82,6.75,56.67
2025-06-11,13-14,CR-07,Main Building,30,CLS-01,Computer Networks,FAC-16,Wednesday,13,1.0,1,1,70.7,9,11,25,0.07,0.4,0.08,1.42,9.13
2025-10-13,12-13,CR-01,Main Building,30,CLS-07,Computer Networks,FAC-21,Monday,21,1.5,0,1,71.15,15,8,22,1.96,1.93,0.69,11.61,50.3
2025-06-17,09-10,CR-01,Main Building,30,CLS-22,Python,FAC-28,Tuesday,21,1.0,0,0,92.87,20,5,19,1.16,1.75,0.51,7.85,54.17
2025-08-30,15-16,CR-10,Main Building,80,CLS-49,Web Development,FAC-12,Saturday,75,2.0,0,0,86.13,65,67,37,0.34,0.67,1.86,10.32,81.88
2025-06-30,12-13,CR-08,Main Building,30,CLS-33,Operating Systems,FAC-26,Monday,19,1.5,0,1,92.73,18,24,9,0.91,0.59,1.5,7.17,68.47
2025-12-15,13-14,CR-12,IT Building,80,CLS-27,Operating Systems,FAC-14,Monday,54,1.0,0,0,95.68,52,32,36,1.15,1.37,0.54,9.51,58.75
2025-09-05,10-11,CR-14,IT Building,80,CLS-15,Data Science,FAC-23,Friday,46,1.0,0,0,80.39,37,41,31,0.91,1.63,1.22,9.05,47.5
2025-12-11,08-09,CR-07,Main Building,30,CLS-44,Statistics,FAC-03,Thursday,24,2.0,0,0,86.21,21,17,12,2.36,2.96,2.38,14.88,66.67
2025-12-13,13-14,CR-04,Science Building,30,CLS-17,Machine Learning,FAC-22,Saturday,13,1.0,0,0,86.89,11,18,12,0.38,0.91,0.26,4.54,42.5
2025-10-11,11-12,CR-05,Main Building,80,CLS-37,Software Engineering,FAC-15,Saturday,40,3.0,1,1,69.53,28,22,40,0.44,0.07,0.45,2.86,4.36
2025-08-30,09-10,CR-19,Main Building,30,CLS-07,Operating Systems,FAC-26,Saturday,6,1.0,1,0,91.5,5,9,27,0.95,0.5,0.49,1.31,3.43
2025-12-09,11-12,CR-15,Main Building,30,CLS-17,DBMS,FAC-15,Tuesday,13,2.0,0,0,78.53,10,10,2,0.81,2.4,0.92,8.17,33.33
2025-10-13,12-13,CR-07,Main Building,30,CLS-19,Machine Learning,FAC-07,Monday,17,3.0,1,0,91.2,16,26,3,0.28,0.25,0.28,1.6,21.06
2025-12-09,16-17,CR-05,Main Building,80,CLS-27,Machine Learning,FAC-03,Tuesday,22,2.0,0,0,96.12,21,60,10,0.85,2.84,2.06,11.87,38.44
2025-06-07,15-16,CR-07,Main Building,30,CLS-17,Operating Systems,FAC-18,Saturday,21,3.0,0,0,84.98,18,13,3,0.92,1.16,2.63,10.62,55.83
2025-08-11,13-14,CR-12,IT Building,80,CLS-27,Web Development,FAC-15,Monday,73,1.0,0,0,88.93,65,62,32,0.52,1.42,0.81,8.43,80.31
2025-10-15,13-14,CR-19,Main Building,30,CLS-12,Computer Networks,FAC-13,Wednesday,13,1.5,1,0,74.29,10,4,17,0.1,0.23,0.3,0.64,10.21
2025-10-12,12-13,CR-08,Main Building,30,CLS-36,DBMS,FAC-02,Sunday,9,1.0,0,0,66.55,6,19,16,0.75,0.89,0.29,5.33,30.83
2025-12-06,09-10,CR-13,IT Building,40,CLS-24,Computer Networks,FAC-01,Saturday,24,2.0,0,0,79.5,19,10,32,0.58,0.75,0.92,7.59,41.88
2025-11-23,08-09,CR-05,Main Building,80,CLS-19,Web Development,FAC-13,Sunday,67,2.0,0,1,91.33,61,33,27,1.07,0.9,1.16,12.2,69.89
2025-07-23,12-13,CR-13,IT Building,40,CLS-03,Software Engineering,FAC-15,Wednesday,14,3.0,0,0,85.71,12,11,16,1.34,0.53,2.1,11.48,29.38
2025-10-23,11-12,CR-03,Main Building,40,CLS-34,Machine Learning,FAC-07,Thursday,22,1.0,0,1,88.51,19,18,33,1.04,1.01,0.91,8.37,53.34
2025-06-02,12-13,CR-11,Main Building,80,CLS-01,DBMS,FAC-01,Monday,65,2.0,0,0,84.26,55,47,36,0.43,2.11,1.8,11.46,66.25
2025-06-29,09-10,CR-13,IT Building,40,CLS-19,Operating Systems,FAC-14,Sunday,16,2.0,0,0,77.23,12,18,35,2.22,2.61,0.64,13.8,33.75
2025-11-24,14-15,CR-18,IT Building,40,CLS-07,DBMS,FAC-29,Monday,15,2.0,0,0,88.88,13,16,40,2.08,1.76,1.15,13.4,34.38
2025-10-03,16-17,CR-04,Science Building,30,CLS-36,Machine Learning,FAC-12,Friday,17,1.0,1,1,95.21,16,9,11,0.23,0.13,0.18,1.02,13.97
2025-06-09,10-11,CR-03,Main Building,40,CLS-13,Computer Networks,FAC-16,Monday,10,1.5,0,0,73.52,7,21,32,1.95,1.69,0.26,10.37,26.25
2025-08-19,09-10,CR-16,IT Building,60,CLS-49,Software Engineering,FAC-15,Tuesday,37,1.0,0,1,66.13,24,40,19,0.43,0.78,1.21,7.19,52.25
2025-06-04,15-16,CR-06,IT Building,80,CLS-27,Web Development,FAC-17,Wednesday,48,1.0,0,0,72.19,35,15,15,1.37,1.5,1.33,9.85,37.5
2025-10-29,09-10,CR-14,IT Building,80,CLS-31,Software Engineering,FAC-03,Wednesday,27,2.0,0,0,96.56,26,68,39,0.53,0.74,2.06,10.12,45.62
2025-11-10,11-12,CR-20,Main Building,60,CLS-42,Software Engineering,FAC-11,Monday,52,2.0,0,0,77.08,40,44,9,1.72,1.26,0.79,11.78,68.33
2025-12-20,10-11,CR-15,Main Building,30,CLS-42,Software Engineering,FAC-04,Saturday,14,1.5,0,0,81.11,11,11,18,0.63,1.47,1.92,7.23,36.67
2025-08-21,11-12,CR-14,IT Building,80,CLS-38,Software Engineering,FAC-24,Thursday,25,1.0,0,0,91.8,23,68,10,1.4,1.92,1.1,9.56,42.81
2025-11-09,12-13,CR-17,Main Building,50,CLS-27,Machine Learning,FAC-28,Sunday,15,1.0,0,0,71.98,11,21,3,0.3,0.72,1.46,5.23,27.0
2025-12-27,14-15,CR-16,IT Building,60,CLS-36,Python,FAC-03,Saturday,55,2.0,0,0,80.35,44,40,2,1.74,0.56,0.81,10.62,71.67
2025-06-22,12-13,CR-03,Main Building,40,CLS-10,Software Engineering,FAC-29,Sunday,8,1.0,0,0,79.4,6,12,10,1.04,0.76,1.21,6.6,18.75
2025-06-10,16-17,CR-07,Main Building,30,CLS-49,Computer Networks,FAC-05,Tuesday,15,2.0,0,0,68.23,10,20,10,1.78,1.23,2.04,10.75,41.67
2025-09-12,10-11,CR-07,Main Building,30,CLS-29,Software Engineering,FAC-21,Friday,23,1.5,1,0,78.27,18,19,29,0.67,0.47,0.01,1.14,10.12
2025-12-23,10-11,CR-15,Main Building,30,CLS-30,Computer Networks,FAC-01,Tuesday,28,1.5,0,1,81.32,23,24,21,0.32,0.88,0.99,6.54,81.49
2025-06-17,11-12,CR-14,IT Building,80,CLS-36,Statistics,FAC-28,Tuesday,53,1.0,0,0,92.52,49,72,18,0.85,1.38,1.34,8.84,68.44
2025-06-20,14-15,CR-19,Main Building,30,CLS-36,Web Development,FAC-21,Friday,13,1.5,0,0,93.44,12,25,7,0.6,1.21,1.96,6.36,50.83
2025-09-30,13-14,CR-14,IT Building,80,CLS-50,Machine Learning,FAC-29,Tuesday,71,2.0,0,0,97.45,69,40,21,0.75,0.67,0.86,9.59,77.19
2025-10-02,15-16,CR-16,IT Building,60,CLS-46,Operating Systems,FAC-29,Thursday,45,1.0,0,0,85.42,38,53,39,1.37,1.0,1.31,8.95,69.58
2025-08-10,13-14,CR-17,Main Building,50,CLS-15,Computer Networks,FAC-03,Sunday,44,2.0,0,0,68.08,30,35,18,0.34,1.76,0.38,8.03,62.5
2025-08-19,16-17,CR-19,Main Building,30,CLS-11,DBMS,FAC-25,Tuesday,25,1.5,0,0,72.97,18,8,8,1.49,1.1,0.33,7.86,51.67
2025-08-08,13-14,CR-01,Main Building,30,CLS-12,Artificial Intelligence,FAC-27,Friday,18,1.5,1,0,83.37,15,8,3,0.83,0.2,0.31,1.31,17.48
2025-12-25,16-17,CR-06,IT Building,80,CLS-40,Artificial Intelligence,FAC-26,Thursday,53,2.0,0,0,71.4,38,62,6,1.9,1.75,1.93,13.92,55.0
2025-12-03,08-09,CR-08,Main Building,30,CLS-29,Computer Networks,FAC-07,Wednesday,11,2.0,0,0,81.32,9,11,26,0.54,1.92,1.36,8.51,31.67
2025-12-20,16-17,CR-01,Main Building,30,CLS-20,DBMS,FAC-16,Saturday,14,1.0,1,0,94.53,13,17,19,0.45,0.23,0.26,1.06,17.15
2025-10-19,08-09,CR-17,Main Building,50,CLS-47,Computer Networks,FAC-11,Sunday,30,3.0,0,0,82.15,25,40,26,2.86,2.77,1.01,20.08,57.5
2025-12-16,09-10,CR-20,Main Building,60,CLS-38,Operating Systems,FAC-30,Tuesday,12,3.0,0,1,86.11,10,22,39,1.86,1.12,0.34,15.49,28.41
2025-11-21,09-10,CR-08,Main Building,30,CLS-09,Statistics,FAC-10,Friday,7,1.0,1,0,76.15,5,15,18,0.43,0.03,0.41,1.14,4.68
2025-08-31,08-09,CR-03,Main Building,40,CLS-26,Artificial Intelligence,FAC-15,Sunday,19,1.0,0,0,70.1,13,25,33,0.32,1.22,0.49,5.61,40.0
2025-09-05,11-12,CR-05,Main Building,80,CLS-36,Machine Learning,FAC-01,Friday,59,2.0,0,0,95.93,57,55,25,0.27,1.53,2.34,10.25,70.62
2025-06-16,13-14,CR-11,Main Building,80,CLS-31,DBMS,FAC-17,Monday,61,2.0,0,0,75.0,46,18,36,1.37,0.96,1.3,12.59,48.75
2025-09-12,08-09,CR-01,Main Building,30,CLS-48,Computer Networks,FAC-30,Friday,18,3.0,0,0,92.6,17,25,27,2.65,0.67,0.69,15.16,63.33
2025-06-18,13-14,CR-07,Main Building,30,CLS-06,Operating Systems,FAC-13,Wednesday,18,1.0,1,0,76.91,14,13,9,0.84,0.36,0.05,0.8,14.12
2025-09-05,15-16,CR-19,Main Building,30,CLS-06,Software Engineering,FAC-03,Friday,15,1.0,0,0,85.61,13,23,14,0.39,0.88,0.47,4.66,51.67
2025-08-24,15-16,CR-11,Main Building,80,CLS-24,Web Development,FAC-13,Sunday,66,1.0,0,1,83.6,55,36,17,0.47,1.99,0.78,8.44,69.46
2025-07-17,14-15,CR-01,Main Building,30,CLS-24,DBMS,FAC-08,Thursday,22,2.0,0,0,68.2,15,23,22,0.52,1.96,2.45,9.27,56.67
2025-10-29,14-15,CR-19,Main Building,30,CLS-26,Computer Networks,FAC-24,Wednesday,7,2.0,1,0,79.66,6,20,14,0.44,0.25,0.35,1.26,10.37
2025-10-11,16-17,CR-02,Main Building,50,CLS-19,Machine Learning,FAC-10,Saturday,11,1.0,0,0,77.13,8,26,33,1.33,0.54,0.8,8.26,25.0
2025-09-22,12-13,CR-11,Main Building,80,CLS-07,Data Science,FAC-26,Monday,63,1.5,0,1,74.11,47,42,28,1.0,1.47,1.45,11.68,62.86
2025-07-13,10-11,CR-20,Main Building,60,CLS-14,Python,FAC-20,Sunday,53,2.0,0,0,90.53,48,22,4,1.91,1.35,2.5,13.1,69.17
2025-11-23,10-11,CR-03,Main Building,40,CLS-13,Web Development,FAC-28,Sunday,30,1.0,0,0,71.44,21,7,2,0.64,1.18,1.31,6.12,43.75
2025-09-30,10-11,CR-11,Main Building,80,CLS-26,Computer Networks,FAC-26,Tuesday,70,3.0,0,0,90.69,63,28,15,2.59,1.45,1.88,19.31,67.81
2025-06-15,14-15,CR-07,Main Building,30,CLS-27,Artificial Intelligence,FAC-15,Sunday,22,1.0,0,0,87.58,19,24,21,0.43,1.5,1.06,5.78,67.5
2025-09-03,09-10,CR-02,Main Building,50,CLS-19,Machine Learning,FAC-08,Wednesday,35,1.5,0,0,91.74,32,31,31,0.49,2.07,2.0,9.22,63.5
2025-11-03,13-14,CR-19,Main Building,30,CLS-43,DBMS,FAC-24,Monday,10,2.0,0,0,86.85,9,23,12,1.2,2.33,1.88,10.38,41.67
2025-10-01,11-12,CR-15,Main Building,30,CLS-06,Statistics,FAC-14,Wednesday,21,1.0,0,0,85.84,18,22,3,1.25,1.17,0.4,5.95,63.33
2025-12-25,10-11,CR-01,Main Building,30,CLS-39,Web Development,FAC-11,Thursday,14,2.0,0,0,77.69,11,21,22,0.29,1.46,2.07,7.63,45.0
2025-11-07,12-13,CR-10,Main Building,80,CLS-14,Software Engineering,FAC-30,Friday,63,2.0,0,0,82.91,52,69,25,0.27,1.67,0.91,8.98,70.31
2025-10-25,12-13,CR-04,Science Building,30,CLS-16,Computer Networks,FAC-13,Saturday,21,1.0,0,1,95.76,20,17,26,0.3,1.53,1.31,6.23,69.2
2025-10-28,14-15,CR-20,Main Building,60,CLS-01,Software Engineering,FAC-25,Tuesday,42,2.0,0,0,96.65,41,45,5,0.65,1.83,0.35,8.15,70.0
2025-08-16,09-10,CR-18,IT Building,40,CLS-45,DBMS,FAC-11,Saturday,26,1.0,1,1,92.65,24,24,39,0.11,0.26,0.26,1.25,11.49
2025-08-14,12-13,CR-15,Main Building,30,CLS-18,Data Science,FAC-15,Thursday,7,1.5,0,0,97.06,7,13,8,1.4,1.08,0.67,7.63,28.33
2025-08-27,10-11,CR-16,IT Building,60,CLS-36,Computer Networks,FAC-03,Wednesday,15,2.0,0,0,87.79,13,38,10,1.62,0.6,1.97,10.55,32.08
2025-10-19,15-16,CR-09,Science Building,40,CLS-04,Operating Systems,FAC-11,Sunday,10,3.0,0,0,86.18,9,13,16,2.9,2.56,1.09,17.75,25.0
2025-09-06,08-09,CR-08,Main Building,30,CLS-29,Software Engineering,FAC-06,Saturday,23,1.0,0,0,88.86,20,17,16,1.13,0.8,0.45,6.22,64.17
2025-11-01,09-10,CR-01,Main Building,30,CLS-36,Artificial Intelligence,FAC-18,Saturday,21,1.5,0,0,67.54,14,27,15,1.85,0.97,0.85,9.08,57.5
2025-08-31,08-09,CR-04,Science Building,30,CLS-13,Statistics,FAC-21,Sunday,27,2.0,0,1,88.56,24,24,5,2.21,0.96,1.79,12.17,87.91
2025-09-09,15-16,CR-20,Main Building,60,CLS-31,Web Development,FAC-25,Tuesday,55,3.0,0,0,76.63,42,14,30,2.95,1.55,0.27,18.65,58.33
2025-12-17,15-16,CR-03,Main Building,40,CLS-34,Computer Networks,FAC-06,Wednesday,21,1.5,1,0,66.47,14,32,4,0.7,0.37,0.23,1.33,10.23
2025-07-30,11-12,CR-18,IT Building,40,CLS-26,DBMS,FAC-26,Wednesday,25,1.0,0,0,87.34,22,18,9,0.92,1.44,1.0,6.47,52.5
2025-12-08,14-15,CR-05,Main Building,80,CLS-20,Statistics,FAC-17,Monday,42,1.0,0,1,73.87,31,44,25,0.8,1.17,1.22,9.07,47.19
2025-12-25,12-13,CR-19,Main Building,30,CLS-32,Operating Systems,FAC-01,Thursday,16,1.0,0,0,77.12,12,12,30,0.45,0.88,0.52,5.24,40.0
2025-12-23,11-12,CR-09,Science Building,40,CLS-37,Artificial Intelligence,FAC-10,Tuesday,11,1.0,0,0,88.38,10,30,10,0.77,1.83,1.48,7.23,37.5
2025-06-13,16-17,CR-02,Main Building,50,CLS-05,Data Science,FAC-28,Friday,43,2.0,0,0,87.1,37,39,10,2.19,1.77,2.35,14.34,75.0
2025-10-15,08-09,CR-01,Main Building,30,CLS-44,Statistics,FAC-06,Wednesday,6,1.0,0,0,82.91,5,14,0,0.57,1.03,1.37,5.1,24.17
2025-08-13,13-14,CR-13,IT Building,40,CLS-34,Computer Networks,FAC-20,Wednesday,21,2.0,0,0,66.85,14,11,38,1.58,1.43,1.12,11.12,33.12
2025-07-14,11-12,CR-07,Main Building,30,CLS-06,Artificial Intelligence,FAC-05,Monday,15,1.0,0,0,80.69,12,14,20,0.76,1.03,0.38,5.81,41.67
2025-09-25,13-14,CR-17,Main Building,50,CLS-45,Web Development,FAC-23,Thursday,19,1.5,0,1,82.92,16,33,5,0.78,1.82,0.81,7.89,46.41
2025-07-15,15-16,CR-15,Main Building,30,CLS-47,Statistics,FAC-24,Tuesday,12,3.0,0,0,97.75,12,11,26,1.65,0.58,1.74,12.3,39.17
2025-08-24,14-15,CR-20,Main Building,60,CLS-20,Data Science,FAC-01,Sunday,17,2.0,0,0,93.72,16,29,28,1.99,2.25,0.56,13.42,32.08
2025-09-09,14-15,CR-03,Main Building,40,CLS-27,Data Science,FAC-29,Tuesday,26,3.0,1,0,83.89,22,9,26,0.89,0.14,0.12,2.32,8.64
2025-06-04,11-12,CR-03,Main Building,40,CLS-35,Web Development,FAC-03,Wednesday,28,2.0,0,0,93.7,26,17,40,1.66,0.5,1.04,11.67,59.38
2025-09-13,13-14,CR-05,Main Building,80,CLS-14,Web Development,FAC-21,Saturday,43,1.0,1,0,75.96,33,48,27,0.24,0.41,0.05,1.7,14.9
2025-07-03,08-09,CR-08,Main Building,30,CLS-49,Software Engineering,FAC-09,Thursday,19,1.5,1,0,81.08,15,17,8,0.63,0.05,0.26,1.56,9.86
2025-06-14,09-10,CR-20,Main Building,60,CLS-49,Software Engineering,FAC-20,Saturday,23,2.0,0,1,72.75,17,16,19,0.91,1.92,2.46,12.0,33.99
2025-12-29,13-14,CR-07,Main Building,30,CLS-22,Web Development,FAC-27,Monday,11,1.0,1,0,72.18,8,8,26,0.99,0.36,0.41,1.38,10.55
2025-11-19,14-15,CR-01,Main Building,30,CLS-32,Software Engineering,FAC-03,Wednesday,13,3.0,0,0,66.91,9,26,14,1.27,3.93,0.54,13.27,44.17
2025-12-21,13-14,CR-03,Main Building,40,CLS-16,Web Development,FAC-25,Sunday,9,1.5,1,0,83.56,8,11,32,0.01,0.36,0.1,0.99,7.89
2025-08-21,08-09,CR-12,IT Building,80,CLS-45,Software Engineering,FAC-29,Thursday,24,2.0,0,0,90.44,22,56,20,0.49,1.07,0.27,7.82,38.12
2025-12-14,12-13,CR-14,IT Building,80,CLS-46,Artificial Intelligence,FAC-03,Sunday,24,1.0,0,1,96.96,23,14,40,0.99,1.58,1.06,9.91,31.81
2025-06-28,09-10,CR-20,Main Building,60,CLS-47,Artificial Intelligence,FAC-25,Saturday,49,1.5,0,0,69.34,34,18,21,0.95,1.64,1.23,9.25,50.0
2025-08-01,08-09,CR-08,Main Building,30,CLS-08,Artificial Intelligence,FAC-18,Friday,14,1.5,0,0,68.93,10,28,19,0.31,2.1,1.52,6.97,48.33
2025-12-18,12-13,CR-09,Science Building,40,CLS-49,Data Science,FAC-18,Thursday,8,2.0,0,0,97.87,8,7,3,0.82,1.72,0.78,7.71,19.38
2025-10-28,10-11,CR-07,Main Building,30,CLS-07,Statistics,FAC-12,Tuesday,7,1.5,0,0,85.55,6,11,0,0.45,0.75,0.38,4.37,24.17
2025-08-27,11-12,CR-19,Main Building,30,CLS-02,Python,FAC-08,Wednesday,14,2.0,1,0,85.39,12,9,23,0.88,0.37,0.23,2.17,10.76
2025-09-08,10-11,CR-01,Main Building,30,CLS-22,Artificial Intelligence,FAC-25,Monday,28,1.0,1,0,97.48,27,27,12,0.46,0.06,0.5,1.07,31.11
2025-10-08,12-13,CR-20,Main Building,60,CLS-32,Artificial Intelligence,FAC-13,Wednesday,34,2.0,0,1,75.2,26,53,14,1.38,1.9,0.79,11.82,61.59
2025-12-25,11-12,CR-20,Main Building,60,CLS-16,Statistics,FAC-19,Thursday,30,1.0,0,0,83.38,25,46,22,1.2,0.9,0.73,8.0,50.42
2025-06-21,16-17,CR-17,Main Building,50,CLS-33,Artificial Intelligence,FAC-25,Saturday,38,2.0,0,1,88.92,34,18,33,2.21,0.93,0.42,13.56,67.64
2025-06-04,13-14,CR-16,IT Building,60,CLS-12,Software Engineering,FAC-08,Wednesday,50,1.5,0,0,68.94,34,9,4,0.53,1.57,1.95,8.34,46.25
2025-10-22,16-17,CR-14,IT Building,80,CLS-24,Statistics,FAC-28,Wednesday,65,2.0,0,0,66.26,43,63,40,2.34,0.95,2.3,16.29,60.0
2025-11-25,08-09,CR-15,Main Building,30,CLS-49,Web Development,FAC-11,Tuesday,19,1.0,1,0,66.86,13,25,23,0.95,0.1,0.15,0.74,11.37
2025-09-28,08-09,CR-07,Main Building,30,CLS-11,Operating Systems,FAC-04,Sunday,23,3.0,1,1,87.03,20,18,11,0.97,0.3,0.36,2.12,24.32
2025-06-14,16-17,CR-02,Main Building,50,CLS-43,Data Science,FAC-02,Saturday,41,1.0,1,0,67.9,28,9,16,0.63,0.23,0.44,1.79,10.24
2025-10-28,08-09,CR-15,Main Building,30,CLS-19,DBMS,FAC-19,Tuesday,6,2.0,0,0,72.53,4,21,8,0.83,1.44,0.93,7.1,27.5
2025-10-01,15-16,CR-07,Main Building,30,CLS-40,Data Science,FAC-02,Wednesday,10,1.0,1,0,73.38,7,28,8,0.05,0.42,0.03,0.74,4.24
2025-10-01,11-12,CR-04,Science Building,30,CLS-37,Operating Systems,FAC-03,Wednesday,23,2.0,0,0,81.58,19,7,2,1.36,1.94,0.9,9.22,53.33
2025-07-17,08-09,CR-07,Main Building,30,CLS-49,Computer Networks,FAC-16,Thursday,11,2.0,1,0,86.88,10,27,12,0.5,0.17,0.41,1.09,13.56
2025-11-09,12-13,CR-05,Main Building,80,CLS-28,Machine Learning,FAC-21,Sunday,65,1.5,0,0,92.97,60,47,30,1.86,1.57,0.63,12.91,70.94
2025-06-17,08-09,CR-16,IT Building,60,CLS-45,Statistics,FAC-08,Tuesday,34,1.0,0,0,95.22,32,35,23,0.49,0.57,0.66,6.14,54.58
2025-07-05,08-09,CR-18,IT Building,40,CLS-16,Machine Learning,FAC-22,Saturday,36,3.0,0,0,86.03,31,6,4,2.87,0.82,0.42,15.36,61.88
2025-12-06,14-15,CR-03,Main Building,40,CLS-41,Software Engineering,FAC-08,Saturday,13,1.0,0,0,84.94,11,8,3,1.46,1.25,0.31,6.76,25.63
2025-10-05,12-13,CR-03,Main Building,40,CLS-48,Computer Networks,FAC-29,Sunday,20,2.0,1,0,76.15,15,19,2,0.04,0.45,0.26,0.82,10.6
2025-06-07,12-13,CR-05,Main Building,80,CLS-36,DBMS,FAC-04,Saturday,41,1.5,0,0,87.14,36,28,19,0.37,0.61,1.28,7.53,42.5
2025-09-06,12-13,CR-09,Science Building,40,CLS-31,Machine Learning,FAC-02,Saturday,20,1.0,0,0,93.97,19,33,29,1.26,0.61,0.5,7.39,56.25
2025-11-12,11-12,CR-16,IT Building,60,CLS-30,Software Engineering,FAC-18,Wednesday,51,1.0,0,0,86.7,44,16,34,0.8,0.94,0.77,8.0,61.67
2025-07-01,08-09,CR-02,Main Building,50,CLS-30,Data Science,FAC-26,Tuesday,11,2.0,1,0,68.41,8,37,39,0.28,0.27,0.35,1.55,10.46
2025-12-30,16-17,CR-02,Main Building,50,CLS-47,Machine Learning,FAC-21,Tuesday,16,1.5,0,0,85.81,14,32,17,1.9,2.09,1.22,11.09,37.0
2025-09-28,14-15,CR-11,Main Building,80,CLS-35,Artificial Intelligence,FAC-15,Sunday,64,1.0,0,1,87.88,56,14,14,1.3,1.94,1.01,10.28,63.71
2025-07-28,14-15,CR-15,Main Building,30,CLS-47,Artificial Intelligence,FAC-21,Monday,24,3.0,1,0,82.39,20,28,15,0.02,0.04,0.08,1.1,27.83
2025-06-22,08-09,CR-19,Main Building,30,CLS-49,Statistics,FAC-23,Sunday,25,2.0,1,0,76.12,19,27,26,0.64,0.27,0.3,1.45,26.77
2025-10-14,12-13,CR-18,IT Building,40,CLS-46,Computer Networks,FAC-11,Tuesday,13,1.0,0,1,80.58,10,6,18,0.6,1.93,0.36,6.59,26.39
2025-07-25,11-12,CR-09,Science Building,40,CLS-14,Python,FAC-09,Friday,27,3.0,0,0,81.92,22,7,29,0.55,0.75,1.43,9.65,45.63
2025-06-09,08-09,CR-01,Main Building,30,CLS-10,Computer Networks,FAC-25,Monday,20,1.0,0,0,89.48,18,18,11,0.59,1.34,0.6,5.62,60.0
2025-07-22,14-15,CR-10,Main Building,80,CLS-46,Machine Learning,FAC-14,Tuesday,29,2.0,0,0,93.24,27,22,6,1.41,1.1,0.68,10.35,32.19
2025-09-29,10-11,CR-07,Main Building,30,CLS-04,DBMS,FAC-27,Monday,17,2.0,0,0,96.48,16,19,25,0.71,2.52,1.08,9.52,55.83
2025-07-15,14-15,CR-08,Main Building,30,CLS-44,DBMS,FAC-28,Tuesday,6,2.0,0,0,96.73,6,21,29,2.45,2.27,1.95,13.96,32.5
2025-12-26,08-09,CR-18,IT Building,40,CLS-45,Software Engineering,FAC-23,Friday,21,2.0,0,0,83.59,18,16,23,1.95,2.65,1.34,13.42,43.75
2025-10-07,08-09,CR-10,Main Building,80,CLS-20,DBMS,FAC-02,Tuesday,41,1.0,1,0,83.56,34,73,8,0.89,0.18,0.1,2.16,6.99
2025-07-05,15-16,CR-04,Science Building,30,CLS-45,Computer Networks,FAC-17,Saturday,9,1.0,0,1,80.06,7,7,30,0.51,1.25,1.38,6.86,31.24
2025-11-16,15-16,CR-14,IT Building,80,CLS-28,DBMS,FAC-30,Sunday,39,1.0,0,0,70.48,27,31,26,1.38,1.4,0.29,9.23,35.0
2025-10-02,11-12,CR-15,Main Building,30,CLS-08,Machine Learning,FAC-01,Thursday,20,3.0,0,0,85.89,17,21,13,2.87,0.78,1.85,16.11,60.0
2025-10-13,14-15,CR-09,Science Building,40,CLS-27,Web Development,FAC-04,Monday,17,1.5,0,0,76.45,13,25,27,1.35,0.61,1.57,9.4,40.0
2025-10-19,13-14,CR-07,Main Building,30,CLS-41,Operating Systems,FAC-10,Sunday,11,1.0,0,0,65.15,7,18,14,0.63,1.26,0.72,5.69,32.5
2025-09-06,16-17,CR-19,Main Building,30,CLS-37,Operating Systems,FAC-23,Saturday,21,3.0,0,1,95.85,20,15,2,2.65,2.33,2.68,18.82,66.83
2025-09-07,08-09,CR-08,Main Building,30,CLS-47,Data Science,FAC-22,Sunday,26,1.0,1,0,95.39,25,27,26,0.41,0.14,0.05,1.26,9.27
2025-08-07,08-09,CR-20,Main Building,60,CLS-23,Python,FAC-22,Thursday,40,3.0,1,0,83.51,33,31,6,0.67,0.06,0.07,1.94,15.51
2025-09-06,11-12,CR-05,Main Building,80,CLS-15,Python,FAC-21,Saturday,35,1.5,0,0,80.33,28,55,37,1.91,1.22,1.79,12.87,43.44
2025-09-16,09-10,CR-03,Main Building,40,CLS-24,Statistics,FAC-23,Tuesday,19,2.0,1,0,84.82,16,20,32,0.86,0.0,0.09,1.52,14.11
2025-06-24,14-15,CR-05,Main Building,80,CLS-49,Statistics,FAC-22,Tuesday,74,3.0,0,0,72.25,53,35,35,2.86,1.04,0.35,20.13,60.62
2025-12-06,16-17,CR-03,Main Building,40,CLS-21,Computer Networks,FAC-13,Saturday,9,2.0,0,0,92.85,8,9,22,2.38,1.85,2.34,14.66,20.62
2025-06-22,16-17,CR-07,Main Building,30,CLS-17,DBMS,FAC-09,Sunday,24,1.0,0,0,88.93,21,14,13,0.58,1.89,1.08,6.71,64.17
2025-10-14,08-09,CR-17,Main Building,50,CLS-32,Operating Systems,FAC-20,Tuesday,25,1.0,0,0,78.24,20,25,16,0.39,1.58,1.28,6.14,42.5
2025-06-25,14-15,CR-15,Main Building,30,CLS-25,Data Science,FAC-04,Wednesday,23,1.5,1,0,89.05,20,11,0,0.23,0.48,0.01,0.62,16.87
2025-08-13,15-16,CR-10,Main Building,80,CLS-09,Statistics,FAC-21,Wednesday,28,1.0,0,1,66.59,19,42,19,0.76,1.43,1.35,8.43,36.07
2025-06-07,10-11,CR-19,Main Building,30,CLS-22,Machine Learning,FAC-14,Saturday,27,1.0,0,1,97.66,26,5,17,1.26,1.2,1.15,8.02,73.04
2025-08-07,16-17,CR-05,Main Building,80,CLS-25,Data Science,FAC-15,Thursday,46,1.0,0,0,90.91,42,35,21,0.85,1.08,0.91,8.35,50.31
2025-10-12,09-10,CR-05,Main Building,80,CLS-43,Software Engineering,FAC-30,Sunday,45,1.5,0,0,87.3,39,46,0,1.52,1.21,1.25,10.04,50.94
2025-08-05,09-10,CR-20,Main Building,60,CLS-29,Web Development,FAC-09,Tuesday,41,1.5,0,0,87.33,36,17,19,0.98,0.55,0.86,7.97,52.08
2025-09-11,14-15,CR-17,Main Building,50,CLS-22,Machine Learning,FAC-14,Thursday,47,1.0,0,0,91.62,43,30,4,1.25,1.24,0.84,7.33,79.5
2025-09-27,09-10,CR-08,Main Building,30,CLS-24,Data Science,FAC-21,Saturday,23,1.0,0,0,82.36,19,24,14,0.26,1.21,0.67,4.9,67.5
2025-06-08,13-14,CR-01,Main Building,30,CLS-41,Python,FAC-12,Sunday,20,1.0,1,0,87.27,17,26,16,0.64,0.19,0.0,1.29,24.8
2025-10-03,14-15,CR-14,IT Building,80,CLS-20,Software Engineering,FAC-15,Friday,49,1.0,0,0,67.39,33,43,7,0.38,1.47,1.19,6.72,44.38
2025-07-16,15-16,CR-14,IT Building,80,CLS-03,Operating Systems,FAC-18,Wednesday,65,1.0,0,0,75.61,49,48,34,0.86,1.92,1.43,10.08,60.94
2025-07-16,10-11,CR-09,Science Building,40,CLS-24,Data Science,FAC-10,Wednesday,34,3.0,0,1,84.6,29,13,24,2.93,2.17,2.38,21.34,69.74
2025-11-17,11-12,CR-12,IT Building,80,CLS-16,Web Development,FAC-04,Monday,47,1.5,1,0,90.35,42,51,26,0.5,0.4,0.13,1.77,7.3
2025-08-07,09-10,CR-04,Science Building,30,CLS-42,Statistics,FAC-21,Thursday,9,1.0,1,0,96.14,9,13,21,0.5,0.32,0.31,0.85,11.09
2025-07-27,09-10,CR-06,IT Building,80,CLS-37,Software Engineering,FAC-27,Sunday,57,1.0,0,1,69.37,40,44,18,0.74,1.56,1.46,9.22,56.61
2025-11-29,08-09,CR-04,Science Building,30,CLS-09,Operating Systems,FAC-16,Saturday,8,1.0,0,0,68.14,5,26,3,0.55,1.07,0.93,4.53,34.17
2025-08-22,14-15,CR-17,Main Building,50,CLS-22,DBMS,FAC-27,Friday,10,3.0,0,0,72.61,7,35,18,0.88,3.22,2.9,14.56,28.0
2025-08-09,15-16,CR-19,Main Building,30,CLS-17,Python,FAC-30,Saturday,22,1.0,1,0,73.52,16,4,25,0.93,0.34,0.4,1.17,14.76
2025-12-11,16-17,CR-20,Main Building,60,CLS-47,Data Science,FAC-06,Thursday,48,2.0,0,0,66.63,32,25,6,1.6,1.82,0.91,11.75,50.42
2025-11-02,14-15,CR-11,Main Building,80,CLS-36,Web Development,FAC-02,Sunday,25,2.0,0,0,88.31,22,71,26,0.32,1.92,0.63,8.58,42.81
2025-08-04,13-14,CR-05,Main Building,80,CLS-27,Artificial Intelligence,FAC-18,Monday,44,1.0,0,0,69.63,31,33,15,1.03,0.97,0.8,8.38,39.38
2025-10-19,14-15,CR-11,Main Building,80,CLS-27,Data Science,FAC-14,Sunday,18,1.0,0,0,80.51,14,58,37,1.45,1.03,1.18,9.22,31.25
2025-10-18,08-09,CR-04,Science Building,30,CLS-34,Software Engineering,FAC-17,Saturday,6,1.0,1,0,73.49,4,4,0,0.51,0.28,0.16,0.5,2.66
2025-07-20,15-16,CR-18,IT Building,40,CLS-10,Software Engineering,FAC-13,Sunday,35,2.0,1,0,65.2,23,16,40,0.22,0.35,0.39,1.58,7.78
2025-12-11,11-12,CR-01,Main Building,30,CLS-30,Machine Learning,FAC-02,Thursday,23,1.0,0,1,74.25,17,27,5,0.76,0.56,0.55,5.52,72.64
2025-07-23,15-16,CR-13,IT Building,40,CLS-42,Computer Networks,FAC-06,Wednesday,11,1.0,0,0,71.79,8,28,4,0.57,1.73,0.51,5.82,32.5
2025-10-27,16-17,CR-02,Main Building,50,CLS-29,Python,FAC-27,Monday,18,1.5,1,0,76.03,14,46,10,0.66,0.28,0.23,1.34,15.38
2025-11-25,12-13,CR-05,Main Building,80,CLS-43,Software Engineering,FAC-14,Tuesday,29,1.0,0,0,89.47,26,51,37,0.45,1.42,1.34,8.01,40.31
2025-07-13,14-15,CR-07,Main Building,30,CLS-36,Statistics,FAC-25,Sunday,26,3.0,0,0,80.11,21,24,20,2.24,3.37,0.62,16.79,72.5
2025-08-08,13-14,CR-12,IT Building,80,CLS-39,Machine Learning,FAC-02,Friday,55,1.0,1,0,84.02,46,42,23,0.19,0.06,0.13,1.44,11.75
2025-10-13,16-17,CR-12,IT Building,80,CLS-30,Data Science,FAC-29,Monday,48,2.0,0,0,68.42,33,63,13,1.41,0.67,0.75,10.47,50.62
2025-11-13,16-17,CR-20,Main Building,60,CLS-07,Computer Networks,FAC-03,Thursday,54,2.0,0,0,83.66,45,29,35,1.84,0.62,0.43,11.47,68.33
2025-10-03,13-14,CR-07,Main Building,30,CLS-02,Data Science,FAC-19,Friday,19,1.0,0,1,67.01,13,23,21,0.78,0.56,1.18,5.65,58.21
2025-12-20,12-13,CR-03,Main Building,40,CLS-28,Operating Systems,FAC-19,Saturday,18,2.0,1,0,90.76,16,8,11,0.71,0.3,0.47,1.38,8.37
2025-12-17,16-17,CR-20,Main Building,60,CLS-44,Machine Learning,FAC-09,Wednesday,33,3.0,0,1,78.93,26,14,4,2.47,1.83,2.56,19.01,43.71
2025-11-05,09-10,CR-16,IT Building,60,CLS-41,Data Science,FAC-17,Wednesday,29,1.0,0,0,87.37,25,43,30,0.52,0.84,0.63,6.21,49.17
2025-08-09,12-13,CR-02,Main Building,50,CLS-03,Statistics,FAC-28,Saturday,21,1.5,0,1,87.4,18,40,25,1.81,1.85,1.7,12.19,51.08
2025-10-17,08-09,CR-16,IT Building,60,CLS-43,Data Science,FAC-01,Friday,15,2.0,1,0,68.32,10,31,29,0.55,0.16,0.11,1.7,8.66
2025-06-21,15-16,CR-10,Main Building,80,CLS-14,Artificial Intelligence,FAC-15,Saturday,36,2.0,0,1,80.39,29,28,21,1.75,1.46,2.06,14.85,40.0
2025-12-27,13-14,CR-14,IT Building,80,CLS-33,Python,FAC-23,Saturday,60,2.0,0,0,97.51,59,13,0,0.91,2.11,2.17,11.82,59.38
2025-06-27,13-14,CR-18,IT Building,40,CLS-08,Data Science,FAC-25,Friday,14,1.5,0,0,84.12,12,17,18,1.63,1.33,1.28,9.65,33.12
2025-11-06,12-13,CR-16,IT Building,60,CLS-44,Python,FAC-01,Thursday,20,1.0,0,1,87.91,18,53,2,0.48,0.55,1.33,5.93,48.94
2025-11-14,15-16,CR-05,Main Building,80,CLS-20,Web Development,FAC-25,Friday,43,1.0,0,0,78.08,34,72,31,0.58,1.34,0.78,7.82,54.38
2025-07-11,12-13,CR-18,IT Building,40,CLS-31,Operating Systems,FAC-10,Friday,22,1.5,0,0,88.01,19,19,21,1.74,0.89,0.83,9.96,47.5
2025-09-21,10-11,CR-18,IT Building,40,CLS-39,Python,FAC-20,Sunday,11,3.0,1,0,79.41,9,8,26,0.96,0.18,0.19,1.89,3.83
2025-11-12,15-16,CR-10,Main Building,80,CLS-41,Machine Learning,FAC-17,Wednesday,16,3.0,0,0,96.39,15,17,9,2.71,2.3,2.02,19.68,19.38
2025-07-11,11-12,CR-01,Main Building,30,CLS-21,Statistics,FAC-16,Friday,17,1.5,0,0,66.92,11,28,26,1.47,1.91,0.88,9.98,50.83
2025-09-19,16-17,CR-06,IT Building,80,CLS-33,Operating Systems,FAC-13,Friday,38,1.5,0,0,66.1,25,56,8,0.97,2.13,0.93,9.41,40.94
2025-08-24,16-17,CR-14,IT Building,80,CLS-36,Artificial Intelligence,FAC-13,Sunday,72,2.0,0,0,84.9,61,66,24,0.72,1.54,2.34,12.17,77.81
2025-08-08,16-17,CR-16,IT Building,60,CLS-34,Data Science,FAC-22,Friday,37,1.0,0,0,94.77,35,16,14,1.43,1.84,0.25,8.66,50.42
2025-06-12,08-09,CR-02,Main Building,50,CLS-12,Artificial Intelligence,FAC-12,Thursday,26,1.5,1,0,95.82,25,28,15,0.14,0.02,0.03,1.37,8.84
2025-09-22,16-17,CR-12,IT Building,80,CLS-09,Statistics,FAC-09,Monday,56,2.0,0,0,78.28,44,48,29,0.31,1.69,1.24,9.62,56.25
2025-06-02,12-13,CR-04,Science Building,30,CLS-45,Web Development,FAC-12,Monday,7,1.0,1,0,89.98,6,10,24,0.28,0.11,0.13,1.13,3.7
2025-06-11,14-15,CR-20,Main Building,60,CLS-22,Machine Learning,FAC-28,Wednesday,16,2.0,0,1,80.56,13,34,7,1.01,1.44,1.08,9.39,33.6
2025-11-13,15-16,CR-12,IT Building,80,CLS-42,Statistics,FAC-12,Thursday,36,2.0,0,0,97.09,35,34,36,0.77,2.55,1.84,12.63,43.44
2025-10-13,09-10,CR-07,Main Building,30,CLS-16,Data Science,FAC-10,Monday,8,2.0,1,1,78.38,6,18,27,0.56,0.13,0.02,1.76,9.01
2025-06-23,09-10,CR-17,Main Building,50,CLS-01,Machine Learning,FAC-23,Monday,34,1.5,1,0,92.59,31,25,12,0.9,0.08,0.39,1.43,12.61
2025-12-30,12-13,CR-18,IT Building,40,CLS-40,Python,FAC-28,Tuesday,26,2.0,0,1,78.92,21,15,28,1.2,2.4,2.13,12.95,51.35
2025-08-06,11-12,CR-14,IT Building,80,CLS-37,Web Development,FAC-16,Wednesday,32,2.0,0,0,68.13,22,73,24,1.52,2.4,2.02,13.89,43.44
2025-11-26,16-17,CR-18,IT Building,40,CLS-38,DBMS,FAC-23,Wednesday,24,1.5,0,0,93.3,22,11,33,0.81,1.35,1.66,8.31,48.13
2025-11-18,15-16,CR-15,Main Building,30,CLS-25,Web Development,FAC-24,Tuesday,16,2.0,1,0,67.95,11,21,9,0.86,0.16,0.0,1.37,7.05
2025-12-20,14-15,CR-11,Main Building,80,CLS-11,Machine Learning,FAC-29,Saturday,60,1.5,0,0,68.05,41,15,20,1.46,0.93,1.89,11.29,43.12
2025-07-20,09-10,CR-05,Main Building,80,CLS-27,Python,FAC-12,Sunday,36,2.0,0,0,82.04,30,19,8,1.29,1.59,1.81,11.39,34.06
2025-11-08,16-17,CR-10,Main Building,80,CLS-22,Statistics,FAC-12,Saturday,50,3.0,0,0,94.05,47,53,23,1.43,0.76,1.71,14.49,60.62
2025-10-23,09-10,CR-06,IT Building,80,CLS-27,Software Engineering,FAC-03,Thursday,30,1.0,0,1,86.36,26,42,28,0.59,1.7,1.09,8.43,44.7
2025-06-28,16-17,CR-08,Main Building,30,CLS-23,Statistics,FAC-30,Saturday,15,1.0,0,0,96.74,15,28,23,0.59,1.37,0.64,6.26,60.83
2025-08-06,13-14,CR-19,Main Building,30,CLS-46,Data Science,FAC-07,Wednesday,11,3.0,0,1,89.58,10,5,30,0.38,0.66,2.48,9.32,35.66
2025-08-13,13-14,CR-11,Main Building,80,CLS-32,Machine Learning,FAC-30,Wednesday,22,3.0,0,0,85.05,19,71,17,2.18,1.2,0.76,15.41,40.0
2025-12-15,11-12,CR-11,Main Building,80,CLS-07,Web Development,FAC-20,Monday,24,2.0,0,0,96.62,23,29,31,1.58,1.48,2.05,12.86,30.62
2025-11-27,08-09,CR-05,Main Building,80,CLS-14,Machine Learning,FAC-15,Thursday,32,2.0,0,0,71.82,23,21,2,1.14,2.65,0.39,10.92,28.12
2025-09-06,08-09,CR-16,IT Building,60,CLS-25,DBMS,FAC-27,Saturday,30,1.0,0,0,72.21,22,26,26,1.37,0.68,1.04,8.45,38.33
2025-06-01,10-11,CR-13,IT Building,40,CLS-14,DBMS,FAC-24,Sunday,19,1.5,0,0,77.64,15,31,40,0.43,1.66,1.45,7.64,47.5
2025-07-16,16-17,CR-16,IT Building,60,CLS-03,Data Science,FAC-11,Wednesday,21,1.0,0,0,87.45,18,26,40,1.05,1.25,0.9,8.68,33.33
2025-12-04,11-12,CR-12,IT Building,80,CLS-07,Operating Systems,FAC-05,Thursday,57,1.0,1,0,86.61,49,76,23,0.59,0.08,0.11,1.87,7.88
2025-12-04,12-13,CR-18,IT Building,40,CLS-24,Data Science,FAC-13,Thursday,9,2.0,0,0,73.59,7,27,18,2.32,2.4,1.49,13.52,30.0
2025-11-15,15-16,CR-05,Main Building,80,CLS-11,Web Development,FAC-02,Saturday,73,1.0,1,0,94.66,69,42,2,0.89,0.06,0.4,1.63,25.61
2025-06-20,09-10,CR-08,Main Building,30,CLS-40,Python,FAC-01,Friday,14,1.0,1,1,79.74,11,23,4,0.32,0.37,0.31,0.66,18.22
2025-07-13,11-12,CR-09,Science Building,40,CLS-04,Software Engineering,FAC-16,Sunday,9,3.0,0,0,75.88,7,20,14,1.63,1.49,1.47,12.48,25.62
2025-08-25,13-14,CR-12,IT Building,80,CLS-26,DBMS,FAC-17,Monday,39,2.0,0,0,77.14,30,31,35,1.9,2.01,1.72,14.77,37.81
2025-08-06,11-12,CR-20,Main Building,60,CLS-37,Operating Systems,FAC-10,Wednesday,45,3.0,0,1,65.7,30,44,2,0.55,1.43,0.43,9.76,58.1
2025-08-28,13-14,CR-16,IT Building,60,CLS-46,DBMS,FAC-27,Thursday,24,2.0,0,0,84.89,20,48,8,2.5,0.75,2.1,13.55,45.0
2025-09-12,14-15,CR-01,Main Building,30,CLS-37,Web Development,FAC-01,Friday,15,1.0,0,0,86.22,13,4,3,1.38,0.67,0.64,6.09,35.83
2025-09-25,13-14,CR-01,Main Building,30,CLS-22,Computer Networks,FAC-22,Thursday,18,1.0,0,1,68.0,12,23,24,0.76,1.87,1.23,7.65,54.84
2025-12-09,08-09,CR-13,IT Building,40,CLS-21,Software Engineering,FAC-30,Tuesday,20,3.0,0,0,94.16,19,14,10,1.49,1.02,2.55,13.24,44.38
2025-07-22,10-11,CR-10,Main Building,80,CLS-12,Python,FAC-09,Tuesday,31,1.0,0,0,74.23,23,42,4,0.32,0.69,1.01,5.39,34.69
2025-10-25,09-10,CR-02,Main Building,50,CLS-28,Statistics,FAC-16,Saturday,16,2.0,0,0,89.0,14,22,21,1.99,2.8,1.57,13.95,32.0
2025-10-30,09-10,CR-03,Main Building,40,CLS-20,Data Science,FAC-27,Thursday,9,3.0,0,1,90.72,8,31,6,2.32,1.4,1.1,15.22,37.18
2025-07-07,11-12,CR-06,IT Building,80,CLS-36,Computer Networks,FAC-22,Monday,70,3.0,0,0,74.81,52,12,8,1.55,0.88,0.6,13.82,52.5
2025-11-10,12-13,CR-11,Main Building,80,CLS-20,Data Science,FAC-05,Monday,32,2.0,0,0,80.29,26,33,18,1.89,2.58,1.48,13.81,34.69
2025-08-01,08-09,CR-05,Main Building,80,CLS-15,Data Science,FAC-25,Friday,60,1.0,0,0,71.37,43,24,12,0.43,1.69,0.83,7.37,47.81
2025-07-04,15-16,CR-17,Main Building,50,CLS-39,Data Science,FAC-18,Friday,20,1.0,1,0,91.08,18,28,3,0.7,0.1,0.26,0.65,11.98
2025-10-04,09-10,CR-08,Main Building,30,CLS-22,DBMS,FAC-25,Saturday,11,2.0,0,0,82.9,9,7,20,2.46,2.53,2.28,14.18,28.33
2025-10-03,14-15,CR-06,IT Building,80,CLS-38,Web Development,FAC-29,Friday,63,2.0,0,0,65.98,42,64,31,0.57,0.71,0.84,10.18,59.38
2025-12-22,14-15,CR-10,Main Building,80,CLS-04,Software Engineering,FAC-25,Monday,73,3.0,0,0,81.53,60,70,37,2.73,3.79,0.7,22.69,78.12
2025-09-01,11-12,CR-13,IT Building,40,CLS-05,Web Development,FAC-01,Monday,25,1.0,0,0,93.15,23,8,38,0.85,1.18,1.23,7.73,48.12
2025-06-14,14-15,CR-08,Main Building,30,CLS-16,Computer Networks,FAC-02,Saturday,10,1.5,0,0,97.82,10,27,10,1.16,0.69,0.54,6.74,47.5
2025-09-17,15-16,CR-06,IT Building,80,CLS-27,Machine Learning,FAC-16,Wednesday,63,3.0,0,0,75.68,48,35,37,0.53,3.35,1.07,15.15,55.94
2025-07-08,12-13,CR-11,Main Building,80,CLS-39,Software Engineering,FAC-19,Tuesday,46,2.0,0,0,80.41,37,37,34,1.36,1.84,0.32,12.02,46.25
2025-12-03,10-11,CR-10,Main Building,80,CLS-13,Software Engineering,FAC-05,Wednesday,20,1.0,0,0,87.65,18,32,10,0.86,1.69,1.27,7.51,26.88
2025-07-18,10-11,CR-17,Main Building,50,CLS-15,DBMS,FAC-17,Friday,15,1.0,0,0,70.17,11,18,10,0.61,0.99,0.78,5.58,25.5
2025-07-26,13-14,CR-20,Main Building,60,CLS-02,Computer Networks,FAC-05,Saturday,43,2.0,0,1,86.63,37,54,18,0.86,0.63,1.09,9.66,76.27
2025-12-27,08-09,CR-04,Science Building,30,CLS-18,Web Development,FAC-03,Saturday,11,1.0,0,0,96.84,11,9,18,0.88,0.91,0.49,6.03,35.0
2025-07-10,12-13,CR-12,IT Building,80,CLS-25,Operating Systems,FAC-22,Thursday,17,2.0,1,1,87.92,15,40,36,0.54,0.3,0.38,2.21,12.19
2025-11-26,13-14,CR-02,Main Building,50,CLS-18,Computer Networks,FAC-30,Wednesday,20,2.0,0,0,77.93,16,19,29,1.46,2.03,0.59,11.62,33.5
2025-08-11,09-10,CR-12,IT Building,80,CLS-13,Artificial Intelligence,FAC-18,Monday,68,3.0,1,0,78.77,54,38,33,0.34,0.18,0.05,2.37,14.63
2025-11-12,13-14,CR-20,Main Building,60,CLS-06,Statistics,FAC-01,Wednesday,33,1.0,0,1,77.32,26,49,17,1.37,0.81,0.77,8.58,56.96
2025-10-02,13-14,CR-19,Main Building,30,CLS-23,Python,FAC-17,Thursday,28,1.0,0,0,75.28,21,8,7,1.23,0.58,0.5,5.9,59.17
2025-07-17,11-12,CR-01,Main Building,30,CLS-01,Operating Systems,FAC-01,Thursday,23,1.5,0,1,73.98,17,17,19,0.54,0.75,1.65,7.11,63.55
2025-10-07,12-13,CR-13,IT Building,40,CLS-44,Operating Systems,FAC-10,Tuesday,22,2.0,1,0,81.36,18,16,39,0.63,0.17,0.28,1.55,5.66
2025-10-19,11-12,CR-12,IT Building,80,CLS-42,Computer Networks,FAC-28,Sunday,39,1.0,0,0,86.52,34,29,8,0.44,1.43,1.32,6.81,40.94
2025-09-26,08-09,CR-06,IT Building,80,CLS-22,Data Science,FAC-22,Friday,59,1.0,1,0,68.97,41,25,7,0.9,0.04,0.17,1.93,14.98
2025-06-16,13-14,CR-12,IT Building,80,CLS-48,Computer Networks,FAC-06,Monday,57,1.0,0,0,68.18,39,66,26,1.25,1.96,0.48,10.26,57.19
2025-09-23,14-15,CR-17,Main Building,50,CLS-02,Statistics,FAC-27,Tuesday,26,1.0,1,0,94.54,25,43,25,0.56,0.47,0.09,1.45,11.25
2025-06-10,11-12,CR-07,Main Building,30,CLS-28,Web Development,FAC-06,Tuesday,15,3.0,0,0,77.22,12,26,4,0.77,3.36,1.91,12.02,51.67
2025-06-07,14-15,CR-11,Main Building,80,CLS-18,DBMS,FAC-05,Saturday,42,2.0,0,0,76.89,32,40,19,1.25,2.57,1.01,12.15,42.5
2025-06-16,11-12,CR-16,IT Building,60,CLS-05,Artificial Intelligence,FAC-05,Monday,57,1.0,0,0,71.75,41,11,38,1.37,0.83,1.05,9.07,55.83
2025-06-17,13-14,CR-14,IT Building,80,CLS-35,DBMS,FAC-21,Tuesday,74,1.0,0,0,94.07,70,42,4,0.29,1.74,0.76,6.86,78.75
2025-12-09,10-11,CR-06,IT Building,80,CLS-24,Data Science,FAC-24,Tuesday,71,3.0,0,0,87.95,62,68,18,0.95,0.58,2.86,14.44,79.38
2025-09-21,16-17,CR-15,Main Building,30,CLS-04,Computer Networks,FAC-15,Sunday,26,2.0,1,0,65.54,17,13,9,0.82,0.08,0.2,1.35,7.95
2025-09-14,11-12,CR-02,Main Building,50,CLS-30,Python,FAC-15,Sunday,43,1.0,1,0,93.57,40,11,2,0.5,0.18,0.33,1.32,8.69
2025-08-15,12-13,CR-17,Main Building,50,CLS-50,Python,FAC-12,Friday,35,2.0,1,0,76.27,27,15,6,0.35,0.37,0.15,1.53,6.42
2025-10-09,15-16,CR-10,Main Building,80,CLS-46,Statistics,FAC-21,Thursday,17,1.0,0,0,91.58,16,20,3,0.87,1.29,1.12,7.09,21.25
2025-11-16,08-09,CR-15,Main Building,30,CLS-11,DBMS,FAC-23,Sunday,8,2.0,0,1,81.81,7,9,0,1.19,2.99,0.58,10.29,28.7
2025-11-01,11-12,CR-01,Main Building,30,CLS-46,Computer Networks,FAC-10,Saturday,7,1.0,0,0,87.68,6,6,1,1.35,1.0,0.59,6.29,20.0
2025-09-26,08-09,CR-09,Science Building,40,CLS-44,DBMS,FAC-03,Friday,8,3.0,0,0,93.09,7,6,13,1.33,2.98,0.66,12.83,16.88
2025-06-23,13-14,CR-17,Main Building,50,CLS-33,Operating Systems,FAC-18,Monday,30,1.0,0,0,73.86,22,7,27,0.87,1.55,0.26,7.64,36.5
2025-09-22,13-14,CR-04,Science Building,30,CLS-18,Machine Learning,FAC-09,Monday,22,1.0,0,0,86.04,19,14,12,0.93,0.83,1.19,5.92,59.17
2025-06-06,13-14,CR-04,Science Building,30,CLS-18,Data Science,FAC-30,Friday,20,1.5,0,0,80.55,16,6,10,1.43,2.36,0.5,8.76,45.0
2025-12-17,11-12,CR-18,IT Building,40,CLS-25,Machine Learning,FAC-04,Wednesday,38,1.0,0,0,78.08,30,11,27,0.33,1.64,0.81,6.1,63.12
2025-07-15,15-16,CR-04,Science Building,30,CLS-17,DBMS,FAC-25,Tuesday,17,2.0,0,0,92.86,16,7,1,1.45,2.86,0.43,10.33,45.83
2025-09-09,09-10,CR-14,IT Building,80,CLS-21,Python,FAC-21,Tuesday,32,2.0,0,0,81.97,26,52,22,1.97,2.0,0.3,13.3,40.62
2025-07-26,09-10,CR-02,Main Building,50,CLS-32,DBMS,FAC-16,Saturday,14,1.0,0,0,82.89,12,35,9,1.21,1.09,0.8,6.62,35.5
2025-08-22,08-09,CR-18,IT Building,40,CLS-42,Web Development,FAC-11,Friday,34,2.0,1,0,82.65,28,25,1,0.39,0.46,0.43,1.2,18.03
2025-09-20,08-09,CR-20,Main Building,60,CLS-28,Statistics,FAC-05,Saturday,32,3.0,0,0,70.93,23,35,2,2.46,2.53,2.88,18.65,43.33
2025-06-26,08-09,CR-19,Main Building,30,CLS-48,Statistics,FAC-19,Thursday,13,3.0,0,1,72.64,9,7,30,1.59,3.92,2.52,18.23,34.97
2025-08-08,08-09,CR-01,Main Building,30,CLS-39,Statistics,FAC-22,Friday,22,1.0,0,1,90.39,20,18,30,0.68,1.3,1.01,7.21,71.24
2025-12-20,10-11,CR-06,IT Building,80,CLS-34,Software Engineering,FAC-15,Saturday,70,1.0,1,0,85.11,60,54,37,0.73,0.33,0.03,2.41,26.26
2025-08-05,10-11,CR-12,IT Building,80,CLS-17,DBMS,FAC-10,Tuesday,61,1.0,0,0,74.77,46,63,27,0.64,0.69,0.77,7.53,62.81
2025-08-06,10-11,CR-16,IT Building,60,CLS-16,Software Engineering,FAC-30,Wednesday,57,1.5,1,1,97.57,56,34,27,0.29,0.27,0.37,1.99,24.22
2025-06-22,08-09,CR-11,Main Building,80,CLS-05,Data Science,FAC-19,Sunday,56,2.0,0,0,66.29,37,30,17,0.58,1.31,1.03,9.61,44.06
2025-07-19,08-09,CR-14,IT Building,80,CLS-32,Operating Systems,FAC-16,Saturday,55,2.0,0,0,92.98,51,70,29,0.28,2.1,0.55,9.92,69.69
2025-10-08,09-10,CR-01,Main Building,30,CLS-32,Python,FAC-17,Wednesday,28,1.0,0,0,81.5,23,20,19,0.52,1.45,0.45,5.84,74.17
2025-12-20,11-12,CR-12,IT Building,80,CLS-06,DBMS,FAC-07,Saturday,63,3.0,0,0,71.27,45,70,36,1.97,3.97,2.7,22.33,64.06
2025-07-16,08-09,CR-18,IT Building,40,CLS-12,DBMS,FAC-26,Wednesday,21,1.5,0,0,97.95,21,16,1,1.21,1.34,1.84,8.97,49.38
2025-06-22,15-16,CR-05,Main Building,80,CLS-38,Artificial Intelligence,FAC-24,Sunday,23,2.0,0,0,72.73,17,63,3,0.47,2.09,0.47,8.1,35.62
2025-11-22,16-17,CR-14,IT Building,80,CLS-38,Computer Networks,FAC-25,Saturday,23,1.0,0,1,83.07,19,46,0,1.49,0.83,0.72,8.15,38.23
2025-11-07,08-09,CR-19,Main Building,30,CLS-12,Operating Systems,FAC-13,Friday,21,1.0,0,0,69.36,15,28,16,1.01,1.59,0.85,7.05,60.83
2025-09-15,11-12,CR-07,Main Building,30,CLS-14,Statistics,FAC-20,Monday,26,1.0,0,0,82.79,22,16,22,0.46,1.11,0.79,5.22,68.33
2025-09-12,15-16,CR-14,IT Building,80,CLS-01,Artificial Intelligence,FAC-12,Friday,17,2.0,1,0,97.43,17,16,21,0.85,0.37,0.44,2.2,7.32
2025-06-13,08-09,CR-18,IT Building,40,CLS-14,Python,FAC-14,Friday,28,2.0,0,0,66.8,19,9,37,1.28,2.37,1.56,12.12,41.25
2025-12-12,16-17,CR-02,Main Building,50,CLS-23,Artificial Intelligence,FAC-29,Friday,37,1.0,0,0,70.78,26,44,36,0.68,0.98,0.58,7.05,61.0
2025-12-09,12-13,CR-03,Main Building,40,CLS-09,Web Development,FAC-07,Tuesday,21,1.0,0,0,93.21,20,29,0,1.18,1.75,1.35,6.85,55.62
2025-11-26,10-11,CR-20,Main Building,60,CLS-41,Statistics,FAC-20,Wednesday,14,1.5,0,0,78.73,11,46,7,0.86,0.62,1.88,7.57,32.92
2025-12-13,16-17,CR-04,Science Building,30,CLS-48,Web Development,FAC-20,Saturday,23,1.0,0,0,77.48,18,20,8,1.44,1.13,1.27,7.44,61.67
2025-11-04,08-09,CR-08,Main Building,30,CLS-09,Machine Learning,FAC-15,Tuesday,20,1.0,0,0,74.33,15,7,24,0.62,1.39,1.5,6.71,43.33
2025-10-01,14-15,CR-15,Main Building,30,CLS-22,Artificial Intelligence,FAC-01,Wednesday,28,2.0,0,0,90.95,25,10,26,2.04,1.59,1.12,12.25,70.83
2025-10-05,13-14,CR-07,Main Building,30,CLS-48,Machine Learning,FAC-11,Sunday,20,1.0,1,0,71.33,14,9,19,0.96,0.48,0.37,1.17,8.36
2025-12-01,16-17,CR-08,Main Building,30,CLS-36,Computer Networks,FAC-02,Monday,12,2.0,0,0,97.62,12,17,15,0.4,2.61,1.05,7.66,44.17
2025-08-14,16-17,CR-14,IT Building,80,CLS-29,Artificial Intelligence,FAC-29,Thursday,41,1.5,0,0,78.82,32,53,4,1.71,0.68,0.87,10.04,46.56
2025-08-20,11-12,CR-09,Science Building,40,CLS-43,Operating Systems,FAC-10,Wednesday,14,2.0,0,0,89.91,13,6,33,1.95,0.65,0.71,11.1,28.12
2025-06-27,10-11,CR-02,Main Building,50,CLS-30,Software Engineering,FAC-02,Friday,11,1.0,0,1,81.21,9,12,0,0.71,1.12,1.23,6.6,22.19
2025-08-03,10-11,CR-01,Main Building,30,CLS-33,Data Science,FAC-28,Sunday,13,1.0,0,0,69.78,9,4,19,0.94,1.52,0.54,6.38,25.83
2025-11-23,08-09,CR-19,Main Building,30,CLS-30,Artificial Intelligence,FAC-16,Sunday,28,2.0,0,0,81.91,23,7,28,2.3,1.78,0.6,13.16,63.33
2025-09-11,14-15,CR-03,Main Building,40,CLS-37,Python,FAC-16,Thursday,36,1.5,0,0,65.89,24,23,38,0.41,0.81,0.49,7.21,59.38
2025-06-13,12-13,CR-08,Main Building,30,CLS-38,Web Development,FAC-24,Friday,27,2.0,0,0,73.56,20,17,30,1.27,1.43,2.25,11.2,64.17
2025-11-13,10-11,CR-05,Main Building,80,CLS-45,Data Science,FAC-15,Thursday,60,3.0,0,0,82.39,49,67,6,0.5,2.12,2.51,13.26,66.88
2025-06-05,13-14,CR-09,Science Building,40,CLS-50,Python,FAC-06,Thursday,31,1.5,0,0,71.41,22,25,26,0.41,1.16,0.93,6.62,56.88
2025-08-31,13-14,CR-19,Main Building,30,CLS-10,Machine Learning,FAC-23,Sunday,22,2.0,0,0,73.28,16,21,16,1.79,1.46,1.67,11.16,57.5
2025-12-24,14-15,CR-09,Science Building,40,CLS-40,Statistics,FAC-29,Wednesday,14,3.0,0,1,82.7,12,34,17,1.76,1.37,1.68,14.6,47.86
2025-11-03,09-10,CR-18,IT Building,40,CLS-03,Data Science,FAC-08,Monday,25,1.0,0,0,83.9,21,32,5,0.48,0.88,0.52,4.8,59.38
2025-12-18,12-13,CR-10,Main Building,80,CLS-17,DBMS,FAC-24,Thursday,61,3.0,0,0,67.33,41,41,24,1.21,3.93,1.22,18.03,51.25
2025-12-15,08-09,CR-20,Main Building,60,CLS-04,Software Engineering,FAC-11,Monday,40,1.0,0,0,86.4,35,47,19,1.44,1.79,1.24,9.3,63.33
2025-09-22,14-15,CR-07,Main Building,30,CLS-07,Software Engineering,FAC-23,Monday,12,2.0,0,0,96.4,12,26,18,0.77,2.04,2.25,9.4,51.67
2025-06-05,08-09,CR-06,IT Building,80,CLS-19,Statistics,FAC-06,Thursday,57,1.5,0,0,68.31,39,32,12,1.02,2.45,0.91,10.59,46.56
2025-08-15,14-15,CR-03,Main Building,40,CLS-21,Machine Learning,FAC-26,Friday,36,1.0,0,0,89.41,32,37,25,0.29,1.54,1.42,6.39,83.12
2025-12-06,08-09,CR-17,Main Building,50,CLS-39,Computer Networks,FAC-02,Saturday,15,1.0,0,0,65.92,10,27,32,1.37,1.58,0.38,8.33,28.5
2025-11-07,15-16,CR-17,Main Building,50,CLS-44,Data Science,FAC-23,Friday,29,1.0,1,0,66.8,19,33,23,0.8,0.4,0.06,1.72,11.96
2025-12-11,11-12,CR-18,IT Building,40,CLS-22,Web Development,FAC-23,Thursday,28,1.0,1,0,82.34,23,24,40,0.96,0.24,0.34,1.48,11.68
2025-11-24,11-12,CR-19,Main Building,30,CLS-36,Computer Networks,FAC-07,Monday,22,1.0,1,0,81.82,18,16,30,0.94,0.2,0.11,1.64,23.16
2025-11-02,08-09,CR-17,Main Building,50,CLS-08,Web Development,FAC-10,Sunday,43,1.5,0,0,81.43,35,45,25,0.87,1.59,0.48,8.41,75.0
2025-12-21,13-14,CR-08,Main Building,30,CLS-12,Software Engineering,FAC-23,Sunday,13,3.0,0,0,65.18,8,25,29,1.02,2.62,2.21,13.68,40.83
2025-07-22,08-09,CR-16,IT Building,60,CLS-02,Operating Systems,FAC-29,Tuesday,50,3.0,0,1,67.46,34,11,18,0.41,0.94,1.48,10.83,53.32
2025-11-26,15-16,CR-17,Main Building,50,CLS-28,Python,FAC-03,Wednesday,32,1.0,0,0,71.97,23,22,17,0.61,1.47,0.7,6.04,45.5
2025-12-25,13-14,CR-03,Main Building,40,CLS-12,Statistics,FAC-17,Thursday,12,2.0,1,0,70.58,8,28,17,0.07,0.12,0.03,1.37,10.6
2025-10-09,11-12,CR-07,Main Building,30,CLS-50,Operating Systems,FAC-18,Thursday,22,1.0,0,0,85.41,19,28,28,1.24,1.01,0.73,7.16,70.83
2025-11-29,12-13,CR-05,Main Building,80,CLS-23,Python,FAC-15,Saturday,67,1.0,0,1,68.93,46,29,2,0.88,1.47,1.0,9.0,59.11
2025-10-31,13-14,CR-02,Main Building,50,CLS-42,Python,FAC-15,Friday,42,1.5,0,0,88.56,37,28,21,0.35,1.36,0.67,7.1,69.5
2025-06-01,08-09,CR-11,Main Building,80,CLS-13,Artificial Intelligence,FAC-16,Sunday,66,3.0,1,0,74.28,49,19,14,0.1,0.13,0.05,2.05,11.3
2025-09-24,11-12,CR-07,Main Building,30,CLS-25,Machine Learning,FAC-09,Wednesday,11,1.0,0,0,75.64,8,6,11,0.92,1.96,0.75,6.43,25.0
2025-12-13,09-10,CR-14,IT Building,80,CLS-48,DBMS,FAC-05,Saturday,55,1.0,0,0,70.71,39,20,17,0.49,1.64,0.33,7.25,42.81
2025-10-09,10-11,CR-09,Science Building,40,CLS-42,DBMS,FAC-14,Thursday,17,2.0,0,0,97.91,17,34,33,1.43,1.86,1.05,11.08,53.12
2025-07-12,15-16,CR-12,IT Building,80,CLS-48,Operating Systems,FAC-16,Saturday,28,1.0,0,0,75.86,21,45,25,0.58,1.89,0.61,8.22,33.75
2025-06-08,09-10,CR-16,IT Building,60,CLS-43,Web Development,FAC-25,Sunday,17,2.0,0,0,79.4,13,10,3,1.04,0.72,0.67,8.12,20.42
2025-06-16,10-11,CR-11,Main Building,80,CLS-27,Software Engineering,FAC-26,Monday,28,3.0,1,0,78.42,22,66,8,0.78,0.35,0.1,2.03,9.65
2025-08-03,16-17,CR-16,IT Building,60,CLS-31,Operating Systems,FAC-13,Sunday,33,1.0,0,0,83.58,28,23,19,1.18,1.45,1.0,8.08,44.58
2025-09-29,09-10,CR-10,Main Building,80,CLS-23,Machine Learning,FAC-29,Monday,28,1.5,0,0,83.87,23,28,34,0.67,2.18,1.09,10.1,30.31
2025-11-13,10-11,CR-14,IT Building,80,CLS-23,Computer Networks,FAC-11,Thursday,27,2.0,0,0,86.22,23,73,23,2.04,2.74,1.9,15.4,44.38
2025-09-08,10-11,CR-15,Main Building,30,CLS-24,Web Development,FAC-11,Monday,27,3.0,0,0,85.41,23,11,24,1.93,3.72,0.93,16.57,66.67
2025-08-18,16-17,CR-19,Main Building,30,CLS-16,Statistics,FAC-15,Monday,17,2.0,0,0,72.91,12,11,12,1.4,2.38,1.26,10.33,39.17
2025-11-16,12-13,CR-06,IT Building,80,CLS-12,Python,FAC-28,Sunday,53,1.0,0,0,85.14,45,54,16,1.28,0.77,1.12,9.35,59.06
2025-08-06,15-16,CR-13,IT Building,40,CLS-23,Software Engineering,FAC-29,Wednesday,30,2.0,0,1,90.99,27,6,4,1.26,1.31,0.28,9.12,62.04
2025-12-04,15-16,CR-13,IT Building,40,CLS-50,Statistics,FAC-06,Thursday,34,1.5,0,0,76.79,26,21,32,0.84,1.5,1.48,9.12,61.88
2025-10-17,13-14,CR-05,Main Building,80,CLS-34,Operating Systems,FAC-03,Friday,70,1.0,1,1,90.47,63,41,17,0.39,0.33,0.36,1.58,22.91
2025-08-08,11-12,CR-01,Main Building,30,CLS-09,Statistics,FAC-20,Friday,28,2.0,0,0,94.52,26,21,10,1.77,2.12,0.38,10.71,82.5
2025-08-19,12-13,CR-06,IT Building,80,CLS-18,Python,FAC-05,Tuesday,55,3.0,0,1,91.99,51,12,19,1.81,3.47,2.93,21.85,57.76
2025-10-10,16-17,CR-13,IT Building,40,CLS-45,Statistics,FAC-23,Friday,38,2.0,1,1,66.26,25,8,34,0.77,0.06,0.21,1.63,12.8
2025-08-05,10-11,CR-16,IT Building,60,CLS-11,Web Development,FAC-15,Tuesday,41,1.0,0,0,91.98,38,37,35,1.12,0.51,0.75,8.01,62.92
2025-09-25,11-12,CR-16,IT Building,60,CLS-35,Machine Learning,FAC-11,Thursday,38,1.0,0,0,96.98,37,13,31,1.07,0.84,0.69,7.84,51.67
2025-07-25,14-15,CR-16,IT Building,60,CLS-06,DBMS,FAC-24,Friday,45,2.0,0,0,97.23,44,13,18,0.75,1.9,1.15,10.12,60.42
2025-06-06,11-12,CR-03,Main Building,40,CLS-37,Machine Learning,FAC-13,Friday,21,1.5,1,0,76.25,16,33,10,0.66,0.27,0.14,1.41,9.78
2025-11-20,14-15,CR-20,Main Building,60,CLS-47,Software Engineering,FAC-17,Thursday,48,2.0,1,0,73.97,36,39,25,0.54,0.08,0.41,1.65,9.29
2025-12-06,09-10,CR-17,Main Building,50,CLS-09,Data Science,FAC-10,Saturday,39,2.0,1,0,80.7,31,15,16,0.4,0.36,0.48,1.53,13.4
2025-11-14,16-17,CR-14,IT Building,80,CLS-29,Python,FAC-22,Friday,45,1.0,0,0,89.87,40,23,40,0.47,1.9,0.74,7.77,44.69
2025-08-08,16-17,CR-19,Main Building,30,CLS-23,Operating Systems,FAC-20,Friday,10,1.0,0,1,74.26,7,15,22,1.37,1.0,0.97,7.67,33.04
